customer_id,tenure_months,monthly_charges,total_charges,support_tickets,senior_citizen,missingindicator_tenure_months,missingindicator_monthly_charges,missingindicator_total_charges,missingindicator_support_tickets,contract_Month-to-month,contract_One year,contract_Two year,internet_service_DSL,internet_service_Fiber optic,internet_service_No,payment_method_Bank transfer,payment_method_Credit card,payment_method_Electronic check,payment_method_Mailed check,paperless_billing_No,paperless_billing_Yes,partner_No,partner_Yes,dependents_No,dependents_Yes,churn
C000001,-0.06949237666917607,-0.25176535818035856,-0.1502622149449134,1.953797735270828,-0.46410667241066167,-0.21139890034421666,-0.2128289624261387,-0.20705964456619616,-0.2280709641734485,1.0,0.0,0.0,1.0,0.0,0.0,1.0,0.0,0.0,0.0,0.0,1.0,1.0,0.0,1.0,0.0,0
C000002,0.9274446725932636,1.046003611708584,1.764033413808326,0.9760841062779199,-0.46410667241066167,-0.21139890034421666,-0.2128289624261387,-0.20705964456619616,-0.2280709641734485,0.0,1.0,0.0,0.0,1.0,0.0,0.0,0.0,1.0,0.0,1.0,0.0,1.0,0.0,1.0,0.0,0
C000003,-0.5386392233809124,-1.490502237742223,-1.0656493418533368,-0.0016295227149882177,2.1546770590601567,-0.21139890034421666,-0.2128289624261387,-0.20705964456619616,-0.2280709641734485,1.0,0.0,0.0,0.0,0.0,1.0,0.0,1.0,0.0,0.0,0.0,1.0,0.0,1.0,1.0,0.0,0
C000004,1.924381721855703,-1.393052437837205,-0.06558020091266535,-0.0016295227149882177,2.1546770590601567,-0.21139890034421666,-0.2128289624261387,-0.20705964456619616,4.384600221356971,1.0,0.0,0.0,0.0,0.0,1.0,1.0,0.0,0.0,0.0,0.0,1.0,1.0,0.0,1.0,0.0,0
C000005,0.5755845375594614,0.7292917620172756,1.0580002838119944,0.9760841062779199,-0.46410667241066167,-0.21139890034421666,-0.2128289624261387,-0.20705964456619616,-0.2280709641734485,1.0,0.0,0.0,0.0,1.0,0.0,0.0,1.0,0.0,0.0,1.0,0.0,1.0,0.0,1.0,0.0,1
C000006,-0.7145692908978135,0.5250219891394493,-0.3201470426037038,-0.0016295227149882177,2.1546770590601567,-0.21139890034421666,-0.2128289624261387,-0.20705964456619616,-0.2280709641734485,0.0,1.0,0.0,0.0,1.0,0.0,0.0,1.0,0.0,0.0,0.0,1.0,0.0,1.0,0.0,1.0,0
C000007,0.047794335008758,1.4723464862930384,1.0104140808819064,-0.9793431517078963,-0.46410667241066167,-0.21139890034421666,-0.2128289624261387,-0.20705964456619616,-0.2280709641734485,1.0,0.0,0.0,0.0,1.0,0.0,0.0,1.0,0.0,0.0,0.0,1.0,1.0,0.0,1.0,0.0,0
C000008,-0.30406580002504424,-0.2836239466108452,-0.23205007123172608,-0.9793431517078963,-0.46410667241066167,-0.21139890034421666,-0.2128289624261387,-0.20705964456619616,-0.2280709641734485,1.0,0.0,0.0,1.0,0.0,0.0,0.0,0.0,1.0,0.0,0.0,1.0,1.0,0.0,1.0,0.0,0
C000009,-0.8318560025757475,0.9255968877874802,-0.20743857040421984,1.953797735270828,-0.46410667241066167,-0.21139890034421666,-0.2128289624261387,-0.20705964456619616,-0.2280709641734485,0.0,1.0,0.0,0.0,1.0,0.0,0.0,0.0,1.0,0.0,1.0,0.0,1.0,0.0,1.0,0.0,1
C000010,-0.9491427142536816,1.7937434225182423,-0.16238196550356143,0.9760841062779199,2.1546770590601567,-0.21139890034421666,-0.2128289624261387,-0.20705964456619616,-0.2280709641734485,1.0,0.0,0.0,0.0,1.0,0.0,1.0,0.0,0.0,0.0,0.0,1.0,1.0,0.0,0.0,1.0,1
C000011,1.3379481634660328,-1.1681682842102399,-0.16498596347503278,-0.9793431517078963,-0.46410667241066167,-0.21139890034421666,-0.2128289624261387,-0.20705964456619616,-0.2280709641734485,0.0,0.0,1.0,0.0,0.0,1.0,1.0,0.0,0.0,0.0,1.0,0.0,0.0,1.0,1.0,0.0,0
C000012,-0.06949237666917607,-0.42464505128108765,-0.23905854577208616,0.9760841062779199,-0.46410667241066167,-0.21139890034421666,-0.2128289624261387,-0.20705964456619616,-0.2280709641734485,0.0,0.0,1.0,1.0,0.0,0.0,0.0,0.0,0.0,1.0,1.0,0.0,1.0,0.0,1.0,0.0,1
C000013,-0.010849020830209034,-2.0091413170444103,-1.300448118943806,-0.9793431517078963,2.1546770590601567,4.730393575234874,-0.2128289624261387,-0.20705964456619616,-0.2280709641734485,0.0,1.0,0.0,0.0,0.0,1.0,1.0,0.0,0.0,0.0,0.0,1.0,1.0,0.0,0.0,1.0,0
C000014,-1.1837161376095497,-0.4274561032014248,-0.9856694041581456,-0.0016295227149882177,-0.46410667241066167,-0.21139890034421666,-0.2128289624261387,-0.20705964456619616,-0.2280709641734485,0.0,1.0,0.0,0.0,1.0,0.0,0.0,0.0,0.0,1.0,0.0,1.0,0.0,1.0,1.0,0.0,0
C000015,1.3965915193049998,0.09211999340754196,1.1893757014698256,-0.9793431517078963,-0.46410667241066167,-0.21139890034421666,-0.2128289624261387,-0.20705964456619616,-0.2280709641734485,1.0,0.0,0.0,0.0,1.0,0.0,1.0,0.0,0.0,0.0,0.0,1.0,0.0,1.0,1.0,0.0,0
C000016,-1.652862984321286,0.09821060590160537,-1.1882083663791867,1.953797735270828,-0.46410667241066167,-0.21139890034421666,-0.2128289624261387,-0.20705964456619616,-0.2280709641734485,0.0,0.0,1.0,1.0,0.0,0.0,1.0,0.0,0.0,0.0,0.0,1.0,1.0,0.0,1.0,0.0,0
C000017,-1.2423594934485167,1.153292093334782,-0.6243237656483736,-0.0016295227149882177,2.1546770590601567,-0.21139890034421666,-0.2128289624261387,-0.20705964456619616,-0.2280709641734485,1.0,0.0,0.0,0.0,1.0,0.0,0.0,1.0,0.0,0.0,0.0,1.0,1.0,0.0,1.0,0.0,1
C000018,1.4552348751439668,-2.0091413170444103,-0.8590853427678216,1.953797735270828,-0.46410667241066167,-0.21139890034421666,-0.2128289624261387,-0.20705964456619616,-0.2280709641734485,1.0,0.0,0.0,0.0,0.0,1.0,0.0,0.0,0.0,1.0,1.0,0.0,0.0,1.0,1.0,0.0,0
C000019,-0.42135251170297827,0.3910285142700495,-0.06406988208921183,-0.0016295227149882177,2.1546770590601567,-0.21139890034421666,-0.2128289624261387,-0.20705964456619616,4.384600221356971,1.0,0.0,0.0,0.0,1.0,0.0,0.0,0.0,1.0,0.0,0.0,1.0,1.0,0.0,1.0,0.0,1
C000020,1.1620180959491317,0.7780166619697843,1.5824603552547318,-0.0016295227149882177,-0.46410667241066167,-0.21139890034421666,-0.2128289624261387,-0.20705964456619616,-0.2280709641734485,1.0,0.0,0.0,0.0,1.0,0.0,0.0,0.0,1.0,0.0,1.0,0.0,1.0,0.0,0.0,1.0,0
C000021,0.6928712492373954,-0.1590006448092354,0.4238523778166801,0.9760841062779199,-0.46410667241066167,-0.21139890034421666,-0.2128289624261387,-0.20705964456619616,-0.2280709641734485,1.0,0.0,0.0,1.0,0.0,0.0,1.0,0.0,0.0,0.0,0.0,1.0,1.0,0.0,1.0,0.0,1
C000022,-0.9491427142536816,1.258238031694032,-0.34701286167508383,-0.0016295227149882177,2.1546770590601567,-0.21139890034421666,-0.2128289624261387,-0.20705964456619616,-0.2280709641734485,1.0,0.0,0.0,0.0,1.0,0.0,1.0,0.0,0.0,0.0,1.0,0.0,1.0,0.0,1.0,0.0,0
C000023,1.924381721855703,0.4280406978878204,1.9799569256027298,-0.9793431517078963,-0.46410667241066167,-0.21139890034421666,-0.2128289624261387,-0.20705964456619616,-0.2280709641734485,0.0,1.0,0.0,0.0,1.0,0.0,0.0,0.0,0.0,1.0,0.0,1.0,1.0,0.0,0.0,1.0,0
C000024,-0.1281357325081431,0.9415261820027238,0.39359392138818305,-0.9793431517078963,-0.46410667241066167,-0.21139890034421666,-0.2128289624261387,-0.20705964456619616,-0.2280709641734485,1.0,0.0,0.0,0.0,1.0,0.0,0.0,0.0,0.0,1.0,0.0,1.0,0.0,1.0,0.0,1.0,1
C000025,0.5755845375594614,1.041318525174689,1.183081466373069,-0.9793431517078963,-0.46410667241066167,-0.21139890034421666,-0.2128289624261387,-0.20705964456619616,-0.2280709641734485,1.0,0.0,0.0,0.0,1.0,0.0,1.0,0.0,0.0,0.0,0.0,1.0,1.0,0.0,0.0,1.0,0
C000026,0.16508104668669207,0.2893621364845257,0.31643374149638503,-0.0016295227149882177,-0.46410667241066167,-0.21139890034421666,-0.2128289624261387,-0.20705964456619616,-0.2280709641734485,1.0,0.0,0.0,1.0,0.0,0.0,0.0,0.0,0.0,1.0,0.0,1.0,1.0,0.0,1.0,0.0,0
C000027,1.748451654338802,-0.741825409625786,0.573492981245832,-0.9793431517078963,-0.46410667241066167,-0.21139890034421666,-0.2128289624261387,-0.20705964456619616,-0.2280709641734485,1.0,0.0,0.0,1.0,0.0,0.0,0.0,0.0,1.0,0.0,0.0,1.0,1.0,0.0,1.0,0.0,0
C000028,0.6928712492373954,0.8028476205994284,1.1947994572446903,0.9760841062779199,-0.46410667241066167,-0.21139890034421666,-0.2128289624261387,-0.20705964456619616,-0.2280709641734485,0.0,1.0,0.0,0.0,1.0,0.0,0.0,1.0,0.0,0.0,1.0,0.0,0.0,1.0,1.0,0.0,0
C000029,0.6928712492373954,1.3336679248897432,1.5328058339358748,-0.0016295227149882177,2.1546770590601567,-0.21139890034421666,-0.2128289624261387,-0.20705964456619616,4.384600221356971,1.0,0.0,0.0,0.0,1.0,0.0,0.0,0.0,1.0,0.0,1.0,0.0,1.0,0.0,1.0,0.0,0
C000030,-0.010849020830209034,-0.05920830163726997,1.332275670149969,-0.9793431517078963,-0.46410667241066167,4.730393575234874,-0.2128289624261387,-0.20705964456619616,-0.2280709641734485,1.0,0.0,0.0,0.0,1.0,0.0,1.0,0.0,0.0,0.0,0.0,1.0,0.0,1.0,0.0,1.0,0
C000031,1.572521586821901,0.9401206560425551,2.257669589263047,-0.9793431517078963,-0.46410667241066167,-0.21139890034421666,-0.2128289624261387,-0.20705964456619616,-0.2280709641734485,1.0,0.0,0.0,0.0,1.0,0.0,0.0,1.0,0.0,0.0,0.0,1.0,0.0,1.0,0.0,1.0,1
C000032,-1.711506340160253,-0.30798639658709953,-1.4094961139948217,-0.0016295227149882177,-0.46410667241066167,-0.21139890034421666,-0.2128289624261387,-0.20705964456619616,-0.2280709641734485,0.0,0.0,1.0,1.0,0.0,0.0,0.0,1.0,0.0,0.0,0.0,1.0,1.0,0.0,1.0,0.0,0
C000033,0.9860880284322305,-0.8369326662638563,-0.05093085232458795,0.9760841062779199,-0.46410667241066167,-0.21139890034421666,-0.2128289624261387,-0.20705964456619616,-0.2280709641734485,0.0,1.0,0.0,1.0,0.0,0.0,0.0,0.0,1.0,0.0,1.0,0.0,0.0,1.0,1.0,0.0,0
C000034,1.3379481634660328,0.5892076746538117,1.6116995324772523,1.953797735270828,-0.46410667241066167,-0.21139890034421666,-0.2128289624261387,-0.20705964456619616,-0.2280709641734485,0.0,1.0,0.0,0.0,1.0,0.0,0.0,0.0,0.0,1.0,0.0,1.0,1.0,0.0,0.0,1.0,1
C000035,0.9860880284322305,1.055842293429764,1.7048408199196805,-0.0016295227149882177,-0.46410667241066167,-0.21139890034421666,-0.2128289624261387,-0.20705964456619616,-0.2280709641734485,1.0,0.0,0.0,0.0,1.0,0.0,0.0,1.0,0.0,0.0,0.0,1.0,1.0,0.0,0.0,1.0,0
C000036,-0.8318560025757475,-0.32485270810912187,-0.7970283511105574,-0.0016295227149882177,-0.46410667241066167,-0.21139890034421666,-0.2128289624261387,-0.20705964456619616,-0.2280709641734485,0.0,0.0,1.0,1.0,0.0,0.0,0.0,0.0,1.0,0.0,0.0,1.0,0.0,1.0,0.0,1.0,0
C000037,-0.7732126467367805,-0.9592134247985188,-0.960976063394393,-0.9793431517078963,-0.46410667241066167,-0.21139890034421666,-0.2128289624261387,-0.20705964456619616,-0.2280709641734485,0.0,1.0,0.0,1.0,0.0,0.0,0.0,0.0,1.0,0.0,0.0,1.0,0.0,1.0,1.0,0.0,0
C000038,-1.652862984321286,-0.32578972541590107,-1.229455694247293,-0.0016295227149882177,-0.46410667241066167,-0.21139890034421666,-0.2128289624261387,-0.20705964456619616,-0.2280709641734485,1.0,0.0,0.0,1.0,0.0,0.0,1.0,0.0,0.0,0.0,0.0,1.0,0.0,1.0,0.0,1.0,0
C000039,1.2206614517880987,-0.49117328006239813,0.4327282909022952,-0.0016295227149882177,-0.46410667241066167,-0.21139890034421666,-0.2128289624261387,-0.20705964456619616,-0.2280709641734485,0.0,0.0,1.0,1.0,0.0,0.0,1.0,0.0,0.0,0.0,0.0,1.0,1.0,0.0,1.0,0.0,0
C000040,1.4552348751439668,0.4303832411547678,1.5779145187959627,-0.9793431517078963,-0.46410667241066167,-0.21139890034421666,-0.2128289624261387,-0.20705964456619616,-0.2280709641734485,1.0,0.0,0.0,0.0,1.0,0.0,1.0,0.0,0.0,0.0,0.0,1.0,1.0,0.0,1.0,0.0,0
C000041,0.10643769084772503,0.26312565189471304,0.381868490522358,1.953797735270828,-0.46410667241066167,-0.21139890034421666,-0.2128289624261387,-0.20705964456619616,-0.2280709641734485,0.0,1.0,0.0,0.0,1.0,0.0,0.0,0.0,1.0,0.0,1.0,0.0,0.0,1.0,1.0,0.0,0
C000042,1.689808298499835,1.7454870312191229,3.17464887493117,1.953797735270828,-0.46410667241066167,-0.21139890034421666,-0.2128289624261387,-0.20705964456619616,-0.2280709641734485,1.0,0.0,0.0,0.0,1.0,0.0,0.0,0.0,1.0,0.0,1.0,0.0,0.0,1.0,1.0,0.0,0
C000043,-0.8904993584147146,-0.11636635735079014,-0.6389507942538384,0.9760841062779199,-0.46410667241066167,-0.21139890034421666,-0.2128289624261387,-0.20705964456619616,-0.2280709641734485,1.0,0.0,0.0,1.0,0.0,0.0,0.0,1.0,0.0,0.0,0.0,1.0,0.0,1.0,1.0,0.0,0
C000044,0.5169411817204943,1.2826004816702872,1.3998977774719779,-0.9793431517078963,-0.46410667241066167,-0.21139890034421666,-0.2128289624261387,-0.20705964456619616,-0.2280709641734485,0.0,1.0,0.0,0.0,1.0,0.0,0.0,0.0,1.0,0.0,0.0,1.0,1.0,0.0,1.0,0.0,1
C000045,0.5169411817204943,0.023249221359284034,0.35219779363599296,-0.0016295227149882177,-0.46410667241066167,-0.21139890034421666,-0.2128289624261387,-0.20705964456619616,-0.2280709641734485,1.0,0.0,0.0,0.0,1.0,0.0,1.0,0.0,0.0,0.0,1.0,0.0,1.0,0.0,0.0,1.0,0
C000046,-1.3596462051264508,0.6229402976978571,-0.9149001792877588,-0.9793431517078963,2.1546770590601567,-0.21139890034421666,-0.2128289624261387,-0.20705964456619616,-0.2280709641734485,1.0,0.0,0.0,1.0,0.0,0.0,0.0,0.0,0.0,1.0,0.0,1.0,1.0,0.0,1.0,0.0,1
C000047,-0.010849020830209034,0.34277212297092985,0.28346712717755784,0.9760841062779199,2.1546770590601567,-0.21139890034421666,-0.2128289624261387,-0.20705964456619616,-0.2280709641734485,0.0,1.0,0.0,0.0,1.0,0.0,0.0,1.0,0.0,0.0,0.0,1.0,0.0,1.0,1.0,0.0,0
C000048,-0.9491427142536816,0.25047591825319643,-0.6240633658512265,-0.0016295227149882177,-0.46410667241066167,-0.21139890034421666,-0.2128289624261387,-0.20705964456619616,-0.2280709641734485,1.0,0.0,0.0,0.0,1.0,0.0,0.0,0.0,1.0,0.0,0.0,1.0,1.0,0.0,1.0,0.0,1
C000049,0.047794335008758,-0.21381615725580813,-0.08098842890957153,-0.9793431517078963,-0.46410667241066167,-0.21139890034421666,-0.2128289624261387,-0.20705964456619616,-0.2280709641734485,0.0,1.0,0.0,1.0,0.0,0.0,0.0,0.0,0.0,1.0,1.0,0.0,0.0,1.0,1.0,0.0,0
C000050,1.2206614517880987,-0.08638180353386148,0.8326205393840476,-0.9793431517078963,2.1546770590601567,-0.21139890034421666,-0.2128289624261387,-0.20705964456619616,-0.2280709641734485,1.0,0.0,0.0,1.0,0.0,0.0,0.0,0.0,0.0,1.0,1.0,0.0,1.0,0.0,0.0,1.0,0
C000051,1.4552348751439668,-0.9690521065196982,0.13783668062447205,0.9760841062779199,-0.46410667241066167,-0.21139890034421666,-0.2128289624261387,-0.20705964456619616,-0.2280709641734485,0.0,1.0,0.0,1.0,0.0,0.0,0.0,1.0,0.0,0.0,0.0,1.0,0.0,1.0,1.0,0.0,0
C000052,-0.9491427142536816,-0.29439964563880383,-0.754240944442181,-0.0016295227149882177,-0.46410667241066167,-0.21139890034421666,-0.2128289624261387,-0.20705964456619616,-0.2280709641734485,1.0,0.0,0.0,0.0,1.0,0.0,1.0,0.0,0.0,0.0,0.0,1.0,0.0,1.0,0.0,1.0,0
C000053,-0.7145692908978135,0.026060273279620867,-0.5008347418469982,-0.0016295227149882177,2.1546770590601567,-0.21139890034421666,-0.2128289624261387,-0.20705964456619616,-0.2280709641734485,1.0,0.0,0.0,1.0,0.0,0.0,0.0,0.0,1.0,0.0,1.0,0.0,0.0,1.0,0.0,1.0,1
C000054,1.0447313842711976,0.8735924272612446,1.7386407135893782,-0.0016295227149882177,-0.46410667241066167,-0.21139890034421666,-0.2128289624261387,-0.20705964456619616,-0.2280709641734485,1.0,0.0,0.0,0.0,1.0,0.0,1.0,0.0,0.0,0.0,0.0,1.0,0.0,1.0,1.0,0.0,0
C000055,-1.652862984321286,1.0694290443780594,-1.1480919176301196,0.9760841062779199,-0.46410667241066167,-0.21139890034421666,-0.2128289624261387,-0.20705964456619616,-0.2280709641734485,1.0,0.0,0.0,0.0,1.0,0.0,0.0,0.0,1.0,0.0,1.0,0.0,1.0,0.0,1.0,0.0,0
C000056,1.513878230982934,-0.9713946497866459,0.22121669567098426,0.9760841062779199,-0.46410667241066167,-0.21139890034421666,-0.2128289624261387,-0.20705964456619616,-0.2280709641734485,0.0,1.0,0.0,1.0,0.0,0.0,1.0,0.0,0.0,0.0,1.0,0.0,1.0,0.0,1.0,0.0,0
C000057,-0.8904993584147146,0.23407811538456322,-0.5758745233905982,0.9760841062779199,-0.46410667241066167,-0.21139890034421666,-0.2128289624261387,-0.20705964456619616,-0.2280709641734485,0.0,1.0,0.0,1.0,0.0,0.0,0.0,0.0,1.0,0.0,0.0,1.0,0.0,1.0,0.0,1.0,0
C000058,0.45829782588152723,0.24953890094641695,0.6314728560791925,-0.9793431517078963,2.1546770590601567,-0.21139890034421666,-0.2128289624261387,-0.20705964456619616,-0.2280709641734485,1.0,0.0,0.0,1.0,0.0,0.0,0.0,1.0,0.0,0.0,1.0,0.0,1.0,0.0,1.0,0.0,0
C000059,0.9860880284322305,1.2371551422915046,1.8521899051339377,0.9760841062779199,-0.46410667241066167,-0.21139890034421666,-0.2128289624261387,-0.20705964456619616,-0.2280709641734485,1.0,0.0,0.0,0.0,1.0,0.0,1.0,0.0,0.0,0.0,1.0,0.0,1.0,0.0,0.0,1.0,1
C000060,-0.06949237666917607,1.0577163280433217,0.4601967495042158,0.9760841062779199,-0.46410667241066167,-0.21139890034421666,-0.2128289624261387,-0.20705964456619616,-0.2280709641734485,0.0,1.0,0.0,0.0,1.0,0.0,0.0,0.0,0.0,1.0,1.0,0.0,1.0,0.0,1.0,0.0,1
C000061,0.9274446725932636,1.3078999489533203,1.955330544786815,0.9760841062779199,-0.46410667241066167,-0.21139890034421666,-0.2128289624261387,-0.20705964456619616,-0.2280709641734485,1.0,0.0,0.0,0.0,1.0,0.0,0.0,1.0,0.0,0.0,0.0,1.0,0.0,1.0,0.0,1.0,1
C000062,1.8070950101777692,-0.3735776080616312,0.9589070010062033,-0.9793431517078963,2.1546770590601567,-0.21139890034421666,-0.2128289624261387,-0.20705964456619616,-0.2280709641734485,1.0,0.0,0.0,1.0,0.0,0.0,0.0,1.0,0.0,0.0,1.0,0.0,1.0,0.0,0.0,1.0,0
C000063,-1.0664294259316156,-0.7451049701995126,-1.0266563322291047,-0.9793431517078963,-0.46410667241066167,-0.21139890034421666,-0.2128289624261387,-0.20705964456619616,-0.2280709641734485,1.0,0.0,0.0,1.0,0.0,0.0,0.0,0.0,1.0,0.0,0.0,1.0,0.0,1.0,1.0,0.0,0
C000064,1.1620180959491317,0.028871325199958033,0.8933532120729636,2.931511364263736,2.1546770590601567,-0.21139890034421666,-0.2128289624261387,-0.20705964456619616,-0.2280709641734485,1.0,0.0,0.0,0.0,1.0,0.0,0.0,1.0,0.0,0.0,1.0,0.0,1.0,0.0,1.0,0.0,1
C000065,1.3379481634660328,-1.819395312421659,-0.7799238044350927,-0.9793431517078963,-0.46410667241066167,-0.21139890034421666,-0.2128289624261387,-0.20705964456619616,-0.2280709641734485,0.0,0.0,1.0,0.0,0.0,1.0,0.0,1.0,0.0,0.0,0.0,1.0,0.0,1.0,1.0,0.0,0
C000066,0.3996544700425602,-1.7805090941903299,-0.8703197340161694,-0.9793431517078963,2.1546770590601567,-0.21139890034421666,-0.2128289624261387,-0.20705964456619616,-0.2280709641734485,0.0,0.0,1.0,0.0,0.0,1.0,0.0,1.0,0.0,0.0,0.0,1.0,0.0,1.0,1.0,0.0,0
C000067,1.2206614517880987,-1.2075230110949589,-0.09071250133446573,0.9760841062779199,-0.46410667241066167,-0.21139890034421666,-0.2128289624261387,-0.20705964456619616,-0.2280709641734485,1.0,0.0,0.0,0.0,0.0,1.0,1.0,0.0,0.0,0.0,0.0,1.0,1.0,0.0,1.0,0.0,0
C000068,-1.0077860700926486,-0.2419266764591788,-0.8614959008899835,-0.0016295227149882177,-0.46410667241066167,-0.21139890034421666,-0.2128289624261387,-0.20705964456619616,4.384600221356971,1.0,0.0,0.0,1.0,0.0,0.0,0.0,0.0,0.0,1.0,0.0,1.0,1.0,0.0,0.0,1.0,1
C000069,1.1620180959491317,0.1616935284358845,0.9136346362736231,-0.9793431517078963,-0.46410667241066167,-0.21139890034421666,4.698608632023215,-0.20705964456619616,-0.2280709641734485,0.0,1.0,0.0,0.0,1.0,0.0,0.0,0.0,1.0,0.0,0.0,1.0,1.0,0.0,1.0,0.0,0
C000070,-0.24542244418607717,0.2626571432413233,0.0023097462006946815,-0.9793431517078963,-0.46410667241066167,-0.21139890034421666,-0.2128289624261387,-0.20705964456619616,-0.2280709641734485,1.0,0.0,0.0,1.0,0.0,0.0,0.0,1.0,0.0,0.0,1.0,0.0,0.0,1.0,1.0,0.0,0
C000071,-0.010849020830209034,-2.0091413170444103,-1.0268795320552306,0.9760841062779199,-0.46410667241066167,4.730393575234874,-0.2128289624261387,-0.20705964456619616,-0.2280709641734485,0.0,1.0,0.0,0.0,0.0,1.0,0.0,0.0,1.0,0.0,0.0,1.0,1.0,0.0,1.0,0.0,0
C000072,0.8688013167542965,0.1834791808184962,0.7732940255997259,-0.9793431517078963,2.1546770590601567,-0.21139890034421666,-0.2128289624261387,-0.20705964456619616,-0.2280709641734485,1.0,0.0,0.0,1.0,0.0,0.0,0.0,0.0,1.0,0.0,0.0,1.0,0.0,1.0,0.0,1.0,0
C000073,-1.4182895609654178,0.8300211224960199,-0.7824459624703177,-0.0016295227149882177,2.1546770590601567,-0.21139890034421666,-0.2128289624261387,-0.20705964456619616,-0.2280709641734485,1.0,0.0,0.0,0.0,1.0,0.0,0.0,0.0,1.0,0.0,0.0,1.0,1.0,0.0,0.0,1.0,0
C000074,-0.9491427142536816,-1.1044511073492667,-1.0823521288417746,1.953797735270828,2.1546770590601567,-0.21139890034421666,-0.2128289624261387,-0.20705964456619616,-0.2280709641734485,0.0,0.0,1.0,1.0,0.0,0.0,0.0,0.0,0.0,1.0,0.0,1.0,1.0,0.0,1.0,0.0,0
C000075,0.22372440252565912,0.45521419978441185,0.5164951856474264,-0.0016295227149882177,-0.46410667241066167,-0.21139890034421666,-0.2128289624261387,-0.20705964456619616,-0.2280709641734485,0.0,0.0,1.0,0.0,1.0,0.0,0.0,0.0,0.0,1.0,0.0,1.0,1.0,0.0,1.0,0.0,0
C000076,-1.652862984321286,1.6264858332581869,-0.9846501249521697,2.931511364263736,-0.46410667241066167,-0.21139890034421666,-0.2128289624261387,-0.20705964456619616,-0.2280709641734485,0.0,1.0,0.0,0.0,1.0,0.0,0.0,0.0,1.0,0.0,0.0,1.0,0.0,1.0,1.0,0.0,0
C000077,1.3965915193049998,1.0244522136526668,2.062563181252005,-0.0016295227149882177,2.1546770590601567,-0.21139890034421666,-0.2128289624261387,-0.20705964456619616,-0.2280709641734485,1.0,0.0,0.0,0.0,1.0,0.0,1.0,0.0,0.0,0.0,0.0,1.0,0.0,1.0,1.0,0.0,1
C000078,-0.5386392233809124,-2.0091413170444103,-1.2463742410676524,-0.9793431517078963,-0.46410667241066167,-0.21139890034421666,-0.2128289624261387,-0.20705964456619616,-0.2280709641734485,0.0,0.0,1.0,0.0,0.0,1.0,0.0,0.0,1.0,0.0,0.0,1.0,1.0,0.0,1.0,0.0,0
C000079,0.28236775836462613,0.38400088446920655,0.5887375293702455,-0.9793431517078963,-0.46410667241066167,-0.21139890034421666,-0.2128289624261387,-0.20705964456619616,-0.2280709641734485,1.0,0.0,0.0,1.0,0.0,0.0,1.0,0.0,0.0,0.0,0.0,1.0,0.0,1.0,0.0,1.0,0
C000080,-1.476932916804385,-0.06623593143811256,-1.1073133093968783,-0.0016295227149882177,-0.46410667241066167,-0.21139890034421666,-0.2128289624261387,-0.20705964456619616,-0.2280709641734485,1.0,0.0,0.0,1.0,0.0,0.0,0.0,1.0,0.0,0.0,0.0,1.0,0.0,1.0,1.0,0.0,0
C000081,-2.0047231193550883,1.2024855019406804,-1.567186791152922,0.9760841062779199,-0.46410667241066167,-0.21139890034421666,-0.2128289624261387,-0.20705964456619616,-0.2280709641734485,1.0,0.0,0.0,0.0,1.0,0.0,0.0,0.0,0.0,1.0,0.0,1.0,1.0,0.0,1.0,0.0,1
C000082,0.047794335008758,0.433194293075105,0.28714992430863895,0.9760841062779199,-0.46410667241066167,-0.21139890034421666,-0.2128289624261387,-0.20705964456619616,-0.2280709641734485,0.0,1.0,0.0,0.0,1.0,0.0,0.0,1.0,0.0,0.0,0.0,1.0,0.0,1.0,1.0,0.0,0
C000083,1.0447313842711976,0.37509922005480595,1.1815934675322284,-0.9793431517078963,-0.46410667241066167,-0.21139890034421666,-0.2128289624261387,-0.20705964456619616,-0.2280709641734485,1.0,0.0,0.0,1.0,0.0,0.0,1.0,0.0,0.0,0.0,0.0,1.0,1.0,0.0,1.0,0.0,1
C000084,1.2206614517880987,0.7517801773799723,1.7129727335848748,-0.9793431517078963,-0.46410667241066167,-0.21139890034421666,-0.2128289624261387,-0.20705964456619616,-0.2280709641734485,1.0,0.0,0.0,0.0,1.0,0.0,1.0,0.0,0.0,0.0,1.0,0.0,0.0,1.0,1.0,0.0,0
C000085,1.1033747401101646,0.3708826421743002,1.276438513647419,-0.9793431517078963,2.1546770590601567,-0.21139890034421666,-0.2128289624261387,-0.20705964456619616,-0.2280709641734485,1.0,0.0,0.0,0.0,1.0,0.0,0.0,0.0,0.0,1.0,1.0,0.0,1.0,0.0,0.0,1.0,0
C000086,-1.2423594934485167,-0.34734112347181856,-0.9813988474849327,-0.0016295227149882177,-0.46410667241066167,-0.21139890034421666,-0.2128289624261387,-0.20705964456619616,-0.2280709641734485,0.0,1.0,0.0,1.0,0.0,0.0,1.0,0.0,0.0,0.0,0.0,1.0,0.0,1.0,0.0,1.0,0
C000087,-1.77014969599922,-0.17961502555837405,-1.3272990580267776,-0.9793431517078963,-0.46410667241066167,-0.21139890034421666,-0.2128289624261387,-0.20705964456619616,-0.2280709641734485,1.0,0.0,0.0,1.0,0.0,0.0,1.0,0.0,0.0,0.0,1.0,0.0,1.0,0.0,1.0,0.0,0
C000088,1.3379481634660328,0.9972787117560753,2.047177273237712,-0.0016295227149882177,-0.46410667241066167,-0.21139890034421666,-0.2128289624261387,-0.20705964456619616,4.384600221356971,0.0,1.0,0.0,0.0,1.0,0.0,0.0,1.0,0.0,0.0,0.0,1.0,1.0,0.0,1.0,0.0,0
C000089,-0.1281357325081431,0.4093003517522404,0.07781080738495526,-0.9793431517078963,-0.46410667241066167,-0.21139890034421666,-0.2128289624261387,-0.20705964456619616,-0.2280709641734485,0.0,1.0,0.0,0.0,1.0,0.0,0.0,1.0,0.0,0.0,0.0,1.0,1.0,0.0,1.0,0.0,0
C000090,1.513878230982934,-0.010951910338150385,1.1170663977991684,-0.9793431517078963,-0.46410667241066167,-0.21139890034421666,-0.2128289624261387,-0.20705964456619616,-0.2280709641734485,0.0,0.0,1.0,1.0,0.0,0.0,0.0,0.0,1.0,0.0,1.0,0.0,1.0,0.0,1.0,0.0,0
C000091,-0.8318560025757475,-1.0051272728306906,-1.0684393396799134,0.9760841062779199,-0.46410667241066167,-0.21139890034421666,-0.2128289624261387,-0.20705964456619616,-0.2280709641734485,0.0,0.0,1.0,1.0,0.0,0.0,1.0,0.0,0.0,0.0,0.0,1.0,1.0,0.0,1.0,0.0,0
C000092,-0.010849020830209034,0.8525095378587165,0.5324465332212394,-0.0016295227149882177,-0.46410667241066167,-0.21139890034421666,-0.2128289624261387,-0.20705964456619616,4.384600221356971,1.0,0.0,0.0,0.0,1.0,0.0,0.0,0.0,1.0,0.0,0.0,1.0,0.0,1.0,0.0,1.0,1
C000093,-1.0664294259316156,-1.213145114935633,-1.1676219024161547,-0.0016295227149882177,-0.46410667241066167,-0.21139890034421666,-0.2128289624261387,-0.20705964456619616,4.384600221356971,0.0,0.0,1.0,1.0,0.0,0.0,0.0,0.0,1.0,0.0,0.0,1.0,1.0,0.0,0.0,1.0,0
C000094,-0.42135251170297827,0.8810885657154767,0.16509681938867482,-0.0016295227149882177,-0.46410667241066167,-0.21139890034421666,-0.2128289624261387,-0.20705964456619616,-0.2280709641734485,0.0,1.0,0.0,0.0,1.0,0.0,0.0,1.0,0.0,0.0,1.0,0.0,0.0,1.0,1.0,0.0,0
C000095,-1.3010028492874839,-0.7957039047655796,-1.0215896961760418,-0.0016295227149882177,2.1546770590601567,-0.21139890034421666,-0.2128289624261387,-0.20705964456619616,-0.2280709641734485,0.0,1.0,0.0,1.0,0.0,0.0,0.0,1.0,0.0,0.0,0.0,1.0,0.0,1.0,1.0,0.0,0
C000096,0.3410111142035932,-1.371032531127898,-0.6618585364085819,-0.9793431517078963,-0.46410667241066167,-0.21139890034421666,-0.2128289624261387,-0.20705964456619616,-0.2280709641734485,0.0,1.0,0.0,0.0,0.0,1.0,0.0,0.0,0.0,1.0,1.0,0.0,1.0,0.0,1.0,0.0,0
C000097,0.8688013167542965,0.3497997527717721,0.9590632408844917,-0.0016295227149882177,-0.46410667241066167,-0.21139890034421666,-0.2128289624261387,-0.20705964456619616,-0.2280709641734485,1.0,0.0,0.0,0.0,1.0,0.0,1.0,0.0,0.0,0.0,0.0,1.0,0.0,1.0,1.0,0.0,1
C000098,0.3410111142035932,-0.38294778112942124,-0.020292956191676325,0.9760841062779199,-0.46410667241066167,-0.21139890034421666,-0.2128289624261387,-0.20705964456619616,-0.2280709641734485,0.0,0.0,1.0,1.0,0.0,0.0,0.0,1.0,0.0,0.0,0.0,1.0,0.0,1.0,1.0,0.0,0
C000099,-0.47999586754194534,0.005445892530482533,-0.2660508447449377,-0.9793431517078963,-0.46410667241066167,-0.21139890034421666,-0.2128289624261387,-0.20705964456619616,-0.2280709641734485,1.0,0.0,0.0,1.0,0.0,0.0,0.0,0.0,0.0,1.0,0.0,1.0,1.0,0.0,1.0,0.0,0
C000100,0.9274446725932636,-1.6516692145082146,-0.7526264656998688,0.9760841062779199,-0.46410667241066167,-0.21139890034421666,-0.2128289624261387,-0.20705964456619616,-0.2280709641734485,0.0,1.0,0.0,0.0,0.0,1.0,0.0,0.0,0.0,1.0,0.0,1.0,0.0,1.0,0.0,1.0,0
C000101,1.6311649426608679,-0.8083536384070963,0.31612870173401275,-0.0016295227149882177,-0.46410667241066167,-0.21139890034421666,-0.2128289624261387,-0.20705964456619616,-0.2280709641734485,0.0,0.0,1.0,1.0,0.0,0.0,1.0,0.0,0.0,0.0,0.0,1.0,0.0,1.0,1.0,0.0,0
C000102,-1.4182895609654178,-0.6841988452588762,-1.2295821741487645,-0.9793431517078963,-0.46410667241066167,-0.21139890034421666,-0.2128289624261387,-0.20705964456619616,-0.2280709641734485,1.0,0.0,0.0,1.0,0.0,0.0,0.0,0.0,1.0,0.0,1.0,0.0,1.0,0.0,1.0,0.0,1
C000103,-0.010849020830209034,-2.0091413170444103,-0.7512872667431121,-0.0016295227149882177,-0.46410667241066167,4.730393575234874,-0.2128289624261387,-0.20705964456619616,-0.2280709641734485,0.0,1.0,0.0,0.0,0.0,1.0,0.0,1.0,0.0,0.0,0.0,1.0,1.0,0.0,1.0,0.0,0
C000104,1.748451654338802,1.4817166593608289,-0.14788141679956815,1.953797735270828,-0.46410667241066167,-0.21139890034421666,-0.2128289624261387,4.829526304341278,-0.2280709641734485,1.0,0.0,0.0,0.0,1.0,0.0,0.0,0.0,0.0,1.0,0.0,1.0,0.0,1.0,1.0,0.0,1
C000105,-0.010849020830209034,-0.9610874594120767,-0.5063552175465175,-0.9793431517078963,-0.46410667241066167,-0.21139890034421666,-0.2128289624261387,-0.20705964456619616,-0.2280709641734485,0.0,1.0,0.0,1.0,0.0,0.0,1.0,0.0,0.0,0.0,0.0,1.0,1.0,0.0,0.0,1.0,0
C000106,0.22372440252565912,0.07056859535162445,0.3595113079387253,-0.0016295227149882177,-0.46410667241066167,-0.21139890034421666,-0.2128289624261387,-0.20705964456619616,-0.2280709641734485,1.0,0.0,0.0,1.0,0.0,0.0,0.0,0.0,1.0,0.0,0.0,1.0,1.0,0.0,1.0,0.0,0
C000107,1.9830250776946703,1.2924391633914665,3.096610775723276,1.953797735270828,-0.46410667241066167,-0.21139890034421666,-0.2128289624261387,-0.20705964456619616,-0.2280709641734485,0.0,1.0,0.0,0.0,1.0,0.0,0.0,1.0,0.0,0.0,0.0,1.0,1.0,0.0,1.0,0.0,0
C000108,-0.7145692908978135,-0.7338607625181643,-0.8367356001783931,1.953797735270828,-0.46410667241066167,-0.21139890034421666,-0.2128289624261387,-0.20705964456619616,-0.2280709641734485,0.0,0.0,1.0,1.0,0.0,0.0,1.0,0.0,0.0,0.0,1.0,0.0,1.0,0.0,1.0,0.0,0
C000109,-0.42135251170297827,1.4531376315040687,0.28983576221635626,0.9760841062779199,-0.46410667241066167,-0.21139890034421666,-0.2128289624261387,-0.20705964456619616,-0.2280709641734485,0.0,1.0,0.0,0.0,1.0,0.0,0.0,1.0,0.0,0.0,1.0,0.0,0.0,1.0,1.0,0.0,1
C000110,-0.5386392233809124,0.34558317489126705,-0.18377938883485168,-0.0016295227149882177,-0.46410667241066167,-0.21139890034421666,-0.2128289624261387,-0.20705964456619616,-0.2280709641734485,1.0,0.0,0.0,0.0,1.0,0.0,1.0,0.0,0.0,0.0,1.0,0.0,1.0,0.0,1.0,0.0,1
C000111,-1.1837161376095497,0.6721337063037555,-0.6303576009479829,-0.9793431517078963,-0.46410667241066167,-0.21139890034421666,-0.2128289624261387,-0.20705964456619616,-0.2280709641734485,0.0,1.0,0.0,0.0,1.0,0.0,0.0,0.0,0.0,1.0,0.0,1.0,0.0,1.0,1.0,0.0,0
C000112,0.7515146050763625,0.9035769810781733,1.3198806398057654,0.9760841062779199,-0.46410667241066167,-0.21139890034421666,-0.2128289624261387,-0.20705964456619616,-0.2280709641734485,1.0,0.0,0.0,0.0,1.0,0.0,0.0,0.0,1.0,0.0,0.0,1.0,0.0,1.0,1.0,0.0,1
C000113,-0.6559259350588464,-0.7755580326698307,-0.7949823527044013,-0.9793431517078963,-0.46410667241066167,-0.21139890034421666,-0.2128289624261387,-0.20705964456619616,-0.2280709641734485,0.0,1.0,0.0,1.0,0.0,0.0,1.0,0.0,0.0,0.0,0.0,1.0,0.0,1.0,1.0,0.0,0
C000114,-0.9491427142536816,-1.4300646214549761,-1.2030585948107777,-0.9793431517078963,-0.46410667241066167,-0.21139890034421666,-0.2128289624261387,-0.20705964456619616,-0.2280709641734485,1.0,0.0,0.0,0.0,0.0,1.0,0.0,0.0,0.0,1.0,0.0,1.0,0.0,1.0,1.0,0.0,0
C000115,1.3965915193049998,0.1616935284358845,2.201043793374851,2.931511364263736,2.1546770590601567,-0.21139890034421666,4.698608632023215,-0.20705964456619616,-0.2280709641734485,1.0,0.0,0.0,0.0,1.0,0.0,0.0,1.0,0.0,0.0,0.0,1.0,0.0,1.0,1.0,0.0,0
C000116,0.5755845375594614,-1.6807167510183638,-0.685034118354677,-0.0016295227149882177,-0.46410667241066167,-0.21139890034421666,-0.2128289624261387,-0.20705964456619616,-0.2280709641734485,1.0,0.0,0.0,0.0,0.0,1.0,0.0,1.0,0.0,0.0,0.0,1.0,1.0,0.0,1.0,0.0,0
C000117,-1.8287930518381872,0.6323104707656467,-0.14788141679956815,-0.0016295227149882177,-0.46410667241066167,-0.21139890034421666,-0.2128289624261387,4.829526304341278,-0.2280709641734485,1.0,0.0,0.0,0.0,1.0,0.0,0.0,1.0,0.0,0.0,0.0,1.0,0.0,1.0,1.0,0.0,1
C000118,-0.18677908834711016,0.5503214564224824,0.24158739980209445,2.931511364263736,-0.46410667241066167,-0.21139890034421666,-0.2128289624261387,-0.20705964456619616,-0.2280709641734485,1.0,0.0,0.0,0.0,1.0,0.0,0.0,1.0,0.0,0.0,1.0,0.0,1.0,0.0,0.0,1.0,1
C000119,1.3965915193049998,0.6576099380486805,1.9033621852704514,-0.0016295227149882177,-0.46410667241066167,-0.21139890034421666,-0.2128289624261387,-0.20705964456619616,-0.2280709641734485,1.0,0.0,0.0,0.0,1.0,0.0,1.0,0.0,0.0,0.0,0.0,1.0,0.0,1.0,1.0,0.0,0
C000120,0.9274446725932636,1.3861408940693685,1.9494752693481066,0.9760841062779199,-0.46410667241066167,-0.21139890034421666,-0.2128289624261387,-0.20705964456619616,-0.2280709641734485,1.0,0.0,0.0,0.0,1.0,0.0,1.0,0.0,0.0,0.0,1.0,0.0,0.0,1.0,0.0,1.0,0
C000121,-1.535576272643352,-2.0091413170444103,-1.5031061210721142,-0.0016295227149882177,-0.46410667241066167,-0.21139890034421666,-0.2128289624261387,-0.20705964456619616,-0.2280709641734485,0.0,1.0,0.0,0.0,1.0,0.0,1.0,0.0,0.0,0.0,0.0,1.0,0.0,1.0,1.0,0.0,0
C000122,1.0447313842711976,-1.259995980274584,-0.18008915170956655,-0.9793431517078963,-0.46410667241066167,-0.21139890034421666,-0.2128289624261387,-0.20705964456619616,-0.2280709641734485,0.0,0.0,1.0,1.0,0.0,0.0,1.0,0.0,0.0,0.0,0.0,1.0,1.0,0.0,1.0,0.0,0
C000123,-0.24542244418607717,1.6138360996166703,0.6365469321264595,-0.0016295227149882177,-0.46410667241066167,-0.21139890034421666,-0.2128289624261387,-0.20705964456619616,-0.2280709641734485,1.0,0.0,0.0,0.0,1.0,0.0,1.0,0.0,0.0,0.0,0.0,1.0,1.0,0.0,1.0,0.0,0
C000124,1.4552348751439668,1.1945208548330588,2.3793655744612088,-0.0016295227149882177,-0.46410667241066167,-0.21139890034421666,-0.2128289624261387,-0.20705964456619616,-0.2280709641734485,1.0,0.0,0.0,0.0,1.0,0.0,0.0,0.0,1.0,0.0,0.0,1.0,0.0,1.0,1.0,0.0,1
C000125,0.28236775836462613,0.3905600056166597,0.4976943202934032,0.9760841062779199,-0.46410667241066167,-0.21139890034421666,-0.2128289624261387,-0.20705964456619616,-0.2280709641734485,1.0,0.0,0.0,1.0,0.0,0.0,1.0,0.0,0.0,0.0,0.0,1.0,0.0,1.0,0.0,1.0,1
C000126,-1.711506340160253,0.42710368058104153,-1.1689313413960947,-0.9793431517078963,2.1546770590601567,-0.21139890034421666,-0.2128289624261387,-0.20705964456619616,-0.2280709641734485,1.0,0.0,0.0,1.0,0.0,0.0,0.0,0.0,0.0,1.0,0.0,1.0,1.0,0.0,0.0,1.0,0
C000127,-1.652862984321286,-1.3340203475101267,-1.3408324074842242,-0.9793431517078963,2.1546770590601567,-0.21139890034421666,-0.2128289624261387,-0.20705964456619616,-0.2280709641734485,0.0,1.0,0.0,1.0,0.0,0.0,0.0,1.0,0.0,0.0,0.0,1.0,1.0,0.0,0.0,1.0,0
C000128,-0.7732126467367805,0.41211140367257754,-0.4686046869543872,-0.0016295227149882177,-0.46410667241066167,-0.21139890034421666,-0.2128289624261387,-0.20705964456619616,-0.2280709641734485,0.0,0.0,1.0,0.0,1.0,0.0,1.0,0.0,0.0,0.0,1.0,0.0,0.0,1.0,1.0,0.0,1
C000129,1.2793048076270657,-0.16040617076940397,-0.14788141679956815,-0.0016295227149882177,-0.46410667241066167,-0.21139890034421666,-0.2128289624261387,4.829526304341278,-0.2280709641734485,1.0,0.0,0.0,1.0,0.0,0.0,0.0,1.0,0.0,0.0,1.0,0.0,1.0,0.0,1.0,0.0,0
C000130,0.45829782588152723,0.6707281803435868,0.7182231885002092,0.9760841062779199,-0.46410667241066167,-0.21139890034421666,-0.2128289624261387,-0.20705964456619616,-0.2280709641734485,1.0,0.0,0.0,0.0,1.0,0.0,0.0,0.0,1.0,0.0,0.0,1.0,1.0,0.0,0.0,1.0,1
C000131,-0.010849020830209034,0.10617525300922712,0.04440523340807995,-0.9793431517078963,-0.46410667241066167,-0.21139890034421666,-0.2128289624261387,-0.20705964456619616,-0.2280709641734485,0.0,0.0,1.0,0.0,1.0,0.0,0.0,1.0,0.0,0.0,1.0,0.0,0.0,1.0,1.0,0.0,0
C000132,0.6342278933984283,0.27811792880317704,0.6770056206089201,-0.0016295227149882177,-0.46410667241066167,-0.21139890034421666,-0.2128289624261387,-0.20705964456619616,-0.2280709641734485,0.0,1.0,0.0,0.0,1.0,0.0,0.0,0.0,0.0,1.0,0.0,1.0,1.0,0.0,1.0,0.0,1
C000133,1.4552348751439668,-1.346201572498254,-0.17425619625347077,-0.0016295227149882177,-0.46410667241066167,-0.21139890034421666,-0.2128289624261387,-0.20705964456619616,-0.2280709641734485,0.0,1.0,0.0,1.0,0.0,0.0,1.0,0.0,0.0,0.0,0.0,1.0,1.0,0.0,1.0,0.0,0
C000134,0.22372440252565912,0.1616935284358845,0.15732946543948598,0.9760841062779199,-0.46410667241066167,-0.21139890034421666,4.698608632023215,-0.20705964456619616,-0.2280709641734485,0.0,0.0,1.0,1.0,0.0,0.0,1.0,0.0,0.0,0.0,1.0,0.0,1.0,0.0,0.0,1.0,0
C000135,-0.010849020830209034,1.4934293756955666,0.8918056932784889,-0.9793431517078963,-0.46410667241066167,-0.21139890034421666,-0.2128289624261387,-0.20705964456619616,-0.2280709641734485,1.0,0.0,0.0,0.0,1.0,0.0,0.0,1.0,0.0,0.0,0.0,1.0,1.0,0.0,1.0,0.0,1
C000136,-0.5386392233809124,1.344443623917702,0.12390901147420227,-0.0016295227149882177,-0.46410667241066167,-0.21139890034421666,-0.2128289624261387,-0.20705964456619616,-0.2280709641734485,0.0,1.0,0.0,0.0,1.0,0.0,0.0,0.0,1.0,0.0,0.0,1.0,0.0,1.0,0.0,1.0,1
C000137,1.9830250776946703,0.5226794458725019,2.0614099821503538,-0.9793431517078963,-0.46410667241066167,-0.21139890034421666,-0.2128289624261387,-0.20705964456619616,-0.2280709641734485,0.0,1.0,0.0,0.0,1.0,0.0,0.0,0.0,1.0,0.0,0.0,1.0,0.0,1.0,1.0,0.0,0
C000138,0.9860880284322305,-0.2737852648896655,0.4861176893116621,-0.0016295227149882177,-0.46410667241066167,-0.21139890034421666,-0.2128289624261387,-0.20705964456619616,-0.2280709641734485,0.0,0.0,1.0,1.0,0.0,0.0,0.0,0.0,0.0,1.0,1.0,0.0,1.0,0.0,1.0,0.0,0
C000139,0.3996544700425602,0.28655108456418854,0.5694158644219283,-0.0016295227149882177,-0.46410667241066167,-0.21139890034421666,-0.2128289624261387,-0.20705964456619616,4.384600221356971,1.0,0.0,0.0,1.0,0.0,0.0,0.0,1.0,0.0,0.0,0.0,1.0,1.0,0.0,1.0,0.0,0
C000140,-0.42135251170297827,-0.46259425220563805,-0.5084979358773283,-0.0016295227149882177,-0.46410667241066167,-0.21139890034421666,-0.2128289624261387,-0.20705964456619616,-0.2280709641734485,0.0,1.0,0.0,1.0,0.0,0.0,1.0,0.0,0.0,0.0,0.0,1.0,1.0,0.0,1.0,0.0,0
C000141,-0.7732126467367805,0.5718728544784003,-0.343002704799018,-0.0016295227149882177,-0.46410667241066167,-0.21139890034421666,-0.2128289624261387,-0.20705964456619616,-0.2280709641734485,0.0,1.0,0.0,0.0,1.0,0.0,0.0,1.0,0.0,0.0,0.0,1.0,1.0,0.0,1.0,0.0,0
C000142,1.4552348751439668,1.0764566741789023,2.2532799926825664,-0.9793431517078963,2.1546770590601567,-0.21139890034421666,-0.2128289624261387,-0.20705964456619616,-0.2280709641734485,1.0,0.0,0.0,0.0,1.0,0.0,1.0,0.0,0.0,0.0,1.0,0.0,0.0,1.0,0.0,1.0,0
C000143,1.0447313842711976,1.0113339713577605,1.7427103904190777,-0.9793431517078963,2.1546770590601567,-0.21139890034421666,-0.2128289624261387,-0.20705964456619616,-0.2280709641734485,1.0,0.0,0.0,0.0,1.0,0.0,0.0,0.0,0.0,1.0,0.0,1.0,1.0,0.0,1.0,0.0,0
C000144,-0.9491427142536816,-0.8706652893079013,-1.0118135437917177,0.9760841062779199,-0.46410667241066167,-0.21139890034421666,-0.2128289624261387,-0.20705964456619616,-0.2280709641734485,1.0,0.0,0.0,1.0,0.0,0.0,0.0,0.0,1.0,0.0,0.0,1.0,0.0,1.0,1.0,0.0,0
C000145,-1.535576272643352,0.37884728928192196,-1.1062270702430645,0.9760841062779199,-0.46410667241066167,-0.21139890034421666,-0.2128289624261387,-0.20705964456619616,-0.2280709641734485,0.0,0.0,1.0,0.0,1.0,0.0,1.0,0.0,0.0,0.0,0.0,1.0,0.0,1.0,1.0,0.0,0
C000146,0.047794335008758,-0.14166582463382363,-0.06134684421047333,0.9760841062779199,-0.46410667241066167,-0.21139890034421666,-0.2128289624261387,-0.20705964456619616,-0.2280709641734485,1.0,0.0,0.0,1.0,0.0,0.0,0.0,0.0,1.0,0.0,0.0,1.0,0.0,1.0,1.0,0.0,0
C000147,0.8688013167542965,1.372554143121073,1.7803865210691663,1.953797735270828,-0.46410667241066167,-0.21139890034421666,-0.2128289624261387,-0.20705964456619616,-0.2280709641734485,1.0,0.0,0.0,0.0,1.0,0.0,1.0,0.0,0.0,0.0,1.0,0.0,0.0,1.0,1.0,0.0,0
C000148,1.1620180959491317,0.05417079248299153,1.0020887273674024,-0.0016295227149882177,2.1546770590601567,-0.21139890034421666,-0.2128289624261387,-0.20705964456619616,-0.2280709641734485,1.0,0.0,0.0,0.0,1.0,0.0,0.0,0.0,0.0,1.0,1.0,0.0,0.0,1.0,1.0,0.0,1
C000149,0.6342278933984283,-2.0091413170444103,-0.9944188373422893,-0.0016295227149882177,-0.46410667241066167,-0.21139890034421666,-0.2128289624261387,-0.20705964456619616,4.384600221356971,1.0,0.0,0.0,0.0,0.0,1.0,0.0,1.0,0.0,0.0,0.0,1.0,1.0,0.0,1.0,0.0,0
C000150,0.5755845375594614,-0.666395516430075,-0.02872246962503956,-0.9793431517078963,-0.46410667241066167,-0.21139890034421666,-0.2128289624261387,-0.20705964456619616,-0.2280709641734485,1.0,0.0,0.0,1.0,0.0,0.0,0.0,0.0,1.0,0.0,1.0,0.0,0.0,1.0,1.0,0.0,1
C000151,-1.9460797635161213,0.25937758266759703,-1.4870431735852383,0.9760841062779199,-0.46410667241066167,-0.21139890034421666,-0.2128289624261387,-0.20705964456619616,-0.2280709641734485,0.0,0.0,1.0,0.0,1.0,0.0,1.0,0.0,0.0,0.0,0.0,1.0,0.0,1.0,0.0,1.0,0
C000152,-0.36270915586401126,-2.0091413170444103,-1.2053649930140808,-0.9793431517078963,-0.46410667241066167,-0.21139890034421666,-0.2128289624261387,-0.20705964456619616,-0.2280709641734485,1.0,0.0,0.0,0.0,0.0,1.0,0.0,0.0,0.0,1.0,1.0,0.0,1.0,0.0,0.0,1.0,0
C000153,1.2793048076270657,-1.6694725433370157,-0.567802129679037,-0.9793431517078963,-0.46410667241066167,-0.21139890034421666,-0.2128289624261387,-0.20705964456619616,-0.2280709641734485,0.0,1.0,0.0,0.0,0.0,1.0,1.0,0.0,0.0,0.0,1.0,0.0,0.0,1.0,0.0,1.0,0
C000154,0.28236775836462613,-0.10559065832283122,0.2227642144654586,0.9760841062779199,-0.46410667241066167,-0.21139890034421666,-0.2128289624261387,-0.20705964456619616,-0.2280709641734485,1.0,0.0,0.0,1.0,0.0,0.0,0.0,0.0,0.0,1.0,0.0,1.0,0.0,1.0,1.0,0.0,0
C000155,0.7515146050763625,1.2483993499728527,1.400418577066272,-0.0016295227149882177,-0.46410667241066167,-0.21139890034421666,-0.2128289624261387,-0.20705964456619616,-0.2280709641734485,0.0,1.0,0.0,0.0,1.0,0.0,0.0,0.0,0.0,1.0,0.0,1.0,1.0,0.0,1.0,0.0,0
C000156,-1.0077860700926486,0.3919655315768283,-0.5064370574827638,0.9760841062779199,-0.46410667241066167,-0.21139890034421666,-0.2128289624261387,-0.20705964456619616,-0.2280709641734485,1.0,0.0,0.0,0.0,1.0,0.0,0.0,0.0,1.0,0.0,0.0,1.0,1.0,0.0,1.0,0.0,1
C000157,0.8101579609153294,0.7653669283282677,1.211941203891176,0.9760841062779199,-0.46410667241066167,-0.21139890034421666,-0.2128289624261387,-0.20705964456619616,-0.2280709641734485,0.0,1.0,0.0,0.0,1.0,0.0,0.0,1.0,0.0,0.0,1.0,0.0,0.0,1.0,1.0,0.0,0
C000158,-0.24542244418607717,-0.014231470911876968,-0.2419973434827467,-0.0016295227149882177,-0.46410667241066167,-0.21139890034421666,-0.2128289624261387,-0.20705964456619616,-0.2280709641734485,1.0,0.0,0.0,1.0,0.0,0.0,0.0,0.0,1.0,0.0,1.0,0.0,0.0,1.0,1.0,0.0,1
C000159,1.3379481634660328,0.6426176611402159,1.5497987806982765,-0.0016295227149882177,-0.46410667241066167,-0.21139890034421666,-0.2128289624261387,-0.20705964456619616,-0.2280709641734485,1.0,0.0,0.0,0.0,1.0,0.0,0.0,0.0,1.0,0.0,0.0,1.0,0.0,1.0,1.0,0.0,1
C000160,-0.1281357325081431,0.11273437415668029,0.029748444825798522,-0.9793431517078963,-0.46410667241066167,-0.21139890034421666,-0.2128289624261387,-0.20705964456619616,-0.2280709641734485,0.0,1.0,0.0,1.0,0.0,0.0,0.0,0.0,1.0,0.0,1.0,0.0,0.0,1.0,1.0,0.0,0
C000161,-2.0633664751940555,-2.0091413170444103,-1.6198470701302765,-0.0016295227149882177,-0.46410667241066167,-0.21139890034421666,-0.2128289624261387,-0.20705964456619616,-0.2280709641734485,1.0,0.0,0.0,0.0,0.0,1.0,0.0,0.0,0.0,1.0,0.0,1.0,0.0,1.0,0.0,1.0,1
C000162,-1.476932916804385,-0.6190761424377342,-1.36862822583113,-0.0016295227149882177,-0.46410667241066167,-0.21139890034421666,-0.2128289624261387,-0.20705964456619616,-0.2280709641734485,1.0,0.0,0.0,1.0,0.0,0.0,0.0,0.0,0.0,1.0,1.0,0.0,0.0,1.0,0.0,1.0,0
C000163,-0.24542244418607717,0.4509976219039068,0.07780336739075124,-0.0016295227149882177,-0.46410667241066167,-0.21139890034421666,-0.2128289624261387,-0.20705964456619616,-0.2280709641734485,1.0,0.0,0.0,0.0,1.0,0.0,0.0,0.0,0.0,1.0,0.0,1.0,1.0,0.0,1.0,0.0,1
C000164,1.2206614517880987,0.8998289118510573,1.770640128661659,-0.0016295227149882177,-0.46410667241066167,-0.21139890034421666,-0.2128289624261387,-0.20705964456619616,-0.2280709641734485,0.0,1.0,0.0,0.0,1.0,0.0,0.0,0.0,1.0,0.0,0.0,1.0,1.0,0.0,0.0,1.0,0
C000165,0.6928712492373954,1.0783307087924607,1.2980144968396101,-0.0016295227149882177,-0.46410667241066167,-0.21139890034421666,-0.2128289624261387,-0.20705964456619616,-0.2280709641734485,1.0,0.0,0.0,0.0,1.0,0.0,0.0,0.0,1.0,0.0,0.0,1.0,0.0,1.0,1.0,0.0,0
C000166,-0.010849020830209034,0.05604482709654953,0.6692308266655269,-0.9793431517078963,-0.46410667241066167,4.730393575234874,-0.2128289624261387,-0.20705964456619616,-0.2280709641734485,1.0,0.0,0.0,1.0,0.0,0.0,0.0,0.0,1.0,0.0,1.0,0.0,0.0,1.0,1.0,0.0,0
C000167,0.3996544700425602,0.29873230955231606,-0.14788141679956815,-0.9793431517078963,-0.46410667241066167,-0.21139890034421666,-0.2128289624261387,4.829526304341278,-0.2280709641734485,1.0,0.0,0.0,0.0,1.0,0.0,0.0,1.0,0.0,0.0,1.0,0.0,0.0,1.0,0.0,1.0,0
C000168,-0.010849020830209034,1.4222160603803606,0.8388701345155788,-0.0016295227149882177,-0.46410667241066167,-0.21139890034421666,-0.2128289624261387,-0.20705964456619616,-0.2280709641734485,1.0,0.0,0.0,0.0,1.0,0.0,0.0,0.0,0.0,1.0,1.0,0.0,1.0,0.0,1.0,0.0,1
C000169,0.28236775836462613,0.9063880329985105,0.7509368430160936,-0.9793431517078963,-0.46410667241066167,-0.21139890034421666,-0.2128289624261387,-0.20705964456619616,-0.2280709641734485,1.0,0.0,0.0,0.0,1.0,0.0,1.0,0.0,0.0,0.0,1.0,0.0,0.0,1.0,1.0,0.0,0
C000170,-0.9491427142536816,-0.09575197660165147,-0.7982187501832299,-0.0016295227149882177,-0.46410667241066167,-0.21139890034421666,-0.2128289624261387,-0.20705964456619616,-0.2280709641734485,1.0,0.0,0.0,1.0,0.0,0.0,1.0,0.0,0.0,0.0,0.0,1.0,0.0,1.0,0.0,1.0,1
C000171,-0.010849020830209034,-0.05873979298388022,-0.7553123036075865,-0.9793431517078963,-0.46410667241066167,4.730393575234874,-0.2128289624261387,-0.20705964456619616,-0.2280709641734485,1.0,0.0,0.0,1.0,0.0,0.0,0.0,0.0,0.0,1.0,0.0,1.0,0.0,1.0,0.0,1.0,0
C000172,-0.010849020830209034,0.15349462700156755,1.6847677155567382,0.9760841062779199,-0.46410667241066167,4.730393575234874,-0.2128289624261387,-0.20705964456619616,-0.2280709641734485,1.0,0.0,0.0,1.0,0.0,0.0,0.0,1.0,0.0,0.0,0.0,1.0,1.0,0.0,1.0,0.0,0
C000173,-1.476932916804385,1.0352279126806256,-1.0066129878429795,0.9760841062779199,-0.46410667241066167,-0.21139890034421666,-0.2128289624261387,-0.20705964456619616,-0.2280709641734485,0.0,1.0,0.0,0.0,1.0,0.0,0.0,0.0,0.0,1.0,1.0,0.0,1.0,0.0,1.0,0.0,1
C000174,0.047794335008758,-1.0280841968467767,-0.6431543909792136,-0.0016295227149882177,2.1546770590601567,-0.21139890034421666,-0.2128289624261387,-0.20705964456619616,-0.2280709641734485,0.0,0.0,1.0,1.0,0.0,0.0,0.0,0.0,0.0,1.0,0.0,1.0,0.0,1.0,0.0,1.0,0
C000175,0.45829782588152723,0.1616935284358845,-0.8661830972386321,0.9760841062779199,-0.46410667241066167,-0.21139890034421666,4.698608632023215,-0.20705964456619616,-0.2280709641734485,0.0,0.0,1.0,0.0,0.0,1.0,0.0,1.0,0.0,0.0,0.0,1.0,1.0,0.0,1.0,0.0,0
C000176,1.0447313842711976,-1.7594262047878018,-0.7090801796226637,-0.9793431517078963,-0.46410667241066167,-0.21139890034421666,-0.2128289624261387,-0.20705964456619616,-0.2280709641734485,1.0,0.0,0.0,0.0,0.0,1.0,1.0,0.0,0.0,0.0,0.0,1.0,0.0,1.0,1.0,0.0,0
C000177,-0.010849020830209034,-1.1723848620907458,-0.1483129364634119,-0.0016295227149882177,-0.46410667241066167,4.730393575234874,-0.2128289624261387,-0.20705964456619616,-0.2280709641734485,0.0,0.0,1.0,0.0,0.0,1.0,1.0,0.0,0.0,0.0,0.0,1.0,1.0,0.0,0.0,1.0,0
C000178,0.22372440252565912,-1.442714355096493,-0.7828030821921195,-0.0016295227149882177,-0.46410667241066167,-0.21139890034421666,-0.2128289624261387,-0.20705964456619616,-0.2280709641734485,1.0,0.0,0.0,0.0,0.0,1.0,0.0,0.0,1.0,0.0,0.0,1.0,0.0,1.0,1.0,0.0,0
C000179,0.5169411817204943,0.1366283154795452,0.49461416269286296,-0.9793431517078963,2.1546770590601567,-0.21139890034421666,-0.2128289624261387,-0.20705964456619616,-0.2280709641734485,0.0,0.0,1.0,1.0,0.0,0.0,0.0,1.0,0.0,0.0,0.0,1.0,0.0,1.0,1.0,0.0,0
C000180,0.6928712492373954,0.7428785129655711,1.1937876180329188,-0.9793431517078963,-0.46410667241066167,-0.21139890034421666,-0.2128289624261387,-0.20705964456619616,-0.2280709641734485,1.0,0.0,0.0,0.0,1.0,0.0,0.0,0.0,1.0,0.0,0.0,1.0,1.0,0.0,0.0,1.0,1
C000181,-0.7732126467367805,-2.0091413170444103,-1.2502430380538385,-0.9793431517078963,-0.46410667241066167,-0.21139890034421666,-0.2128289624261387,-0.20705964456619616,-0.2280709641734485,0.0,1.0,0.0,0.0,0.0,1.0,0.0,0.0,0.0,1.0,0.0,1.0,0.0,1.0,1.0,0.0,0
C000182,-1.652862984321286,1.452669122850679,-0.14788141679956815,-0.0016295227149882177,-0.46410667241066167,-0.21139890034421666,-0.2128289624261387,4.829526304341278,-0.2280709641734485,0.0,1.0,0.0,0.0,1.0,0.0,0.0,1.0,0.0,0.0,0.0,1.0,1.0,0.0,1.0,0.0,0
C000183,-0.7732126467367805,0.2828030153370725,-0.5955533080607174,1.953797735270828,-0.46410667241066167,-0.21139890034421666,-0.2128289624261387,-0.20705964456619616,-0.2280709641734485,0.0,0.0,1.0,0.0,1.0,0.0,0.0,1.0,0.0,0.0,0.0,1.0,1.0,0.0,1.0,0.0,0
C000184,1.8070950101777692,-1.6947720106200492,-0.4905452298625843,-0.0016295227149882177,-0.46410667241066167,-0.21139890034421666,-0.2128289624261387,-0.20705964456619616,-0.2280709641734485,0.0,0.0,1.0,0.0,0.0,1.0,0.0,0.0,1.0,0.0,1.0,0.0,0.0,1.0,1.0,0.0,0
C000185,-0.7145692908978135,-2.0091413170444103,-1.3124413896009826,-0.0016295227149882177,-0.46410667241066167,-0.21139890034421666,-0.2128289624261387,-0.20705964456619616,-0.2280709641734485,1.0,0.0,0.0,0.0,0.0,1.0,0.0,0.0,0.0,1.0,1.0,0.0,0.0,1.0,0.0,1.0,0
C000186,-0.47999586754194534,0.9691681925527043,0.17168121425939514,-0.0016295227149882177,-0.46410667241066167,-0.21139890034421666,-0.2128289624261387,-0.20705964456619616,-0.2280709641734485,0.0,1.0,0.0,0.0,1.0,0.0,0.0,1.0,0.0,0.0,0.0,1.0,0.0,1.0,1.0,0.0,0
C000187,1.4552348751439668,-1.9519832613308903,-0.7708842114769849,-0.0016295227149882177,2.1546770590601567,-0.21139890034421666,-0.2128289624261387,-0.20705964456619616,-0.2280709641734485,0.0,1.0,0.0,0.0,0.0,1.0,0.0,0.0,1.0,0.0,0.0,1.0,0.0,1.0,0.0,1.0,0
C000188,-0.7732126467367805,1.441424915169331,-0.14788141679956815,0.9760841062779199,-0.46410667241066167,-0.21139890034421666,-0.2128289624261387,4.829526304341278,-0.2280709641734485,1.0,0.0,0.0,0.0,1.0,0.0,1.0,0.0,0.0,0.0,0.0,1.0,0.0,1.0,0.0,1.0,0
C000189,0.8101579609153294,1.5519929573692552,2.0168964968266017,-0.9793431517078963,-0.46410667241066167,-0.21139890034421666,-0.2128289624261387,-0.20705964456619616,-0.2280709641734485,0.0,1.0,0.0,0.0,1.0,0.0,0.0,1.0,0.0,0.0,0.0,1.0,0.0,1.0,0.0,1.0,0
C000190,-1.0664294259316156,0.3437091402777087,-0.5690594886995475,-0.0016295227149882177,2.1546770590601567,-0.21139890034421666,-0.2128289624261387,-0.20705964456619616,4.384600221356971,1.0,0.0,0.0,0.0,1.0,0.0,1.0,0.0,0.0,0.0,0.0,1.0,0.0,1.0,1.0,0.0,0
C000191,-1.2423594934485167,-0.6045523741826596,-0.14788141679956815,-0.0016295227149882177,-0.46410667241066167,-0.21139890034421666,-0.2128289624261387,4.829526304341278,-0.2280709641734485,1.0,0.0,0.0,1.0,0.0,0.0,0.0,1.0,0.0,0.0,0.0,1.0,1.0,0.0,1.0,0.0,0
C000192,-1.8287930518381872,1.3374159941168597,-0.14788141679956815,0.9760841062779199,-0.46410667241066167,-0.21139890034421666,-0.2128289624261387,4.829526304341278,-0.2280709641734485,1.0,0.0,0.0,0.0,1.0,0.0,0.0,0.0,1.0,0.0,1.0,0.0,1.0,0.0,0.0,1.0,0
C000193,-0.47999586754194534,0.07103710400501387,-0.43824207060703135,-0.9793431517078963,-0.46410667241066167,-0.21139890034421666,-0.2128289624261387,-0.20705964456619616,-0.2280709641734485,1.0,0.0,0.0,1.0,0.0,0.0,0.0,0.0,1.0,0.0,1.0,0.0,0.0,1.0,1.0,0.0,0
C000194,-0.7145692908978135,1.560894621783656,0.06782633516291366,-0.0016295227149882177,-0.46410667241066167,-0.21139890034421666,-0.2128289624261387,-0.20705964456619616,-0.2280709641734485,0.0,1.0,0.0,0.0,1.0,0.0,0.0,0.0,1.0,0.0,0.0,1.0,1.0,0.0,1.0,0.0,1
C000195,-1.3596462051264508,1.6157101342302287,-0.751317026719929,-0.0016295227149882177,-0.46410667241066167,-0.21139890034421666,-0.2128289624261387,-0.20705964456619616,4.384600221356971,0.0,1.0,0.0,0.0,1.0,0.0,1.0,0.0,0.0,0.0,0.0,1.0,0.0,1.0,1.0,0.0,1
C000196,1.1033747401101646,-0.6504662222148315,0.3554341911148216,-0.0016295227149882177,-0.46410667241066167,-0.21139890034421666,-0.2128289624261387,-0.20705964456619616,-0.2280709641734485,1.0,0.0,0.0,1.0,0.0,0.0,1.0,0.0,0.0,0.0,0.0,1.0,0.0,1.0,1.0,0.0,0
C000197,-0.5972825792198794,-0.5712882597920044,-0.6346579175980127,-0.0016295227149882177,-0.46410667241066167,-0.21139890034421666,-0.2128289624261387,-0.20705964456619616,-0.2280709641734485,0.0,0.0,1.0,1.0,0.0,0.0,0.0,0.0,1.0,0.0,0.0,1.0,0.0,1.0,1.0,0.0,0
C000198,-1.711506340160253,0.5320496189402916,-1.2418581645857008,-0.0016295227149882177,-0.46410667241066167,-0.21139890034421666,-0.2128289624261387,-0.20705964456619616,-0.2280709641734485,1.0,0.0,0.0,0.0,1.0,0.0,1.0,0.0,0.0,0.0,0.0,1.0,1.0,0.0,0.0,1.0,1
C000199,0.16508104668669207,0.6683856370766394,0.6319490157082613,-0.0016295227149882177,-0.46410667241066167,-0.21139890034421666,-0.2128289624261387,-0.20705964456619616,-0.2280709641734485,1.0,0.0,0.0,0.0,1.0,0.0,1.0,0.0,0.0,0.0,1.0,0.0,0.0,1.0,1.0,0.0,1
C000200,-0.36270915586401126,-1.9707236074664707,-1.2452805619196345,-0.0016295227149882177,-0.46410667241066167,-0.21139890034421666,-0.2128289624261387,-0.20705964456619616,-0.2280709641734485,1.0,0.0,0.0,0.0,0.0,1.0,0.0,0.0,1.0,0.0,0.0,1.0,1.0,0.0,1.0,0.0,0
C000201,0.8101579609153294,-0.01751103148560355,0.5652197076907575,-0.0016295227149882177,-0.46410667241066167,-0.21139890034421666,-0.2128289624261387,-0.20705964456619616,-0.2280709641734485,0.0,1.0,0.0,1.0,0.0,0.0,1.0,0.0,0.0,0.0,0.0,1.0,1.0,0.0,0.0,1.0,0
C000202,0.10643769084772503,-1.6858703462056486,-0.888012040233766,-0.0016295227149882177,-0.46410667241066167,-0.21139890034421666,-0.2128289624261387,-0.20705964456619616,-0.2280709641734485,0.0,1.0,0.0,0.0,0.0,1.0,0.0,0.0,1.0,0.0,0.0,1.0,1.0,0.0,1.0,0.0,0
C000203,-1.2423594934485167,0.4177335075132512,-0.732888161076116,-0.0016295227149882177,-0.46410667241066167,-0.21139890034421666,-0.2128289624261387,-0.20705964456619616,-0.2280709641734485,1.0,0.0,0.0,0.0,1.0,0.0,1.0,0.0,0.0,0.0,0.0,1.0,1.0,0.0,1.0,0.0,1
C000204,0.3996544700425602,-1.1395892563534797,-0.5749966040745021,2.931511364263736,-0.46410667241066167,-0.21139890034421666,-0.2128289624261387,-0.20705964456619616,-0.2280709641734485,0.0,1.0,0.0,0.0,0.0,1.0,1.0,0.0,0.0,0.0,1.0,0.0,0.0,1.0,1.0,0.0,0
C000205,-0.010849020830209034,-2.0091413170444103,-1.1048432313210828,-0.0016295227149882177,-0.46410667241066167,-0.21139890034421666,-0.2128289624261387,-0.20705964456619616,-0.2280709641734485,0.0,1.0,0.0,0.0,0.0,1.0,1.0,0.0,0.0,0.0,0.0,1.0,1.0,0.0,1.0,0.0,0
C000206,0.3410111142035932,0.1616935284358845,-1.03225864786487,0.9760841062779199,-0.46410667241066167,-0.21139890034421666,4.698608632023215,-0.20705964456619616,-0.2280709641734485,0.0,1.0,0.0,0.0,0.0,1.0,0.0,0.0,1.0,0.0,0.0,1.0,0.0,1.0,0.0,1.0,0
C000207,1.3965915193049998,0.86843883207396,1.9048873840823135,-0.0016295227149882177,-0.46410667241066167,-0.21139890034421666,-0.2128289624261387,-0.20705964456619616,4.384600221356971,1.0,0.0,0.0,0.0,1.0,0.0,0.0,0.0,0.0,1.0,0.0,1.0,0.0,1.0,1.0,0.0,1
C000208,0.5755845375594614,-0.05592874106354338,0.31752742064440315,0.9760841062779199,-0.46410667241066167,-0.21139890034421666,-0.2128289624261387,-0.20705964456619616,-0.2280709641734485,1.0,0.0,0.0,1.0,0.0,0.0,0.0,1.0,0.0,0.0,0.0,1.0,1.0,0.0,0.0,1.0,0
C000209,0.22372440252565912,-0.5103821348513679,-0.1484840563301086,-0.9793431517078963,-0.46410667241066167,-0.21139890034421666,-0.2128289624261387,-0.20705964456619616,-0.2280709641734485,0.0,0.0,1.0,1.0,0.0,0.0,0.0,1.0,0.0,0.0,0.0,1.0,1.0,0.0,0.0,1.0,0
C000210,-0.5386392233809124,-0.34312454559131284,-0.5258852023325525,-0.9793431517078963,-0.46410667241066167,-0.21139890034421666,-0.2128289624261387,-0.20705964456619616,-0.2280709641734485,0.0,0.0,1.0,1.0,0.0,0.0,0.0,0.0,0.0,1.0,0.0,1.0,0.0,1.0,1.0,0.0,0
C000211,0.8688013167542965,1.0619329059238274,1.436673668823357,-0.0016295227149882177,-0.46410667241066167,-0.21139890034421666,-0.2128289624261387,-0.20705964456619616,-0.2280709641734485,1.0,0.0,0.0,0.0,1.0,0.0,0.0,0.0,1.0,0.0,1.0,0.0,0.0,1.0,1.0,0.0,1
C000212,-1.0664294259316156,0.2265819769303312,-0.6314364001075925,-0.9793431517078963,-0.46410667241066167,-0.21139890034421666,-0.2128289624261387,-0.20705964456619616,-0.2280709641734485,1.0,0.0,0.0,1.0,0.0,0.0,0.0,0.0,0.0,1.0,0.0,1.0,1.0,0.0,1.0,0.0,1
C000213,-1.1837161376095497,0.35635887391922527,-0.8595094224374612,-0.9793431517078963,-0.46410667241066167,-0.21139890034421666,-0.2128289624261387,-0.20705964456619616,-0.2280709641734485,1.0,0.0,0.0,0.0,1.0,0.0,0.0,0.0,1.0,0.0,0.0,1.0,0.0,1.0,1.0,0.0,1
C000214,-0.18677908834711016,1.1921783115661113,0.568456105169586,0.9760841062779199,2.1546770590601567,-0.21139890034421666,-0.2128289624261387,-0.20705964456619616,-0.2280709641734485,1.0,0.0,0.0,0.0,1.0,0.0,0.0,0.0,0.0,1.0,1.0,0.0,0.0,1.0,1.0,0.0,1
C000215,-0.8904993584147146,0.7630243850613203,-0.339171107783853,-0.0016295227149882177,-0.46410667241066167,-0.21139890034421666,-0.2128289624261387,-0.20705964456619616,-0.2280709641734485,1.0,0.0,0.0,0.0,1.0,0.0,0.0,0.0,1.0,0.0,1.0,0.0,0.0,1.0,0.0,1.0,0
C000216,-0.42135251170297827,0.851104011898548,0.03744883882714943,1.953797735270828,-0.46410667241066167,-0.21139890034421666,-0.2128289624261387,-0.20705964456619616,-0.2280709641734485,1.0,0.0,0.0,0.0,1.0,0.0,0.0,0.0,0.0,1.0,0.0,1.0,0.0,1.0,0.0,1.0,1
C000217,1.1033747401101646,0.6646375678495228,1.4783153163842861,-0.9793431517078963,-0.46410667241066167,-0.21139890034421666,-0.2128289624261387,-0.20705964456619616,-0.2280709641734485,1.0,0.0,0.0,0.0,1.0,0.0,0.0,0.0,1.0,0.0,1.0,0.0,0.0,1.0,1.0,0.0,0
C000218,1.3965915193049998,-1.2628070321949212,-0.07438915405044247,-0.9793431517078963,2.1546770590601567,-0.21139890034421666,-0.2128289624261387,-0.20705964456619616,-0.2280709641734485,0.0,0.0,1.0,1.0,0.0,0.0,0.0,1.0,0.0,0.0,0.0,1.0,0.0,1.0,0.0,1.0,0
C000219,-0.6559259350588464,-0.39419198881076956,-0.6809049215713439,-0.9793431517078963,-0.46410667241066167,-0.21139890034421666,-0.2128289624261387,-0.20705964456619616,-0.2280709641734485,0.0,1.0,0.0,1.0,0.0,0.0,1.0,0.0,0.0,0.0,0.0,1.0,0.0,1.0,1.0,0.0,0
C000220,-1.3010028492874839,-1.4038281368651635,-1.2218297001879839,-0.9793431517078963,-0.46410667241066167,-0.21139890034421666,-0.2128289624261387,-0.20705964456619616,-0.2280709641734485,1.0,0.0,0.0,0.0,0.0,1.0,0.0,0.0,1.0,0.0,0.0,1.0,0.0,1.0,1.0,0.0,0
C000221,0.9860880284322305,-1.3105949148406513,-0.3294693553415712,1.953797735270828,-0.46410667241066167,-0.21139890034421666,-0.2128289624261387,-0.20705964456619616,-0.2280709641734485,1.0,0.0,0.0,0.0,0.0,1.0,0.0,0.0,1.0,0.0,0.0,1.0,1.0,0.0,1.0,0.0,1
C000222,-1.3596462051264508,1.1429849029602128,-0.7832792418211886,1.953797735270828,2.1546770590601567,-0.21139890034421666,-0.2128289624261387,-0.20705964456619616,-0.2280709641734485,1.0,0.0,0.0,0.0,1.0,0.0,0.0,1.0,0.0,0.0,1.0,0.0,0.0,1.0,1.0,0.0,0
C000223,-1.9460797635161213,-0.6218871943580714,-1.502875481251784,-0.9793431517078963,2.1546770590601567,-0.21139890034421666,-0.2128289624261387,-0.20705964456619616,-0.2280709641734485,0.0,1.0,0.0,0.0,1.0,0.0,1.0,0.0,0.0,0.0,0.0,1.0,0.0,1.0,1.0,0.0,0
C000224,-0.010849020830209034,0.7489691254596351,0.41589902401238615,-0.0016295227149882177,-0.46410667241066167,-0.21139890034421666,-0.2128289624261387,-0.20705964456619616,-0.2280709641734485,1.0,0.0,0.0,0.0,1.0,0.0,0.0,0.0,1.0,0.0,1.0,0.0,1.0,0.0,1.0,0.0,1
C000225,-0.47999586754194534,-0.9709261411332565,-0.7526859856535023,-0.9793431517078963,-0.46410667241066167,-0.21139890034421666,-0.2128289624261387,-0.20705964456619616,-0.2280709641734485,1.0,0.0,0.0,1.0,0.0,0.0,0.0,0.0,1.0,0.0,0.0,1.0,1.0,0.0,0.0,1.0,0
C000226,-1.9460797635161213,0.9002974205044464,-1.5462283274796798,0.9760841062779199,-0.46410667241066167,-0.21139890034421666,-0.2128289624261387,-0.20705964456619616,-0.2280709641734485,1.0,0.0,0.0,0.0,1.0,0.0,1.0,0.0,0.0,0.0,0.0,1.0,1.0,0.0,0.0,1.0,1
C000227,0.9274446725932636,0.8745294445680235,1.4415989449865398,0.9760841062779199,-0.46410667241066167,-0.21139890034421666,-0.2128289624261387,-0.20705964456619616,-0.2280709641734485,0.0,1.0,0.0,0.0,1.0,0.0,1.0,0.0,0.0,0.0,0.0,1.0,0.0,1.0,1.0,0.0,0
C000228,-2.0047231193550883,-1.6273067645319599,-1.6306945816800058,-0.9793431517078963,-0.46410667241066167,-0.21139890034421666,-0.2128289624261387,-0.20705964456619616,-0.2280709641734485,0.0,0.0,1.0,0.0,0.0,1.0,1.0,0.0,0.0,0.0,0.0,1.0,0.0,1.0,1.0,0.0,0
C000229,-1.594219628482319,-0.2564504447142537,-1.220438421271798,0.9760841062779199,-0.46410667241066167,-0.21139890034421666,-0.2128289624261387,-0.20705964456619616,-0.2280709641734485,1.0,0.0,0.0,1.0,0.0,0.0,0.0,0.0,1.0,0.0,0.0,1.0,1.0,0.0,1.0,0.0,0
C000230,-0.010849020830209034,1.074114130911955,-1.5033070009156277,0.9760841062779199,2.1546770590601567,4.730393575234874,-0.2128289624261387,-0.20705964456619616,-0.2280709641734485,0.0,0.0,1.0,0.0,1.0,0.0,1.0,0.0,0.0,0.0,1.0,0.0,1.0,0.0,1.0,0.0,1
C000231,-0.06949237666917607,0.3441776489310985,0.21490014059161536,-0.0016295227149882177,-0.46410667241066167,-0.21139890034421666,-0.2128289624261387,-0.20705964456619616,-0.2280709641734485,1.0,0.0,0.0,1.0,0.0,0.0,1.0,0.0,0.0,0.0,0.0,1.0,1.0,0.0,1.0,0.0,0
C000232,0.047794335008758,1.2957187239651935,0.8691732309093011,-0.9793431517078963,-0.46410667241066167,-0.21139890034421666,-0.2128289624261387,-0.20705964456619616,-0.2280709641734485,1.0,0.0,0.0,0.0,1.0,0.0,1.0,0.0,0.0,0.0,0.0,1.0,0.0,1.0,1.0,0.0,1
C000233,-0.36270915586401126,-0.2259973822439353,-0.4246864011669719,0.9760841062779199,-0.46410667241066167,-0.21139890034421666,-0.2128289624261387,-0.20705964456619616,-0.2280709641734485,0.0,0.0,1.0,1.0,0.0,0.0,1.0,0.0,0.0,0.0,1.0,0.0,1.0,0.0,1.0,0.0,0
C000234,0.22372440252565912,-0.3426560369379234,-0.003255369464049804,-0.9793431517078963,-0.46410667241066167,-0.21139890034421666,-0.2128289624261387,-0.20705964456619616,-0.2280709641734485,0.0,1.0,0.0,1.0,0.0,0.0,0.0,0.0,1.0,0.0,0.0,1.0,1.0,0.0,1.0,0.0,0
C000235,1.2793048076270657,0.14225041932021953,1.1436420570965848,2.931511364263736,-0.46410667241066167,-0.21139890034421666,-0.2128289624261387,-0.20705964456619616,-0.2280709641734485,1.0,0.0,0.0,0.0,1.0,0.0,1.0,0.0,0.0,0.0,0.0,1.0,1.0,0.0,1.0,0.0,1
C000236,0.8101579609153294,0.18675874139222312,0.8730197079128742,1.953797735270828,2.1546770590601567,-0.21139890034421666,-0.2128289624261387,-0.20705964456619616,-0.2280709641734485,1.0,0.0,0.0,0.0,1.0,0.0,0.0,0.0,1.0,0.0,1.0,0.0,0.0,1.0,1.0,0.0,1
C000237,-0.010849020830209034,-0.06717294874489138,-0.3587978124945428,-0.9793431517078963,-0.46410667241066167,4.730393575234874,-0.2128289624261387,-0.20705964456619616,-0.2280709641734485,1.0,0.0,0.0,0.0,1.0,0.0,0.0,1.0,0.0,0.0,0.0,1.0,0.0,1.0,1.0,0.0,0
C000238,-1.3010028492874839,-0.23958413319223107,-1.078312211988892,-0.9793431517078963,-0.46410667241066167,-0.21139890034421666,-0.2128289624261387,-0.20705964456619616,-0.2280709641734485,0.0,1.0,0.0,1.0,0.0,0.0,0.0,1.0,0.0,0.0,0.0,1.0,1.0,0.0,1.0,0.0,0
C000239,0.8688013167542965,0.7527171946867511,1.3051122513104205,-0.9793431517078963,-0.46410667241066167,-0.21139890034421666,-0.2128289624261387,-0.20705964456619616,-0.2280709641734485,1.0,0.0,0.0,0.0,1.0,0.0,0.0,0.0,1.0,0.0,1.0,0.0,0.0,1.0,1.0,0.0,1
C000240,-1.77014969599922,0.2973267835921475,-1.251686396929454,0.9760841062779199,-0.46410667241066167,-0.21139890034421666,-0.2128289624261387,-0.20705964456619616,-0.2280709641734485,1.0,0.0,0.0,1.0,0.0,0.0,0.0,0.0,1.0,0.0,0.0,1.0,0.0,1.0,1.0,0.0,0
C000241,-1.2423594934485167,0.17082944717697962,-0.8453808734436781,-0.0016295227149882177,-0.46410667241066167,-0.21139890034421666,-0.2128289624261387,-0.20705964456619616,4.384600221356971,0.0,1.0,0.0,1.0,0.0,0.0,0.0,0.0,1.0,0.0,0.0,1.0,0.0,1.0,1.0,0.0,0
C000242,-0.8318560025757475,0.793008938878249,-0.329387515405325,-0.0016295227149882177,-0.46410667241066167,-0.21139890034421666,-0.2128289624261387,-0.20705964456619616,-0.2280709641734485,0.0,0.0,1.0,0.0,1.0,0.0,0.0,0.0,1.0,0.0,0.0,1.0,0.0,1.0,1.0,0.0,0
C000243,0.3996544700425602,0.024654747319452282,0.2537889902969888,-0.9793431517078963,-0.46410667241066167,-0.21139890034421666,-0.2128289624261387,-0.20705964456619616,-0.2280709641734485,0.0,0.0,1.0,0.0,1.0,0.0,1.0,0.0,0.0,0.0,0.0,1.0,1.0,0.0,1.0,0.0,0
C000244,0.047794335008758,1.132209203932254,0.5622065100380548,-0.0016295227149882177,-0.46410667241066167,-0.21139890034421666,-0.2128289624261387,-0.20705964456619616,-0.2280709641734485,1.0,0.0,0.0,0.0,1.0,0.0,0.0,0.0,1.0,0.0,0.0,1.0,1.0,0.0,1.0,0.0,0
C000245,-1.77014969599922,-1.143337325580596,-1.5286997011345755,-0.0016295227149882177,-0.46410667241066167,-0.21139890034421666,-0.2128289624261387,-0.20705964456619616,-0.2280709641734485,1.0,0.0,0.0,1.0,0.0,0.0,1.0,0.0,0.0,0.0,0.0,1.0,0.0,1.0,1.0,0.0,0
C000246,0.6342278933984283,-0.601272813608933,0.13377444378897674,0.9760841062779199,-0.46410667241066167,-0.21139890034421666,-0.2128289624261387,-0.20705964456619616,-0.2280709641734485,1.0,0.0,0.0,1.0,0.0,0.0,0.0,0.0,0.0,1.0,0.0,1.0,0.0,1.0,0.0,1.0,1
C000247,-0.5386392233809124,0.00778843579742995,-0.3745557202190466,-0.9793431517078963,-0.46410667241066167,-0.21139890034421666,-0.2128289624261387,-0.20705964456619616,-0.2280709641734485,1.0,0.0,0.0,1.0,0.0,0.0,0.0,0.0,1.0,0.0,1.0,0.0,0.0,1.0,1.0,0.0,1
C000248,-0.06949237666917607,0.09071446744737337,-0.14788141679956815,-0.0016295227149882177,-0.46410667241066167,-0.21139890034421666,-0.2128289624261387,4.829526304341278,-0.2280709641734485,1.0,0.0,0.0,1.0,0.0,0.0,1.0,0.0,0.0,0.0,1.0,0.0,0.0,1.0,1.0,0.0,0
C000249,-0.010849020830209034,0.1616935284358845,-0.913233620586017,-0.9793431517078963,2.1546770590601567,-0.21139890034421666,4.698608632023215,-0.20705964456619616,-0.2280709641734485,1.0,0.0,0.0,0.0,0.0,1.0,1.0,0.0,0.0,0.0,0.0,1.0,0.0,1.0,0.0,1.0,0
C000250,1.572521586821901,-1.6198106260777276,-0.38574547150216915,-0.0016295227149882177,-0.46410667241066167,-0.21139890034421666,-0.2128289624261387,-0.20705964456619616,-0.2280709641734485,1.0,0.0,0.0,0.0,0.0,1.0,0.0,0.0,1.0,0.0,0.0,1.0,0.0,1.0,0.0,1.0,0
C000251,-0.7732126467367805,-0.1449453852075502,-0.6157752123077433,-0.9793431517078963,-0.46410667241066167,-0.21139890034421666,-0.2128289624261387,-0.20705964456619616,-0.2280709641734485,0.0,0.0,1.0,0.0,1.0,0.0,1.0,0.0,0.0,0.0,0.0,1.0,0.0,1.0,1.0,0.0,0
C000252,0.8688013167542965,-0.5717567684453938,0.29081040145710696,-0.0016295227149882177,-0.46410667241066167,-0.21139890034421666,-0.2128289624261387,-0.20705964456619616,-0.2280709641734485,1.0,0.0,0.0,1.0,0.0,0.0,0.0,0.0,1.0,0.0,0.0,1.0,0.0,1.0,0.0,1.0,0
C000253,1.572521586821901,-0.2897145591049086,1.077835308360402,-0.9793431517078963,-0.46410667241066167,-0.21139890034421666,-0.2128289624261387,-0.20705964456619616,-0.2280709641734485,1.0,0.0,0.0,1.0,0.0,0.0,0.0,0.0,0.0,1.0,0.0,1.0,1.0,0.0,0.0,1.0,0
C000254,0.3410111142035932,-1.2346965129915504,-0.4511802205281418,0.9760841062779199,-0.46410667241066167,-0.21139890034421666,-0.2128289624261387,-0.20705964456619616,-0.2280709641734485,0.0,0.0,1.0,1.0,0.0,0.0,0.0,0.0,0.0,1.0,0.0,1.0,0.0,1.0,0.0,1.0,0
C000255,-1.3010028492874839,0.8820255830222554,-0.8974682728673091,-0.0016295227149882177,-0.46410667241066167,-0.21139890034421666,-0.2128289624261387,-0.20705964456619616,-0.2280709641734485,0.0,1.0,0.0,0.0,1.0,0.0,0.0,1.0,0.0,0.0,0.0,1.0,0.0,1.0,1.0,0.0,1
C000256,-2.0047231193550883,0.5414197920080819,-1.3953973249778553,-0.0016295227149882177,-0.46410667241066167,-0.21139890034421666,-0.2128289624261387,-0.20705964456619616,4.384600221356971,0.0,1.0,0.0,0.0,1.0,0.0,0.0,1.0,0.0,0.0,1.0,0.0,1.0,0.0,1.0,0.0,0
C000257,-1.1837161376095497,0.288893627831136,-0.802965466485512,-0.9793431517078963,-0.46410667241066167,-0.21139890034421666,-0.2128289624261387,-0.20705964456619616,-0.2280709641734485,1.0,0.0,0.0,1.0,0.0,0.0,1.0,0.0,0.0,0.0,0.0,1.0,1.0,0.0,1.0,0.0,1
C000258,1.572521586821901,0.5001910305098052,1.7516607034467349,0.9760841062779199,-0.46410667241066167,-0.21139890034421666,-0.2128289624261387,-0.20705964456619616,-0.2280709641734485,0.0,0.0,1.0,0.0,1.0,0.0,1.0,0.0,0.0,0.0,0.0,1.0,1.0,0.0,1.0,0.0,0
C000259,1.513878230982934,-0.004392789190697218,1.207737607165801,-0.9793431517078963,-0.46410667241066167,-0.21139890034421666,-0.2128289624261387,-0.20705964456619616,-0.2280709641734485,0.0,0.0,1.0,1.0,0.0,0.0,0.0,0.0,0.0,1.0,0.0,1.0,0.0,1.0,1.0,0.0,0
C000260,-1.476932916804385,-0.7034077000478463,-1.1823084509752533,-0.9793431517078963,-0.46410667241066167,-0.21139890034421666,-0.2128289624261387,-0.20705964456619616,-0.2280709641734485,1.0,0.0,0.0,0.0,0.0,1.0,0.0,0.0,0.0,1.0,1.0,0.0,0.0,1.0,1.0,0.0,0
C000261,-0.010849020830209034,-0.5094451175445891,-0.22761583468602076,-0.0016295227149882177,-0.46410667241066167,-0.21139890034421666,-0.2128289624261387,-0.20705964456619616,-0.2280709641734485,0.0,0.0,1.0,1.0,0.0,0.0,0.0,0.0,0.0,1.0,0.0,1.0,0.0,1.0,1.0,0.0,0
C000262,-1.3010028492874839,0.8843681262892036,-0.7620901383276161,1.953797735270828,-0.46410667241066167,-0.21139890034421666,-0.2128289624261387,-0.20705964456619616,-0.2280709641734485,1.0,0.0,0.0,0.0,1.0,0.0,0.0,1.0,0.0,0.0,0.0,1.0,1.0,0.0,1.0,0.0,0
C000263,0.8101579609153294,-1.3401109600041903,-0.49332778769495655,-0.9793431517078963,-0.46410667241066167,-0.21139890034421666,-0.2128289624261387,-0.20705964456619616,-0.2280709641734485,1.0,0.0,0.0,0.0,0.0,1.0,0.0,1.0,0.0,0.0,1.0,0.0,1.0,0.0,0.0,1.0,0
C000264,1.2206614517880987,-0.904397912351946,0.018201573820874176,-0.9793431517078963,-0.46410667241066167,-0.21139890034421666,-0.2128289624261387,-0.20705964456619616,-0.2280709641734485,0.0,1.0,0.0,1.0,0.0,0.0,0.0,0.0,1.0,0.0,0.0,1.0,0.0,1.0,1.0,0.0,0
C000265,-0.010849020830209034,0.1616935284358845,-0.5295382394868167,-0.9793431517078963,-0.46410667241066167,4.730393575234874,4.698608632023215,-0.20705964456619616,-0.2280709641734485,0.0,1.0,0.0,1.0,0.0,0.0,0.0,0.0,0.0,1.0,1.0,0.0,1.0,0.0,1.0,0.0,0
C000266,0.6342278933984283,0.30154336147265254,0.7293310998470857,-0.9793431517078963,-0.46410667241066167,-0.21139890034421666,-0.2128289624261387,-0.20705964456619616,-0.2280709641734485,1.0,0.0,0.0,0.0,1.0,0.0,0.0,1.0,0.0,0.0,1.0,0.0,1.0,0.0,0.0,1.0,0
C000267,0.5169411817204943,-2.0091413170444103,-1.0512306330855898,-0.0016295227149882177,2.1546770590601567,-0.21139890034421666,-0.2128289624261387,-0.20705964456619616,-0.2280709641734485,1.0,0.0,0.0,0.0,0.0,1.0,1.0,0.0,0.0,0.0,0.0,1.0,0.0,1.0,1.0,0.0,0
C000268,-1.9460797635161213,-0.0385939208881313,-1.4463538452824474,-0.9793431517078963,-0.46410667241066167,-0.21139890034421666,-0.2128289624261387,-0.20705964456619616,-0.2280709641734485,1.0,0.0,0.0,1.0,0.0,0.0,0.0,0.0,1.0,0.0,0.0,1.0,0.0,1.0,1.0,0.0,1
C000269,-0.42135251170297827,0.3034173960862109,-0.19704489850094706,-0.0016295227149882177,-0.46410667241066167,-0.21139890034421666,-0.2128289624261387,-0.20705964456619616,-0.2280709641734485,0.0,0.0,1.0,0.0,1.0,0.0,0.0,0.0,0.0,1.0,0.0,1.0,1.0,0.0,1.0,0.0,0
C000270,0.45829782588152723,1.1856191904186582,1.2916458618008118,0.9760841062779199,-0.46410667241066167,-0.21139890034421666,-0.2128289624261387,-0.20705964456619616,-0.2280709641734485,1.0,0.0,0.0,0.0,1.0,0.0,1.0,0.0,0.0,0.0,1.0,0.0,0.0,1.0,1.0,0.0,0
C000271,0.16508104668669207,1.3617784440931142,0.9556185235679452,-0.0016295227149882177,-0.46410667241066167,-0.21139890034421666,-0.2128289624261387,-0.20705964456619616,-0.2280709641734485,1.0,0.0,0.0,0.0,1.0,0.0,0.0,1.0,0.0,0.0,0.0,1.0,1.0,0.0,1.0,0.0,0
C000272,-0.30406580002504424,0.7545912293003088,0.19841311343509943,0.9760841062779199,-0.46410667241066167,-0.21139890034421666,-0.2128289624261387,-0.20705964456619616,-0.2280709641734485,0.0,0.0,1.0,0.0,1.0,0.0,0.0,1.0,0.0,0.0,0.0,1.0,0.0,1.0,1.0,0.0,0
C000273,0.10643769084772503,0.9930621338755695,0.6886343315500905,-0.9793431517078963,-0.46410667241066167,-0.21139890034421666,-0.2128289624261387,-0.20705964456619616,-0.2280709641734485,0.0,0.0,1.0,0.0,1.0,0.0,0.0,0.0,1.0,0.0,1.0,0.0,0.0,1.0,1.0,0.0,0
C000274,-0.010849020830209034,0.1616935284358845,0.4155121443137676,-0.9793431517078963,-0.46410667241066167,-0.21139890034421666,4.698608632023215,-0.20705964456619616,-0.2280709641734485,0.0,1.0,0.0,0.0,1.0,0.0,1.0,0.0,0.0,0.0,1.0,0.0,1.0,0.0,1.0,0.0,1
C000275,-1.8287930518381872,-1.556561957870144,-1.5711820680405795,-0.9793431517078963,-0.46410667241066167,-0.21139890034421666,-0.2128289624261387,-0.20705964456619616,-0.2280709641734485,1.0,0.0,0.0,0.0,1.0,0.0,0.0,1.0,0.0,0.0,0.0,1.0,0.0,1.0,1.0,0.0,1
C000276,-0.010849020830209034,-0.9826388574679943,-0.5771988423589465,-0.9793431517078963,-0.46410667241066167,-0.21139890034421666,-0.2128289624261387,-0.20705964456619616,-0.2280709641734485,0.0,1.0,0.0,1.0,0.0,0.0,1.0,0.0,0.0,0.0,0.0,1.0,0.0,1.0,0.0,1.0,0
C000277,0.22372440252565912,1.3219552085550055,1.0915620976671578,-0.9793431517078963,-0.46410667241066167,-0.21139890034421666,-0.2128289624261387,-0.20705964456619616,-0.2280709641734485,1.0,0.0,0.0,0.0,1.0,0.0,1.0,0.0,0.0,0.0,0.0,1.0,0.0,1.0,1.0,0.0,1
C000278,0.8688013167542965,0.028402816546568618,0.7464058865457334,-0.9793431517078963,-0.46410667241066167,-0.21139890034421666,-0.2128289624261387,-0.20705964456619616,-0.2280709641734485,1.0,0.0,0.0,1.0,0.0,0.0,0.0,1.0,0.0,0.0,1.0,0.0,0.0,1.0,1.0,0.0,0
C000279,1.8657383660167361,-2.0091413170444103,-0.6673864521023054,-0.9793431517078963,-0.46410667241066167,-0.21139890034421666,-0.2128289624261387,-0.20705964456619616,-0.2280709641734485,1.0,0.0,0.0,0.0,0.0,1.0,0.0,0.0,1.0,0.0,0.0,1.0,1.0,0.0,0.0,1.0,0
C000280,-0.9491427142536816,-0.042341990115247634,-0.6326267991802651,-0.0016295227149882177,2.1546770590601567,-0.21139890034421666,-0.2128289624261387,-0.20705964456619616,-0.2280709641734485,1.0,0.0,0.0,0.0,1.0,0.0,1.0,0.0,0.0,0.0,1.0,0.0,0.0,1.0,0.0,1.0,0
C000281,0.8101579609153294,0.4524031478640754,0.9557152434926,-0.9793431517078963,-0.46410667241066167,-0.21139890034421666,-0.2128289624261387,-0.20705964456619616,-0.2280709641734485,0.0,1.0,0.0,0.0,1.0,0.0,0.0,1.0,0.0,0.0,1.0,0.0,0.0,1.0,0.0,1.0,0
C000282,-0.010849020830209034,1.22216286538304,1.6914860303231347,1.953797735270828,-0.46410667241066167,4.730393575234874,-0.2128289624261387,-0.20705964456619616,-0.2280709641734485,1.0,0.0,0.0,0.0,1.0,0.0,0.0,0.0,1.0,0.0,0.0,1.0,1.0,0.0,1.0,0.0,1
C000283,1.3965915193049998,0.16145927410918928,1.2587908473950475,1.953797735270828,-0.46410667241066167,-0.21139890034421666,-0.2128289624261387,-0.20705964456619616,-0.2280709641734485,1.0,0.0,0.0,0.0,1.0,0.0,1.0,0.0,0.0,0.0,0.0,1.0,0.0,1.0,0.0,1.0,0
C000284,-0.7732126467367805,-0.1280790736855279,-0.6971687489017334,-0.0016295227149882177,-0.46410667241066167,-0.21139890034421666,-0.2128289624261387,-0.20705964456619616,-0.2280709641734485,0.0,1.0,0.0,0.0,1.0,0.0,0.0,0.0,0.0,1.0,0.0,1.0,1.0,0.0,0.0,1.0,1
C000285,1.1033747401101646,-0.5933081665013114,0.22426709329470776,-0.9793431517078963,-0.46410667241066167,-0.21139890034421666,-0.2128289624261387,-0.20705964456619616,-0.2280709641734485,0.0,0.0,1.0,1.0,0.0,0.0,1.0,0.0,0.0,0.0,1.0,0.0,0.0,1.0,0.0,1.0,0
C000286,-2.0047231193550883,0.1616935284358845,-1.5469425669232832,-0.9793431517078963,-0.46410667241066167,-0.21139890034421666,4.698608632023215,-0.20705964456619616,-0.2280709641734485,0.0,0.0,1.0,1.0,0.0,0.0,1.0,0.0,0.0,0.0,1.0,0.0,1.0,0.0,1.0,0.0,0
C000287,0.10643769084772503,-0.6031468482224911,-0.1758483550131703,-0.0016295227149882177,-0.46410667241066167,-0.21139890034421666,-0.2128289624261387,-0.20705964456619616,-0.2280709641734485,0.0,1.0,0.0,1.0,0.0,0.0,0.0,1.0,0.0,0.0,0.0,1.0,1.0,0.0,0.0,1.0,1
C000288,-1.4182895609654178,-0.6584308693224532,-1.2761118979018553,-0.9793431517078963,-0.46410667241066167,-0.21139890034421666,-0.2128289624261387,-0.20705964456619616,-0.2280709641734485,0.0,0.0,1.0,1.0,0.0,0.0,0.0,0.0,0.0,1.0,1.0,0.0,0.0,1.0,1.0,0.0,0
C000289,0.9860880284322305,0.7138309764554219,1.437611108093087,-0.9793431517078963,-0.46410667241066167,-0.21139890034421666,-0.2128289624261387,-0.20705964456619616,-0.2280709641734485,1.0,0.0,0.0,0.0,1.0,0.0,0.0,0.0,0.0,1.0,0.0,1.0,1.0,0.0,0.0,1.0,1
C000290,-0.5386392233809124,-0.6888839317927713,-0.7694929325607989,-0.0016295227149882177,-0.46410667241066167,-0.21139890034421666,-0.2128289624261387,-0.20705964456619616,-0.2280709641734485,0.0,1.0,0.0,1.0,0.0,0.0,0.0,1.0,0.0,0.0,1.0,0.0,0.0,1.0,1.0,0.0,0
C000291,-0.1281357325081431,-1.7214770038632514,-0.980647408070308,-0.0016295227149882177,-0.46410667241066167,-0.21139890034421666,-0.2128289624261387,-0.20705964456619616,4.384600221356971,1.0,0.0,0.0,0.0,0.0,1.0,1.0,0.0,0.0,0.0,0.0,1.0,0.0,1.0,1.0,0.0,0
C000292,-0.1281357325081431,-0.45181855317767916,-0.38198827442904604,-0.0016295227149882177,-0.46410667241066167,-0.21139890034421666,-0.2128289624261387,-0.20705964456619616,-0.2280709641734485,1.0,0.0,0.0,1.0,0.0,0.0,0.0,0.0,1.0,0.0,0.0,1.0,0.0,1.0,0.0,1.0,0
C000293,1.2793048076270657,-0.9840443834281625,0.22598573195587915,-0.9793431517078963,-0.46410667241066167,-0.21139890034421666,-0.2128289624261387,-0.20705964456619616,-0.2280709641734485,0.0,0.0,1.0,1.0,0.0,0.0,1.0,0.0,0.0,0.0,1.0,0.0,0.0,1.0,1.0,0.0,0
C000294,1.572521586821901,-0.6471866616411049,0.6652504297662779,-0.9793431517078963,-0.46410667241066167,-0.21139890034421666,-0.2128289624261387,-0.20705964456619616,-0.2280709641734485,1.0,0.0,0.0,1.0,0.0,0.0,1.0,0.0,0.0,0.0,1.0,0.0,1.0,0.0,1.0,0.0,1
C000295,0.28236775836462613,1.0802047434060185,1.0186724744485727,1.953797735270828,-0.46410667241066167,-0.21139890034421666,-0.2128289624261387,-0.20705964456619616,-0.2280709641734485,0.0,1.0,0.0,0.0,1.0,0.0,1.0,0.0,0.0,0.0,0.0,1.0,0.0,1.0,1.0,0.0,0
C000296,1.0447313842711976,-1.47410443487359,-0.41273777047502064,-0.0016295227149882177,-0.46410667241066167,-0.21139890034421666,-0.2128289624261387,-0.20705964456619616,-0.2280709641734485,1.0,0.0,0.0,0.0,0.0,1.0,0.0,0.0,0.0,1.0,0.0,1.0,0.0,1.0,0.0,1.0,1
C000297,1.1033747401101646,0.7569337725672569,1.6547324589543675,1.953797735270828,2.1546770590601567,-0.21139890034421666,-0.2128289624261387,-0.20705964456619616,-0.2280709641734485,1.0,0.0,0.0,0.0,1.0,0.0,0.0,0.0,0.0,1.0,0.0,1.0,0.0,1.0,1.0,0.0,1
C000298,-1.1250727817705828,1.3758337036947994,-0.5053656983173584,-0.9793431517078963,2.1546770590601567,-0.21139890034421666,-0.2128289624261387,-0.20705964456619616,-0.2280709641734485,1.0,0.0,0.0,0.0,1.0,0.0,0.0,0.0,1.0,0.0,1.0,0.0,1.0,0.0,0.0,1.0,0
C000299,0.8101579609153294,0.038241498267748364,0.7195475074685576,-0.9793431517078963,-0.46410667241066167,-0.21139890034421666,-0.2128289624261387,-0.20705964456619616,-0.2280709641734485,1.0,0.0,0.0,1.0,0.0,0.0,0.0,1.0,0.0,0.0,0.0,1.0,0.0,1.0,0.0,1.0,0
C000300,0.28236775836462613,0.1616935284358845,0.7850789764191849,-0.0016295227149882177,-0.46410667241066167,-0.21139890034421666,4.698608632023215,-0.20705964456619616,-0.2280709641734485,0.0,1.0,0.0,0.0,1.0,0.0,1.0,0.0,0.0,0.0,0.0,1.0,0.0,1.0,1.0,0.0,0
C000301,-0.010849020830209034,1.0497516809357006,2.573460143260479,-0.0016295227149882177,-0.46410667241066167,4.730393575234874,-0.2128289624261387,-0.20705964456619616,-0.2280709641734485,0.0,1.0,0.0,0.0,1.0,0.0,0.0,0.0,1.0,0.0,0.0,1.0,1.0,0.0,0.0,1.0,0
C000302,-1.0664294259316156,-0.05358619779659564,-0.8750441303358387,-0.0016295227149882177,-0.46410667241066167,-0.21139890034421666,-0.2128289624261387,-0.20705964456619616,-0.2280709641734485,1.0,0.0,0.0,1.0,0.0,0.0,0.0,0.0,0.0,1.0,0.0,1.0,1.0,0.0,1.0,0.0,0
C000303,0.6342278933984283,1.1373627991195385,1.521497042745485,-0.9793431517078963,2.1546770590601567,-0.21139890034421666,-0.2128289624261387,-0.20705964456619616,-0.2280709641734485,1.0,0.0,0.0,0.0,1.0,0.0,0.0,0.0,0.0,1.0,0.0,1.0,0.0,1.0,1.0,0.0,0
C000304,-0.5972825792198794,-2.0091413170444103,-1.2831129324480108,0.9760841062779199,-0.46410667241066167,-0.21139890034421666,-0.2128289624261387,-0.20705964456619616,-0.2280709641734485,1.0,0.0,0.0,0.0,0.0,1.0,1.0,0.0,0.0,0.0,1.0,0.0,0.0,1.0,0.0,1.0,0
C000305,-0.24542244418607717,1.6817698543581494,0.7227169449995482,-0.9793431517078963,-0.46410667241066167,-0.21139890034421666,-0.2128289624261387,-0.20705964456619616,-0.2280709641734485,1.0,0.0,0.0,0.0,1.0,0.0,0.0,0.0,1.0,0.0,0.0,1.0,1.0,0.0,1.0,0.0,0
C000306,-1.3010028492874839,-1.2168931841627493,-1.3000389192625745,-0.9793431517078963,-0.46410667241066167,-0.21139890034421666,-0.2128289624261387,-0.20705964456619616,-0.2280709641734485,1.0,0.0,0.0,1.0,0.0,0.0,1.0,0.0,0.0,0.0,0.0,1.0,1.0,0.0,0.0,1.0,0
C000307,-1.1250727817705828,-0.3913809368904324,-1.0602032660958598,-0.9793431517078963,-0.46410667241066167,-0.21139890034421666,-0.2128289624261387,-0.20705964456619616,-0.2280709641734485,0.0,1.0,0.0,1.0,0.0,0.0,0.0,1.0,0.0,0.0,0.0,1.0,1.0,0.0,1.0,0.0,0
C000308,1.513878230982934,0.7161735197223693,1.9900232377610174,0.9760841062779199,-0.46410667241066167,-0.21139890034421666,-0.2128289624261387,-0.20705964456619616,-0.2280709641734485,1.0,0.0,0.0,0.0,1.0,0.0,0.0,0.0,1.0,0.0,1.0,0.0,0.0,1.0,0.0,1.0,0
C000309,-0.24542244418607717,-1.9641644863190175,-1.2101489092873838,-0.9793431517078963,-0.46410667241066167,-0.21139890034421666,-0.2128289624261387,-0.20705964456619616,-0.2280709641734485,1.0,0.0,0.0,0.0,0.0,1.0,0.0,0.0,1.0,0.0,1.0,0.0,0.0,1.0,1.0,0.0,0
C000310,-1.3596462051264508,-0.3660814696073989,-1.1021797133959776,0.9760841062779199,-0.46410667241066167,-0.21139890034421666,-0.2128289624261387,-0.20705964456619616,-0.2280709641734485,1.0,0.0,0.0,1.0,0.0,0.0,0.0,0.0,0.0,1.0,0.0,1.0,1.0,0.0,1.0,0.0,1
C000311,1.513878230982934,0.024654747319452282,1.3409358234036621,0.9760841062779199,-0.46410667241066167,-0.21139890034421666,-0.2128289624261387,-0.20705964456619616,-0.2280709641734485,1.0,0.0,0.0,1.0,0.0,0.0,0.0,0.0,1.0,0.0,1.0,0.0,1.0,0.0,0.0,1.0,1
C000312,0.9860880284322305,-0.4110583003327919,0.42135253976406756,-0.9793431517078963,-0.46410667241066167,-0.21139890034421666,-0.2128289624261387,-0.20705964456619616,-0.2280709641734485,0.0,0.0,1.0,1.0,0.0,0.0,1.0,0.0,0.0,0.0,0.0,1.0,0.0,1.0,1.0,0.0,0
C000313,0.7515146050763625,-0.005329806497476051,0.5352142110652031,-0.0016295227149882177,-0.46410667241066167,-0.21139890034421666,-0.2128289624261387,-0.20705964456619616,4.384600221356971,1.0,0.0,0.0,1.0,0.0,0.0,0.0,0.0,1.0,0.0,0.0,1.0,1.0,0.0,1.0,0.0,0
C000314,-1.4182895609654178,1.6883289755056026,-0.7849904404881555,-0.9793431517078963,-0.46410667241066167,-0.21139890034421666,-0.2128289624261387,-0.20705964456619616,-0.2280709641734485,0.0,0.0,1.0,0.0,1.0,0.0,0.0,0.0,1.0,0.0,0.0,1.0,0.0,1.0,1.0,0.0,1
C000315,-0.010849020830209034,-1.7425598932657795,-0.988347802071659,-0.0016295227149882177,-0.46410667241066167,4.730393575234874,-0.2128289624261387,-0.20705964456619616,-0.2280709641734485,0.0,0.0,1.0,0.0,0.0,1.0,1.0,0.0,0.0,0.0,0.0,1.0,0.0,1.0,1.0,0.0,0
C000316,0.7515146050763625,1.0085229194374232,1.416295524698043,-0.0016295227149882177,-0.46410667241066167,-0.21139890034421666,-0.2128289624261387,-0.20705964456619616,-0.2280709641734485,1.0,0.0,0.0,0.0,1.0,0.0,1.0,0.0,0.0,0.0,0.0,1.0,1.0,0.0,0.0,1.0,0
C000317,0.8101579609153294,1.1130003491432843,1.6094898541986042,-0.9793431517078963,2.1546770590601567,-0.21139890034421666,-0.2128289624261387,-0.20705964456619616,-0.2280709641734485,1.0,0.0,0.0,0.0,1.0,0.0,0.0,0.0,1.0,0.0,0.0,1.0,0.0,1.0,1.0,0.0,0
C000318,-1.0664294259316156,0.948553811803566,-0.4997113027221634,-0.0016295227149882177,-0.46410667241066167,-0.21139890034421666,-0.2128289624261387,-0.20705964456619616,-0.2280709641734485,1.0,0.0,0.0,0.0,1.0,0.0,0.0,0.0,1.0,0.0,1.0,0.0,1.0,0.0,0.0,1.0,1
C000319,-1.3596462051264508,0.9288764483612064,-0.7507292671777969,-0.9793431517078963,-0.46410667241066167,-0.21139890034421666,-0.2128289624261387,-0.20705964456619616,-0.2280709641734485,1.0,0.0,0.0,0.0,1.0,0.0,0.0,0.0,1.0,0.0,0.0,1.0,0.0,1.0,1.0,0.0,0
C000320,-1.3596462051264508,-2.0091413170444103,-1.3927635670295673,-0.9793431517078963,-0.46410667241066167,-0.21139890034421666,-0.2128289624261387,-0.20705964456619616,-0.2280709641734485,1.0,0.0,0.0,0.0,0.0,1.0,0.0,1.0,0.0,0.0,1.0,0.0,0.0,1.0,0.0,1.0,0
C000321,0.28236775836462613,0.7349138658579493,0.7100689548524017,0.9760841062779199,-0.46410667241066167,-0.21139890034421666,-0.2128289624261387,-0.20705964456619616,-0.2280709641734485,0.0,0.0,1.0,0.0,1.0,0.0,1.0,0.0,0.0,0.0,1.0,0.0,0.0,1.0,1.0,0.0,0
C000322,-0.6559259350588464,1.1125318404898945,-0.01279344203383891,0.9760841062779199,-0.46410667241066167,-0.21139890034421666,-0.2128289624261387,-0.20705964456619616,-0.2280709641734485,0.0,0.0,1.0,0.0,1.0,0.0,1.0,0.0,0.0,0.0,0.0,1.0,1.0,0.0,1.0,0.0,0
C000323,0.28236775836462613,-1.032300774727282,-0.46147717250675996,0.9760841062779199,-0.46410667241066167,-0.21139890034421666,-0.2128289624261387,-0.20705964456619616,-0.2280709641734485,1.0,0.0,0.0,0.0,0.0,1.0,0.0,0.0,1.0,0.0,1.0,0.0,1.0,0.0,1.0,0.0,0
C000324,-1.0077860700926486,-0.5192837992657688,-0.8903705183964985,-0.0016295227149882177,-0.46410667241066167,-0.21139890034421666,-0.2128289624261387,-0.20705964456619616,-0.2280709641734485,0.0,1.0,0.0,1.0,0.0,0.0,1.0,0.0,0.0,0.0,0.0,1.0,1.0,0.0,1.0,0.0,0
C000325,-1.9460797635161213,-0.1753984476778683,-1.3655108682595685,-0.9793431517078963,2.1546770590601567,-0.21139890034421666,-0.2128289624261387,-0.20705964456619616,-0.2280709641734485,1.0,0.0,0.0,1.0,0.0,0.0,0.0,0.0,1.0,0.0,0.0,1.0,1.0,0.0,1.0,0.0,1
C000326,-1.1837161376095497,-1.9824363238012084,-1.4354170538022677,-0.9793431517078963,-0.46410667241066167,-0.21139890034421666,-0.2128289624261387,-0.20705964456619616,-0.2280709641734485,0.0,1.0,0.0,0.0,0.0,1.0,0.0,0.0,1.0,0.0,0.0,1.0,1.0,0.0,1.0,0.0,0
C000327,-1.2423594934485167,0.1616935284358845,-0.8502763896300441,-0.0016295227149882177,-0.46410667241066167,-0.21139890034421666,4.698608632023215,-0.20705964456619616,-0.2280709641734485,1.0,0.0,0.0,0.0,1.0,0.0,0.0,0.0,1.0,0.0,0.0,1.0,0.0,1.0,1.0,0.0,1
C000328,1.0447313842711976,0.2659367038150502,-0.14788141679956815,0.9760841062779199,-0.46410667241066167,-0.21139890034421666,-0.2128289624261387,4.829526304341278,-0.2280709641734485,1.0,0.0,0.0,1.0,0.0,0.0,0.0,0.0,1.0,0.0,0.0,1.0,0.0,1.0,1.0,0.0,0
C000329,0.6928712492373954,-0.4953898579429036,0.1584677845527293,0.9760841062779199,-0.46410667241066167,-0.21139890034421666,-0.2128289624261387,-0.20705964456619616,-0.2280709641734485,0.0,0.0,1.0,0.0,1.0,0.0,0.0,1.0,0.0,0.0,1.0,0.0,0.0,1.0,0.0,1.0,0
C000330,0.16508104668669207,0.4926948920555732,-0.14788141679956815,-0.0016295227149882177,-0.46410667241066167,-0.21139890034421666,-0.2128289624261387,4.829526304341278,-0.2280709641734485,0.0,0.0,1.0,0.0,1.0,0.0,0.0,1.0,0.0,0.0,0.0,1.0,0.0,1.0,0.0,1.0,0
C000331,-0.6559259350588464,-1.7102327961819033,-1.3392402487245247,-0.0016295227149882177,-0.46410667241066167,-0.21139890034421666,-0.2128289624261387,-0.20705964456619616,-0.2280709641734485,1.0,0.0,0.0,0.0,0.0,1.0,0.0,0.0,1.0,0.0,0.0,1.0,0.0,1.0,0.0,1.0,0
C000332,0.22372440252565912,-1.8831124892826325,-1.0744954949621353,-0.9793431517078963,-0.46410667241066167,-0.21139890034421666,-0.2128289624261387,-0.20705964456619616,-0.2280709641734485,0.0,0.0,1.0,0.0,0.0,1.0,0.0,0.0,0.0,1.0,1.0,0.0,0.0,1.0,1.0,0.0,0
C000333,-0.6559259350588464,-0.619544651091124,-0.7258424865647349,-0.0016295227149882177,-0.46410667241066167,-0.21139890034421666,-0.2128289624261387,-0.20705964456619616,-0.2280709641734485,1.0,0.0,0.0,1.0,0.0,0.0,0.0,0.0,0.0,1.0,1.0,0.0,1.0,0.0,0.0,1.0,0
C000334,1.1620180959491317,0.5521954910360408,1.4209752810524874,0.9760841062779199,-0.46410667241066167,-0.21139890034421666,-0.2128289624261387,-0.20705964456619616,-0.2280709641734485,0.0,1.0,0.0,0.0,1.0,0.0,1.0,0.0,0.0,0.0,0.0,1.0,0.0,1.0,1.0,0.0,0
C000335,-1.0664294259316156,-1.9238727421275197,-1.4126655515258124,-0.9793431517078963,-0.46410667241066167,-0.21139890034421666,-0.2128289624261387,-0.20705964456619616,-0.2280709641734485,0.0,1.0,0.0,0.0,0.0,1.0,0.0,0.0,1.0,0.0,0.0,1.0,0.0,1.0,1.0,0.0,0
C000336,-0.30406580002504424,0.999152746369633,0.26140010436788935,-0.9793431517078963,-0.46410667241066167,-0.21139890034421666,-0.2128289624261387,-0.20705964456619616,-0.2280709641734485,1.0,0.0,0.0,0.0,1.0,0.0,0.0,1.0,0.0,0.0,0.0,1.0,0.0,1.0,1.0,0.0,1
C000337,-1.0664294259316156,-0.2564504447142537,-0.7916715552835305,0.9760841062779199,-0.46410667241066167,-0.21139890034421666,-0.2128289624261387,-0.20705964456619616,-0.2280709641734485,0.0,0.0,1.0,1.0,0.0,0.0,1.0,0.0,0.0,0.0,1.0,0.0,1.0,0.0,1.0,0.0,0
C000338,0.047794335008758,0.739130443738455,0.4990855992095893,0.9760841062779199,-0.46410667241066167,-0.21139890034421666,-0.2128289624261387,-0.20705964456619616,-0.2280709641734485,1.0,0.0,0.0,0.0,1.0,0.0,0.0,0.0,1.0,0.0,1.0,0.0,0.0,1.0,1.0,0.0,0
C000339,-1.8874364076771541,0.22705048558372096,-1.3877787709127505,-0.9793431517078963,-0.46410667241066167,-0.21139890034421666,-0.2128289624261387,-0.20705964456619616,-0.2280709641734485,0.0,0.0,1.0,1.0,0.0,0.0,0.0,0.0,1.0,0.0,0.0,1.0,1.0,0.0,1.0,0.0,1
C000340,-1.0077860700926486,1.33694748546347,-0.3354659906701595,-0.0016295227149882177,-0.46410667241066167,-0.21139890034421666,-0.2128289624261387,-0.20705964456619616,4.384600221356971,0.0,0.0,1.0,0.0,1.0,0.0,0.0,0.0,1.0,0.0,1.0,0.0,1.0,0.0,1.0,0.0,0
C000341,1.4552348751439668,1.0394444905611309,2.1453107967911604,-0.0016295227149882177,2.1546770590601567,-0.21139890034421666,-0.2128289624261387,-0.20705964456619616,-0.2280709641734485,0.0,0.0,1.0,0.0,1.0,0.0,0.0,0.0,1.0,0.0,0.0,1.0,1.0,0.0,1.0,0.0,0
C000342,-1.1250727817705828,-0.09294092468131464,-0.8939789155855375,1.953797735270828,-0.46410667241066167,-0.21139890034421666,-0.2128289624261387,-0.20705964456619616,-0.2280709641734485,0.0,0.0,1.0,0.0,1.0,0.0,0.0,1.0,0.0,0.0,0.0,1.0,1.0,0.0,1.0,0.0,0
C000343,-1.535576272643352,-0.1262050390719699,-1.2634639077547087,-0.9793431517078963,2.1546770590601567,-0.21139890034421666,-0.2128289624261387,-0.20705964456619616,-0.2280709641734485,1.0,0.0,0.0,1.0,0.0,0.0,0.0,0.0,0.0,1.0,1.0,0.0,1.0,0.0,0.0,1.0,0
C000344,-0.8904993584147146,-0.1463509111677188,-0.5919225908890658,-0.9793431517078963,-0.46410667241066167,-0.21139890034421666,-0.2128289624261387,-0.20705964456619616,-0.2280709641734485,0.0,1.0,0.0,1.0,0.0,0.0,0.0,1.0,0.0,0.0,1.0,0.0,0.0,1.0,0.0,1.0,0
C000345,-0.5386392233809124,-1.4853486425549383,-1.1678971822017103,-0.9793431517078963,-0.46410667241066167,-0.21139890034421666,-0.2128289624261387,-0.20705964456619616,-0.2280709641734485,0.0,1.0,0.0,0.0,0.0,1.0,1.0,0.0,0.0,0.0,0.0,1.0,0.0,1.0,0.0,1.0,0
C000346,-1.2423594934485167,-2.0091413170444103,-1.3265550586063573,-0.9793431517078963,2.1546770590601567,-0.21139890034421666,-0.2128289624261387,-0.20705964456619616,-0.2280709641734485,1.0,0.0,0.0,0.0,0.0,1.0,1.0,0.0,0.0,0.0,0.0,1.0,1.0,0.0,1.0,0.0,0
C000347,1.1620180959491317,1.5651111996641616,2.4310363342094043,0.9760841062779199,-0.46410667241066167,-0.21139890034421666,-0.2128289624261387,-0.20705964456619616,-0.2280709641734485,1.0,0.0,0.0,0.0,1.0,0.0,1.0,0.0,0.0,0.0,0.0,1.0,1.0,0.0,1.0,0.0,0
C000348,1.1620180959491317,-1.8929511710038118,-0.8936664358289611,1.953797735270828,-0.46410667241066167,-0.21139890034421666,-0.2128289624261387,-0.20705964456619616,-0.2280709641734485,1.0,0.0,0.0,0.0,0.0,1.0,0.0,1.0,0.0,0.0,0.0,1.0,1.0,0.0,0.0,1.0,0
C000349,-0.1281357325081431,-1.8948252056173702,-1.0555681497066407,-0.9793431517078963,-0.46410667241066167,-0.21139890034421666,-0.2128289624261387,-0.20705964456619616,-0.2280709641734485,1.0,0.0,0.0,0.0,0.0,1.0,0.0,1.0,0.0,0.0,0.0,1.0,0.0,1.0,0.0,1.0,0
C000350,-1.0077860700926486,1.2348125990245566,-0.4305267966172719,-0.0016295227149882177,2.1546770590601567,-0.21139890034421666,-0.2128289624261387,-0.20705964456619616,-0.2280709641734485,0.0,1.0,0.0,0.0,1.0,0.0,1.0,0.0,0.0,0.0,0.0,1.0,0.0,1.0,1.0,0.0,0
C000351,-0.1281357325081431,-0.2456747456862948,-0.10147817294794888,-0.9793431517078963,-0.46410667241066167,-0.21139890034421666,-0.2128289624261387,-0.20705964456619616,-0.2280709641734485,1.0,0.0,0.0,1.0,0.0,0.0,0.0,0.0,1.0,0.0,0.0,1.0,1.0,0.0,0.0,1.0,0
C000352,0.8101579609153294,1.030074317493341,1.444002063114498,-0.9793431517078963,-0.46410667241066167,-0.21139890034421666,-0.2128289624261387,-0.20705964456619616,-0.2280709641734485,0.0,1.0,0.0,0.0,1.0,0.0,0.0,0.0,1.0,0.0,1.0,0.0,1.0,0.0,1.0,0.0,0
C000353,1.3965915193049998,1.0183616011586034,2.0974344340871083,-0.9793431517078963,-0.46410667241066167,-0.21139890034421666,-0.2128289624261387,-0.20705964456619616,-0.2280709641734485,1.0,0.0,0.0,0.0,1.0,0.0,1.0,0.0,0.0,0.0,0.0,1.0,0.0,1.0,1.0,0.0,0
C000354,0.5169411817204943,0.9241913618273117,1.046200453004127,1.953797735270828,-0.46410667241066167,-0.21139890034421666,-0.2128289624261387,-0.20705964456619616,-0.2280709641734485,1.0,0.0,0.0,0.0,1.0,0.0,0.0,0.0,0.0,1.0,0.0,1.0,1.0,0.0,1.0,0.0,1
C000355,-1.8287930518381872,-0.23583606396511506,-1.4377160120113668,0.9760841062779199,2.1546770590601567,-0.21139890034421666,-0.2128289624261387,-0.20705964456619616,-0.2280709641734485,1.0,0.0,0.0,1.0,0.0,0.0,1.0,0.0,0.0,0.0,0.0,1.0,0.0,1.0,0.0,1.0,0
C000356,0.3410111142035932,0.7583392985274248,0.762997073621108,-0.9793431517078963,-0.46410667241066167,-0.21139890034421666,-0.2128289624261387,-0.20705964456619616,-0.2280709641734485,0.0,1.0,0.0,0.0,1.0,0.0,0.0,1.0,0.0,0.0,0.0,1.0,0.0,1.0,1.0,0.0,0
C000357,-1.476932916804385,-2.0091413170444103,-1.413082191201248,-0.9793431517078963,-0.46410667241066167,-0.21139890034421666,-0.2128289624261387,-0.20705964456619616,-0.2280709641734485,1.0,0.0,0.0,0.0,0.0,1.0,0.0,0.0,0.0,1.0,0.0,1.0,0.0,1.0,1.0,0.0,0
C000358,-0.1281357325081431,-2.0091413170444103,-1.1254222552899107,-0.9793431517078963,-0.46410667241066167,-0.21139890034421666,-0.2128289624261387,-0.20705964456619616,-0.2280709641734485,1.0,0.0,0.0,0.0,0.0,1.0,0.0,0.0,0.0,1.0,0.0,1.0,0.0,1.0,0.0,1.0,0
C000359,-0.010849020830209034,1.2137297096220292,0.7260798223798484,-0.9793431517078963,-0.46410667241066167,-0.21139890034421666,-0.2128289624261387,-0.20705964456619616,-0.2280709641734485,1.0,0.0,0.0,0.0,1.0,0.0,0.0,1.0,0.0,0.0,0.0,1.0,1.0,0.0,1.0,0.0,1
C000360,1.689808298499835,-2.0091413170444103,-0.6592917384081316,-0.9793431517078963,-0.46410667241066167,-0.21139890034421666,-0.2128289624261387,-0.20705964456619616,-0.2280709641734485,1.0,0.0,0.0,0.0,0.0,1.0,0.0,1.0,0.0,0.0,0.0,1.0,0.0,1.0,1.0,0.0,0
C000361,-0.06949237666917607,-0.3159510436947213,-0.20490897237479047,-0.0016295227149882177,-0.46410667241066167,-0.21139890034421666,-0.2128289624261387,-0.20705964456619616,-0.2280709641734485,0.0,1.0,0.0,1.0,0.0,0.0,0.0,0.0,1.0,0.0,0.0,1.0,0.0,1.0,1.0,0.0,0
C000362,0.22372440252565912,1.3449121325710918,1.0711690735534354,0.9760841062779199,-0.46410667241066167,-0.21139890034421666,-0.2128289624261387,-0.20705964456619616,-0.2280709641734485,1.0,0.0,0.0,0.0,1.0,0.0,1.0,0.0,0.0,0.0,0.0,1.0,1.0,0.0,1.0,0.0,0
C000363,1.748451654338802,-0.8008574999528643,0.45458699387424617,-0.9793431517078963,2.1546770590601567,-0.21139890034421666,-0.2128289624261387,-0.20705964456619616,-0.2280709641734485,0.0,1.0,0.0,1.0,0.0,0.0,0.0,0.0,1.0,0.0,0.0,1.0,0.0,1.0,0.0,1.0,0
C000364,1.1033747401101646,0.1736404990973168,1.03280846343656,1.953797735270828,-0.46410667241066167,-0.21139890034421666,-0.2128289624261387,-0.20705964456619616,-0.2280709641734485,0.0,1.0,0.0,0.0,1.0,0.0,0.0,0.0,1.0,0.0,0.0,1.0,1.0,0.0,1.0,0.0,0
C000365,1.2206614517880987,-0.6218871943580714,-0.14788141679956815,-0.9793431517078963,-0.46410667241066167,-0.21139890034421666,-0.2128289624261387,4.829526304341278,-0.2280709641734485,0.0,0.0,1.0,1.0,0.0,0.0,1.0,0.0,0.0,0.0,0.0,1.0,0.0,1.0,0.0,1.0,0
C000366,0.3996544700425602,-1.7210084952098619,-0.8105840205506167,-0.9793431517078963,-0.46410667241066167,-0.21139890034421666,-0.2128289624261387,-0.20705964456619616,-0.2280709641734485,1.0,0.0,0.0,0.0,1.0,0.0,1.0,0.0,0.0,0.0,0.0,1.0,1.0,0.0,0.0,1.0,0
C000367,-0.5386392233809124,0.6519878342080062,-0.2205552801862313,0.9760841062779199,2.1546770590601567,-0.21139890034421666,-0.2128289624261387,-0.20705964456619616,-0.2280709641734485,0.0,0.0,1.0,0.0,1.0,0.0,1.0,0.0,0.0,0.0,1.0,0.0,0.0,1.0,1.0,0.0,0
C000368,0.8688013167542965,0.6515193255546171,1.312931685219039,-0.0016295227149882177,-0.46410667241066167,-0.21139890034421666,-0.2128289624261387,-0.20705964456619616,-0.2280709641734485,1.0,0.0,0.0,0.0,1.0,0.0,0.0,0.0,1.0,0.0,1.0,0.0,1.0,0.0,0.0,1.0,0
C000369,1.6311649426608679,-0.02594418724661472,1.0916290576149958,-0.0016295227149882177,2.1546770590601567,-0.21139890034421666,-0.2128289624261387,-0.20705964456619616,-0.2280709641734485,0.0,0.0,1.0,0.0,1.0,0.0,1.0,0.0,0.0,0.0,0.0,1.0,1.0,0.0,1.0,0.0,0
C000370,-0.5972825792198794,1.1373627991195385,0.13282956452504285,0.9760841062779199,2.1546770590601567,-0.21139890034421666,-0.2128289624261387,-0.20705964456619616,-0.2280709641734485,1.0,0.0,0.0,0.0,1.0,0.0,1.0,0.0,0.0,0.0,1.0,0.0,0.0,1.0,1.0,0.0,1
C000371,-0.5386392233809124,0.999152746369633,0.11269694020846731,-0.9793431517078963,2.1546770590601567,-0.21139890034421666,-0.2128289624261387,-0.20705964456619616,-0.2280709641734485,1.0,0.0,0.0,0.0,1.0,0.0,0.0,1.0,0.0,0.0,0.0,1.0,1.0,0.0,1.0,0.0,0
C000372,-1.0664294259316156,-0.478992055074271,-0.7860766796419693,-0.0016295227149882177,-0.46410667241066167,-0.21139890034421666,-0.2128289624261387,-0.20705964456619616,-0.2280709641734485,1.0,0.0,0.0,1.0,0.0,0.0,1.0,0.0,0.0,0.0,0.0,1.0,1.0,0.0,0.0,1.0,0
C000373,1.0447313842711976,0.335744493170087,1.0299291856795332,-0.9793431517078963,2.1546770590601567,-0.21139890034421666,-0.2128289624261387,-0.20705964456619616,-0.2280709641734485,0.0,0.0,1.0,0.0,1.0,0.0,1.0,0.0,0.0,0.0,0.0,1.0,0.0,1.0,1.0,0.0,0
C000374,1.8657383660167361,0.9204432926001956,2.5697252661699683,1.953797735270828,-0.46410667241066167,-0.21139890034421666,-0.2128289624261387,-0.20705964456619616,-0.2280709641734485,1.0,0.0,0.0,1.0,0.0,0.0,0.0,0.0,0.0,1.0,0.0,1.0,1.0,0.0,1.0,0.0,0
C000375,-0.7145692908978135,0.8318951571095782,-0.056272768163206185,-0.9793431517078963,2.1546770590601567,-0.21139890034421666,-0.2128289624261387,-0.20705964456619616,-0.2280709641734485,0.0,0.0,1.0,0.0,1.0,0.0,1.0,0.0,0.0,0.0,0.0,1.0,0.0,1.0,1.0,0.0,0
C000376,-1.711506340160253,0.9518333723772929,-1.1259058549131837,-0.0016295227149882177,-0.46410667241066167,-0.21139890034421666,-0.2128289624261387,-0.20705964456619616,-0.2280709641734485,1.0,0.0,0.0,0.0,1.0,0.0,0.0,1.0,0.0,0.0,0.0,1.0,0.0,1.0,0.0,1.0,1
C000377,0.047794335008758,-0.7118408558088574,-0.370999402989437,0.9760841062779199,-0.46410667241066167,-0.21139890034421666,-0.2128289624261387,-0.20705964456619616,-0.2280709641734485,1.0,0.0,0.0,1.0,0.0,0.0,0.0,0.0,1.0,0.0,1.0,0.0,0.0,1.0,1.0,0.0,0
C000378,0.5755845375594614,-0.668269551043633,-0.11929695906701694,1.953797735270828,-0.46410667241066167,-0.21139890034421666,-0.2128289624261387,-0.20705964456619616,-0.2280709641734485,1.0,0.0,0.0,0.0,0.0,1.0,0.0,0.0,1.0,0.0,1.0,0.0,1.0,0.0,1.0,0.0,0
C000379,0.047794335008758,1.0352279126806256,0.6791929789049558,1.953797735270828,2.1546770590601567,-0.21139890034421666,-0.2128289624261387,-0.20705964456619616,-0.2280709641734485,1.0,0.0,0.0,0.0,1.0,0.0,1.0,0.0,0.0,0.0,1.0,0.0,1.0,0.0,0.0,1.0,1
C000380,-0.7145692908978135,0.31840967299467554,-0.4322677552610557,0.9760841062779199,-0.46410667241066167,-0.21139890034421666,-0.2128289624261387,-0.20705964456619616,-0.2280709641734485,0.0,1.0,0.0,0.0,1.0,0.0,0.0,1.0,0.0,0.0,1.0,0.0,1.0,0.0,0.0,1.0,0
C000381,0.28236775836462613,0.1132028828100697,0.3184797399025411,-0.0016295227149882177,-0.46410667241066167,-0.21139890034421666,-0.2128289624261387,-0.20705964456619616,-0.2280709641734485,1.0,0.0,0.0,1.0,0.0,0.0,0.0,1.0,0.0,0.0,0.0,1.0,1.0,0.0,1.0,0.0,0
C000382,0.5169411817204943,0.4734860372666028,0.7987016058070822,0.9760841062779199,-0.46410667241066167,-0.21139890034421666,-0.2128289624261387,-0.20705964456619616,-0.2280709641734485,1.0,0.0,0.0,0.0,1.0,0.0,1.0,0.0,0.0,0.0,0.0,1.0,1.0,0.0,1.0,0.0,1
C000383,-1.77014969599922,0.7827017485036798,-1.2162348245464227,0.9760841062779199,-0.46410667241066167,-0.21139890034421666,-0.2128289624261387,-0.20705964456619616,-0.2280709641734485,1.0,0.0,0.0,0.0,1.0,0.0,0.0,1.0,0.0,0.0,0.0,1.0,0.0,1.0,1.0,0.0,0
C000384,-0.5386392233809124,1.467661399759143,0.2708042570420029,-0.0016295227149882177,-0.46410667241066167,-0.21139890034421666,-0.2128289624261387,-0.20705964456619616,-0.2280709641734485,1.0,0.0,0.0,0.0,1.0,0.0,1.0,0.0,0.0,0.0,0.0,1.0,1.0,0.0,0.0,1.0,1
C000385,0.8688013167542965,1.19358383752628,1.6533783800092026,-0.0016295227149882177,-0.46410667241066167,-0.21139890034421666,-0.2128289624261387,-0.20705964456619616,-0.2280709641734485,1.0,0.0,0.0,0.0,1.0,0.0,0.0,1.0,0.0,0.0,0.0,1.0,1.0,0.0,1.0,0.0,0
C000386,-0.5386392233809124,-0.40449917918533873,-0.6175533709225481,-0.0016295227149882177,-0.46410667241066167,-0.21139890034421666,-0.2128289624261387,-0.20705964456619616,-0.2280709641734485,1.0,0.0,0.0,1.0,0.0,0.0,0.0,0.0,1.0,0.0,0.0,1.0,1.0,0.0,1.0,0.0,0
C000387,-0.010849020830209034,0.39524509215055453,0.9239613482290581,-0.0016295227149882177,-0.46410667241066167,4.730393575234874,-0.2128289624261387,-0.20705964456619616,-0.2280709641734485,1.0,0.0,0.0,1.0,0.0,0.0,0.0,0.0,1.0,0.0,0.0,1.0,1.0,0.0,1.0,0.0,0
C000388,0.7515146050763625,-1.7650483086284758,-0.6763739651009836,-0.9793431517078963,-0.46410667241066167,-0.21139890034421666,-0.2128289624261387,-0.20705964456619616,-0.2280709641734485,0.0,0.0,1.0,0.0,0.0,1.0,0.0,0.0,0.0,1.0,0.0,1.0,0.0,1.0,1.0,0.0,0
C000389,1.3965915193049998,0.4093003517522404,1.445073422279903,-0.9793431517078963,-0.46410667241066167,-0.21139890034421666,-0.2128289624261387,-0.20705964456619616,-0.2280709641734485,0.0,1.0,0.0,0.0,1.0,0.0,1.0,0.0,0.0,0.0,0.0,1.0,1.0,0.0,0.0,1.0,0
C000390,-0.8318560025757475,-0.7910188182316845,-0.7240792079383387,-0.9793431517078963,-0.46410667241066167,-0.21139890034421666,-0.2128289624261387,-0.20705964456619616,-0.2280709641734485,1.0,0.0,0.0,1.0,0.0,0.0,0.0,1.0,0.0,0.0,0.0,1.0,1.0,0.0,1.0,0.0,1
C000391,1.572521586821901,0.040115532881306364,1.196756175720396,1.953797735270828,-0.46410667241066167,-0.21139890034421666,-0.2128289624261387,-0.20705964456619616,-0.2280709641734485,0.0,1.0,0.0,1.0,0.0,0.0,0.0,0.0,1.0,0.0,1.0,0.0,1.0,0.0,0.0,1.0,0
C000392,-0.30406580002504424,-1.2628070321949212,-0.8467870323482725,0.9760841062779199,-0.46410667241066167,-0.21139890034421666,-0.2128289624261387,-0.20705964456619616,-0.2280709641734485,1.0,0.0,0.0,0.0,0.0,1.0,0.0,0.0,1.0,0.0,1.0,0.0,1.0,0.0,1.0,0.0,0
C000393,-2.0047231193550883,-1.631991851065855,-1.6509760058806655,-0.9793431517078963,-0.46410667241066167,-0.21139890034421666,-0.2128289624261387,-0.20705964456619616,-0.2280709641734485,0.0,1.0,0.0,0.0,0.0,1.0,0.0,1.0,0.0,0.0,0.0,1.0,0.0,1.0,1.0,0.0,0
C000394,0.5169411817204943,-0.4654053041259749,-0.010308483969635057,-0.9793431517078963,-0.46410667241066167,-0.21139890034421666,-0.2128289624261387,-0.20705964456619616,-0.2280709641734485,1.0,0.0,0.0,1.0,0.0,0.0,1.0,0.0,0.0,0.0,0.0,1.0,1.0,0.0,1.0,0.0,0
C000395,0.7515146050763625,0.3807213238954803,0.955164683921489,1.953797735270828,-0.46410667241066167,-0.21139890034421666,-0.2128289624261387,-0.20705964456619616,-0.2280709641734485,1.0,0.0,0.0,0.0,1.0,0.0,0.0,0.0,1.0,0.0,0.0,1.0,1.0,0.0,1.0,0.0,0
C000396,-0.36270915586401126,-2.0091413170444103,-1.1720263789850434,-0.9793431517078963,-0.46410667241066167,-0.21139890034421666,-0.2128289624261387,-0.20705964456619616,-0.2280709641734485,0.0,1.0,0.0,0.0,0.0,1.0,1.0,0.0,0.0,0.0,0.0,1.0,0.0,1.0,0.0,1.0,0
C000397,-0.010849020830209034,1.0094599367442028,1.4760535581462082,-0.9793431517078963,-0.46410667241066167,4.730393575234874,-0.2128289624261387,-0.20705964456619616,-0.2280709641734485,1.0,0.0,0.0,0.0,1.0,0.0,0.0,0.0,1.0,0.0,0.0,1.0,0.0,1.0,0.0,1.0,0
C000398,-0.9491427142536816,-0.42839312050820366,-0.819497133607253,-0.9793431517078963,-0.46410667241066167,-0.21139890034421666,-0.2128289624261387,-0.20705964456619616,-0.2280709641734485,0.0,0.0,1.0,1.0,0.0,0.0,1.0,0.0,0.0,0.0,0.0,1.0,0.0,1.0,0.0,1.0,0
C000399,1.8070950101777692,-2.0091413170444103,-0.7453427113739532,-0.0016295227149882177,-0.46410667241066167,-0.21139890034421666,-0.2128289624261387,-0.20705964456619616,-0.2280709641734485,0.0,1.0,0.0,0.0,0.0,1.0,0.0,1.0,0.0,0.0,0.0,1.0,0.0,1.0,1.0,0.0,0
C000400,-0.010849020830209034,0.1616935284358845,-1.0026846709031598,-0.9793431517078963,-0.46410667241066167,4.730393575234874,4.698608632023215,-0.20705964456619616,-0.2280709641734485,0.0,1.0,0.0,0.0,0.0,1.0,0.0,0.0,1.0,0.0,1.0,0.0,0.0,1.0,1.0,0.0,0
C000401,0.10643769084772503,1.142047885653434,0.8538914828138664,-0.0016295227149882177,-0.46410667241066167,-0.21139890034421666,-0.2128289624261387,-0.20705964456619616,-0.2280709641734485,1.0,0.0,0.0,0.0,1.0,0.0,0.0,0.0,0.0,1.0,1.0,0.0,1.0,0.0,0.0,1.0,1
C000402,1.3965915193049998,-0.2962736802523618,0.8600145980439259,-0.9793431517078963,-0.46410667241066167,-0.21139890034421666,-0.2128289624261387,-0.20705964456619616,-0.2280709641734485,1.0,0.0,0.0,1.0,0.0,0.0,0.0,1.0,0.0,0.0,0.0,1.0,0.0,1.0,1.0,0.0,0
C000403,-2.0047231193550883,0.7700520148621626,-1.3465984029924822,-0.9793431517078963,-0.46410667241066167,-0.21139890034421666,-0.2128289624261387,-0.20705964456619616,-0.2280709641734485,1.0,0.0,0.0,0.0,1.0,0.0,0.0,0.0,0.0,1.0,1.0,0.0,0.0,1.0,1.0,0.0,1
C000404,1.513878230982934,1.0961340376212618,2.219212259221517,-0.9793431517078963,-0.46410667241066167,-0.21139890034421666,-0.2128289624261387,-0.20705964456619616,-0.2280709641734485,1.0,0.0,0.0,0.0,1.0,0.0,0.0,0.0,1.0,0.0,0.0,1.0,0.0,1.0,1.0,0.0,0
C000405,-1.1250727817705828,-1.167231266903461,-1.1152071432475388,0.9760841062779199,-0.46410667241066167,-0.21139890034421666,-0.2128289624261387,-0.20705964456619616,-0.2280709641734485,1.0,0.0,0.0,1.0,0.0,0.0,1.0,0.0,0.0,0.0,0.0,1.0,0.0,1.0,1.0,0.0,0
C000406,-0.06949237666917607,0.8988918945442778,0.44832995874851084,3.909224993256644,-0.46410667241066167,-0.21139890034421666,-0.2128289624261387,-0.20705964456619616,-0.2280709641734485,0.0,1.0,0.0,0.0,1.0,0.0,0.0,0.0,0.0,1.0,0.0,1.0,0.0,1.0,0.0,1.0,0
C000407,-0.06949237666917607,-0.2728482475828863,-0.14642317793554416,-0.9793431517078963,2.1546770590601567,-0.21139890034421666,-0.2128289624261387,-0.20705964456619616,-0.2280709641734485,1.0,0.0,0.0,1.0,0.0,0.0,0.0,1.0,0.0,0.0,0.0,1.0,0.0,1.0,1.0,0.0,0
C000408,0.9860880284322305,1.1579771798686769,1.8283596036978724,1.953797735270828,2.1546770590601567,-0.21139890034421666,-0.2128289624261387,-0.20705964456619616,-0.2280709641734485,0.0,1.0,0.0,0.0,1.0,0.0,1.0,0.0,0.0,0.0,0.0,1.0,0.0,1.0,1.0,0.0,1
C000409,-1.3596462051264508,0.6112275813631193,-0.9098707432057168,-0.9793431517078963,-0.46410667241066167,-0.21139890034421666,-0.2128289624261387,-0.20705964456619616,-0.2280709641734485,1.0,0.0,0.0,0.0,1.0,0.0,1.0,0.0,0.0,0.0,0.0,1.0,0.0,1.0,1.0,0.0,0
C000410,0.7515146050763625,-0.5942451838080901,0.12832836803149938,-0.9793431517078963,-0.46410667241066167,-0.21139890034421666,-0.2128289624261387,-0.20705964456619616,-0.2280709641734485,0.0,1.0,0.0,1.0,0.0,0.0,0.0,0.0,1.0,0.0,1.0,0.0,0.0,1.0,1.0,0.0,0
C000411,-0.010849020830209034,0.1616935284358845,-1.0164337801925285,-0.9793431517078963,-0.46410667241066167,-0.21139890034421666,4.698608632023215,-0.20705964456619616,-0.2280709641734485,1.0,0.0,0.0,0.0,0.0,1.0,1.0,0.0,0.0,0.0,0.0,1.0,1.0,0.0,0.0,1.0,0
C000412,-0.1281357325081431,0.6852519485986618,0.3130039041682473,-0.0016295227149882177,-0.46410667241066167,-0.21139890034421666,-0.2128289624261387,-0.20705964456619616,-0.2280709641734485,0.0,0.0,1.0,0.0,1.0,0.0,0.0,0.0,0.0,1.0,0.0,1.0,1.0,0.0,1.0,0.0,0
C000413,0.7515146050763625,-0.7362033057851117,-0.030017028616570865,-0.9793431517078963,-0.46410667241066167,-0.21139890034421666,-0.2128289624261387,-0.20705964456619616,-0.2280709641734485,0.0,0.0,1.0,1.0,0.0,0.0,0.0,0.0,0.0,1.0,0.0,1.0,0.0,1.0,0.0,1.0,0
C000414,-0.010849020830209034,0.684783439945272,0.45469115379310493,0.9760841062779199,2.1546770590601567,-0.21139890034421666,-0.2128289624261387,-0.20705964456619616,-0.2280709641734485,1.0,0.0,0.0,0.0,1.0,0.0,1.0,0.0,0.0,0.0,1.0,0.0,1.0,0.0,1.0,0.0,0
C000415,1.1033747401101646,1.9881745136748885,2.6735503852896327,-0.0016295227149882177,-0.46410667241066167,-0.21139890034421666,-0.2128289624261387,-0.20705964456619616,-0.2280709641734485,1.0,0.0,0.0,0.0,1.0,0.0,0.0,0.0,1.0,0.0,0.0,1.0,1.0,0.0,1.0,0.0,1
C000416,-0.8318560025757475,1.1743749827373102,-0.14788141679956815,-0.0016295227149882177,2.1546770590601567,-0.21139890034421666,-0.2128289624261387,4.829526304341278,-0.2280709641734485,1.0,0.0,0.0,0.0,1.0,0.0,0.0,0.0,1.0,0.0,1.0,0.0,1.0,0.0,0.0,1.0,1
C000417,-0.5972825792198794,-0.5422407232818546,-0.6011333037138703,-0.9793431517078963,-0.46410667241066167,-0.21139890034421666,-0.2128289624261387,-0.20705964456619616,-0.2280709641734485,0.0,1.0,0.0,1.0,0.0,0.0,0.0,1.0,0.0,0.0,0.0,1.0,1.0,0.0,1.0,0.0,0
C000418,-0.06949237666917607,-0.6261037722385768,-0.3802770757620792,-0.9793431517078963,-0.46410667241066167,-0.21139890034421666,-0.2128289624261387,-0.20705964456619616,-0.2280709641734485,0.0,1.0,0.0,1.0,0.0,0.0,1.0,0.0,0.0,0.0,0.0,1.0,1.0,0.0,0.0,1.0,0
C000419,0.10643769084772503,1.13595727315937,0.7567623584779851,0.9760841062779199,2.1546770590601567,-0.21139890034421666,-0.2128289624261387,-0.20705964456619616,-0.2280709641734485,1.0,0.0,0.0,0.0,1.0,0.0,0.0,0.0,1.0,0.0,1.0,0.0,0.0,1.0,1.0,0.0,1
C000420,-0.6559259350588464,1.477500081480323,0.10309934768504428,-0.0016295227149882177,2.1546770590601567,-0.21139890034421666,-0.2128289624261387,-0.20705964456619616,-0.2280709641734485,0.0,1.0,0.0,0.0,1.0,0.0,1.0,0.0,0.0,0.0,0.0,1.0,0.0,1.0,1.0,0.0,0
C000421,1.513878230982934,1.5632371650506034,2.6955578881456677,-0.9793431517078963,-0.46410667241066167,-0.21139890034421666,-0.2128289624261387,-0.20705964456619616,-0.2280709641734485,1.0,0.0,0.0,0.0,1.0,0.0,1.0,0.0,0.0,0.0,0.0,1.0,0.0,1.0,1.0,0.0,1
C000422,1.2793048076270657,0.16286480006935786,1.1239111924670362,-0.0016295227149882177,-0.46410667241066167,-0.21139890034421666,-0.2128289624261387,-0.20705964456619616,4.384600221356971,1.0,0.0,0.0,0.0,1.0,0.0,1.0,0.0,0.0,0.0,0.0,1.0,1.0,0.0,1.0,0.0,1
C000423,0.22372440252565912,-2.0091413170444103,-1.2160041847260925,-0.9793431517078963,-0.46410667241066167,-0.21139890034421666,-0.2128289624261387,-0.20705964456619616,-0.2280709641734485,0.0,1.0,0.0,0.0,0.0,1.0,1.0,0.0,0.0,0.0,0.0,1.0,0.0,1.0,0.0,1.0,0
C000424,1.513878230982934,0.22564495962355238,1.3530406939739017,-0.0016295227149882177,-0.46410667241066167,-0.21139890034421666,-0.2128289624261387,-0.20705964456619616,-0.2280709641734485,0.0,0.0,1.0,0.0,1.0,0.0,0.0,0.0,0.0,1.0,0.0,1.0,0.0,1.0,1.0,0.0,0
C000425,0.3410111142035932,0.5475104045021453,0.5192777434797987,0.9760841062779199,-0.46410667241066167,-0.21139890034421666,-0.2128289624261387,-0.20705964456619616,-0.2280709641734485,1.0,0.0,0.0,0.0,1.0,0.0,0.0,0.0,0.0,1.0,1.0,0.0,1.0,0.0,1.0,0.0,0
C000426,-0.8318560025757475,-1.9988341266698413,-1.3477962420593592,1.953797735270828,-0.46410667241066167,-0.21139890034421666,-0.2128289624261387,-0.20705964456619616,-0.2280709641734485,1.0,0.0,0.0,0.0,0.0,1.0,0.0,0.0,1.0,0.0,0.0,1.0,0.0,1.0,1.0,0.0,0
C000427,-0.30406580002504424,-1.1826920524653148,-0.850596309380825,-0.9793431517078963,-0.46410667241066167,-0.21139890034421666,-0.2128289624261387,-0.20705964456619616,-0.2280709641734485,1.0,0.0,0.0,0.0,0.0,1.0,0.0,0.0,0.0,1.0,1.0,0.0,1.0,0.0,0.0,1.0,0
C000428,-0.36270915586401126,1.2376236509448937,0.5274840570870354,-0.9793431517078963,-0.46410667241066167,-0.21139890034421666,-0.2128289624261387,-0.20705964456619616,-0.2280709641734485,1.0,0.0,0.0,0.0,1.0,0.0,0.0,0.0,0.0,1.0,0.0,1.0,0.0,1.0,0.0,1.0,0
C000429,0.22372440252565912,1.0047748502103073,0.8026671227179227,0.9760841062779199,-0.46410667241066167,-0.21139890034421666,-0.2128289624261387,-0.20705964456619616,-0.2280709641734485,0.0,0.0,1.0,0.0,1.0,0.0,0.0,0.0,1.0,0.0,0.0,1.0,1.0,0.0,0.0,1.0,1
C000430,1.8070950101777692,0.39243404023021805,1.773958366076734,-0.0016295227149882177,-0.46410667241066167,-0.21139890034421666,-0.2128289624261387,-0.20705964456619616,-0.2280709641734485,0.0,0.0,1.0,0.0,1.0,0.0,0.0,0.0,1.0,0.0,0.0,1.0,0.0,1.0,1.0,0.0,0
C000431,0.6928712492373954,0.13756533278632438,0.7011558417957655,-0.0016295227149882177,-0.46410667241066167,-0.21139890034421666,-0.2128289624261387,-0.20705964456619616,-0.2280709641734485,0.0,1.0,0.0,1.0,0.0,0.0,0.0,0.0,1.0,0.0,0.0,1.0,0.0,1.0,1.0,0.0,0
C000432,0.16508104668669207,0.594829778494486,0.42702925534187514,-0.0016295227149882177,-0.46410667241066167,-0.21139890034421666,-0.2128289624261387,-0.20705964456619616,-0.2280709641734485,1.0,0.0,0.0,0.0,1.0,0.0,0.0,1.0,0.0,0.0,0.0,1.0,1.0,0.0,1.0,0.0,0
C000433,1.4552348751439668,0.9274709224010386,2.0507707904383423,-0.0016295227149882177,2.1546770590601567,-0.21139890034421666,-0.2128289624261387,-0.20705964456619616,-0.2280709641734485,1.0,0.0,0.0,0.0,1.0,0.0,1.0,0.0,0.0,0.0,0.0,1.0,1.0,0.0,0.0,1.0,0
C000434,-0.7732126467367805,-2.0091413170444103,-1.3149337876593907,-0.9793431517078963,-0.46410667241066167,-0.21139890034421666,-0.2128289624261387,-0.20705964456619616,-0.2280709641734485,0.0,0.0,1.0,0.0,0.0,1.0,0.0,1.0,0.0,0.0,0.0,1.0,1.0,0.0,1.0,0.0,0
C000435,-0.010849020830209034,0.6547988861283434,1.2470951765060394,-0.0016295227149882177,-0.46410667241066167,4.730393575234874,-0.2128289624261387,-0.20705964456619616,-0.2280709641734485,1.0,0.0,0.0,0.0,1.0,0.0,0.0,0.0,1.0,0.0,1.0,0.0,0.0,1.0,1.0,0.0,1
C000436,-1.1250727817705828,0.8089382330934924,-0.5847950764414386,1.953797735270828,-0.46410667241066167,-0.21139890034421666,-0.2128289624261387,-0.20705964456619616,-0.2280709641734485,1.0,0.0,0.0,0.0,1.0,0.0,0.0,0.0,1.0,0.0,0.0,1.0,1.0,0.0,1.0,0.0,1
C000437,-0.7145692908978135,0.4055522825251244,-0.45616501664495834,-0.0016295227149882177,2.1546770590601567,-0.21139890034421666,-0.2128289624261387,-0.20705964456619616,-0.2280709641734485,0.0,1.0,0.0,0.0,1.0,0.0,0.0,0.0,1.0,0.0,0.0,1.0,0.0,1.0,0.0,1.0,1
C000438,1.4552348751439668,1.2530844365067475,2.3876686079931004,-0.0016295227149882177,2.1546770590601567,-0.21139890034421666,-0.2128289624261387,-0.20705964456619616,-0.2280709641734485,1.0,0.0,0.0,0.0,1.0,0.0,1.0,0.0,0.0,0.0,0.0,1.0,0.0,1.0,0.0,1.0,0
C000439,1.572521586821901,0.3708826421743002,1.5224940019688484,-0.9793431517078963,-0.46410667241066167,-0.21139890034421666,-0.2128289624261387,-0.20705964456619616,-0.2280709641734485,1.0,0.0,0.0,0.0,1.0,0.0,0.0,1.0,0.0,0.0,1.0,0.0,0.0,1.0,1.0,0.0,0
C000440,-0.7732126467367805,0.1616935284358845,-1.09510427890778,-0.0016295227149882177,-0.46410667241066167,-0.21139890034421666,4.698608632023215,-0.20705964456619616,-0.2280709641734485,1.0,0.0,0.0,0.0,0.0,1.0,0.0,0.0,1.0,0.0,1.0,0.0,1.0,0.0,0.0,1.0,0
C000441,-0.06949237666917607,-1.7631742740149177,-1.054995270152917,-0.0016295227149882177,-0.46410667241066167,-0.21139890034421666,-0.2128289624261387,-0.20705964456619616,-0.2280709641734485,0.0,1.0,0.0,0.0,0.0,1.0,0.0,1.0,0.0,0.0,1.0,0.0,0.0,1.0,0.0,1.0,0
C000442,1.572521586821901,-1.22579484857715,-0.19932153672743338,-0.0016295227149882177,-0.46410667241066167,-0.21139890034421666,-0.2128289624261387,-0.20705964456619616,-0.2280709641734485,1.0,0.0,0.0,0.0,0.0,1.0,0.0,0.0,1.0,0.0,0.0,1.0,1.0,0.0,0.0,1.0,0
C000443,-0.8318560025757475,0.19847145772696087,-0.4842881947368488,-0.9793431517078963,-0.46410667241066167,-0.21139890034421666,-0.2128289624261387,-0.20705964456619616,-0.2280709641734485,0.0,0.0,1.0,0.0,1.0,0.0,1.0,0.0,0.0,0.0,0.0,1.0,1.0,0.0,0.0,1.0,0
C000444,1.3379481634660328,-2.0091413170444103,-0.8107551404173134,0.9760841062779199,2.1546770590601567,-0.21139890034421666,-0.2128289624261387,-0.20705964456619616,-0.2280709641734485,1.0,0.0,0.0,0.0,0.0,1.0,0.0,1.0,0.0,0.0,0.0,1.0,0.0,1.0,1.0,0.0,0
C000445,-0.8318560025757475,-1.6605708789226152,-1.2489559190565112,0.9760841062779199,-0.46410667241066167,-0.21139890034421666,-0.2128289624261387,-0.20705964456619616,-0.2280709641734485,1.0,0.0,0.0,0.0,0.0,1.0,1.0,0.0,0.0,0.0,0.0,1.0,1.0,0.0,1.0,0.0,0
C000446,-0.18677908834711016,-0.13791775540670764,-0.23553942851349774,0.9760841062779199,2.1546770590601567,-0.21139890034421666,-0.2128289624261387,-0.20705964456619616,-0.2280709641734485,1.0,0.0,0.0,0.0,1.0,0.0,0.0,1.0,0.0,0.0,0.0,1.0,0.0,1.0,1.0,0.0,0
C000447,0.9860880284322305,-0.26769465239560175,0.46224274791037184,-0.9793431517078963,2.1546770590601567,-0.21139890034421666,-0.2128289624261387,-0.20705964456619616,-0.2280709641734485,0.0,1.0,0.0,1.0,0.0,0.0,1.0,0.0,0.0,0.0,0.0,1.0,1.0,0.0,1.0,0.0,0
C000448,-1.3010028492874839,0.4495920959437382,-0.8441755943825969,0.9760841062779199,-0.46410667241066167,-0.21139890034421666,-0.2128289624261387,-0.20705964456619616,-0.2280709641734485,1.0,0.0,0.0,1.0,0.0,0.0,0.0,0.0,0.0,1.0,0.0,1.0,0.0,1.0,1.0,0.0,1
C000449,0.22372440252565912,0.6590154640088491,0.5419994857794372,1.953797735270828,-0.46410667241066167,-0.21139890034421666,-0.2128289624261387,-0.20705964456619616,-0.2280709641734485,0.0,1.0,0.0,0.0,1.0,0.0,0.0,1.0,0.0,0.0,1.0,0.0,1.0,0.0,1.0,0.0,0
C000450,-1.1250727817705828,0.2828030153370725,-0.7942383532839808,-0.9793431517078963,-0.46410667241066167,-0.21139890034421666,-0.2128289624261387,-0.20705964456619616,-0.2280709641734485,0.0,1.0,0.0,1.0,0.0,0.0,1.0,0.0,0.0,0.0,0.0,1.0,1.0,0.0,1.0,0.0,0
C000451,0.8688013167542965,0.14834103181428296,0.8464291686270498,-0.9793431517078963,-0.46410667241066167,-0.21139890034421666,-0.2128289624261387,-0.20705964456619616,-0.2280709641734485,0.0,0.0,1.0,1.0,0.0,0.0,0.0,1.0,0.0,0.0,0.0,1.0,1.0,0.0,0.0,1.0,0
C000452,1.0447313842711976,0.7213271149096538,1.3864239479681646,-0.9793431517078963,-0.46410667241066167,-0.21139890034421666,-0.2128289624261387,-0.20705964456619616,-0.2280709641734485,1.0,0.0,0.0,0.0,1.0,0.0,0.0,0.0,1.0,0.0,0.0,1.0,1.0,0.0,1.0,0.0,1
C000453,-1.535576272643352,-0.3918494455438218,-1.2736120598492426,-0.9793431517078963,-0.46410667241066167,-0.21139890034421666,-0.2128289624261387,-0.20705964456619616,-0.2280709641734485,1.0,0.0,0.0,1.0,0.0,0.0,0.0,0.0,1.0,0.0,0.0,1.0,1.0,0.0,1.0,0.0,0
C000454,0.6928712492373954,0.7185160629893167,1.051014129254247,-0.0016295227149882177,-0.46410667241066167,-0.21139890034421666,-0.2128289624261387,-0.20705964456619616,-0.2280709641734485,0.0,1.0,0.0,0.0,1.0,0.0,1.0,0.0,0.0,0.0,0.0,1.0,0.0,1.0,1.0,0.0,0
C000455,-0.30406580002504424,1.5833830371463526,0.5270302174405789,-0.0016295227149882177,2.1546770590601567,-0.21139890034421666,-0.2128289624261387,-0.20705964456619616,-0.2280709641734485,1.0,0.0,0.0,0.0,1.0,0.0,0.0,0.0,0.0,1.0,0.0,1.0,1.0,0.0,0.0,1.0,1
C000456,0.9860880284322305,0.5920187265741489,1.538943829154343,0.9760841062779199,-0.46410667241066167,-0.21139890034421666,-0.2128289624261387,-0.20705964456619616,-0.2280709641734485,1.0,0.0,0.0,0.0,1.0,0.0,0.0,1.0,0.0,0.0,0.0,1.0,0.0,1.0,1.0,0.0,1
C000457,1.924381721855703,0.6857204572520509,2.264105184249683,-0.0016295227149882177,-0.46410667241066167,-0.21139890034421666,-0.2128289624261387,-0.20705964456619616,-0.2280709641734485,0.0,0.0,1.0,0.0,1.0,0.0,0.0,1.0,0.0,0.0,0.0,1.0,0.0,1.0,1.0,0.0,0
C000458,-0.06949237666917607,0.8918642647434356,0.41983478094640997,-0.0016295227149882177,-0.46410667241066167,-0.21139890034421666,-0.2128289624261387,-0.20705964456619616,-0.2280709641734485,0.0,1.0,0.0,0.0,1.0,0.0,0.0,1.0,0.0,0.0,0.0,1.0,0.0,1.0,1.0,0.0,0
C000459,-0.42135251170297827,1.4016016796312223,0.3497425955486056,0.9760841062779199,2.1546770590601567,-0.21139890034421666,-0.2128289624261387,-0.20705964456619616,-0.2280709641734485,1.0,0.0,0.0,0.0,1.0,0.0,0.0,0.0,1.0,0.0,0.0,1.0,0.0,1.0,1.0,0.0,1
C000460,-0.5386392233809124,0.9101361022256265,0.025291888297480584,-0.9793431517078963,2.1546770590601567,-0.21139890034421666,-0.2128289624261387,-0.20705964456619616,-0.2280709641734485,1.0,0.0,0.0,0.0,1.0,0.0,0.0,0.0,0.0,1.0,0.0,1.0,0.0,1.0,0.0,1.0,1
C000461,-1.8874364076771541,0.4411589401827267,-1.256470313202757,-0.0016295227149882177,-0.46410667241066167,-0.21139890034421666,-0.2128289624261387,-0.20705964456619616,-0.2280709641734485,0.0,0.0,1.0,0.0,1.0,0.0,1.0,0.0,0.0,0.0,1.0,0.0,1.0,0.0,1.0,0.0,0
C000462,-0.9491427142536816,0.652456342861396,-0.4630098113128259,-0.9793431517078963,-0.46410667241066167,-0.21139890034421666,-0.2128289624261387,-0.20705964456619616,-0.2280709641734485,0.0,1.0,0.0,0.0,1.0,0.0,1.0,0.0,0.0,0.0,0.0,1.0,1.0,0.0,1.0,0.0,0
C000463,1.748451654338802,-0.5281854636801694,0.7252614230173859,-0.0016295227149882177,-0.46410667241066167,-0.21139890034421666,-0.2128289624261387,-0.20705964456619616,-0.2280709641734485,0.0,0.0,1.0,1.0,0.0,0.0,1.0,0.0,0.0,0.0,0.0,1.0,1.0,0.0,1.0,0.0,0
C000464,0.28236775836462613,-1.6029443145557052,-0.8030473064217581,0.9760841062779199,-0.46410667241066167,-0.21139890034421666,-0.2128289624261387,-0.20705964456619616,-0.2280709641734485,1.0,0.0,0.0,0.0,0.0,1.0,1.0,0.0,0.0,0.0,0.0,1.0,0.0,1.0,1.0,0.0,0
C000465,1.1033747401101646,0.5746839063987375,1.3966241800221277,-0.0016295227149882177,-0.46410667241066167,-0.21139890034421666,-0.2128289624261387,-0.20705964456619616,-0.2280709641734485,1.0,0.0,0.0,0.0,1.0,0.0,1.0,0.0,0.0,0.0,0.0,1.0,1.0,0.0,1.0,0.0,1
C000466,-1.77014969599922,-0.02875523916695155,-1.2486062393289135,2.931511364263736,-0.46410667241066167,-0.21139890034421666,-0.2128289624261387,-0.20705964456619616,-0.2280709641734485,1.0,0.0,0.0,0.0,1.0,0.0,0.0,0.0,0.0,1.0,0.0,1.0,1.0,0.0,0.0,1.0,0
C000467,-0.42135251170297827,-1.874679333521621,-1.2766773374613747,-0.9793431517078963,-0.46410667241066167,-0.21139890034421666,-0.2128289624261387,-0.20705964456619616,-0.2280709641734485,1.0,0.0,0.0,0.0,0.0,1.0,1.0,0.0,0.0,0.0,0.0,1.0,0.0,1.0,1.0,0.0,0
C000468,0.28236775836462613,0.48379322764117194,0.5876140902454109,-0.9793431517078963,-0.46410667241066167,-0.21139890034421666,-0.2128289624261387,-0.20705964456619616,-0.2280709641734485,0.0,1.0,0.0,0.0,1.0,0.0,1.0,0.0,0.0,0.0,0.0,1.0,1.0,0.0,1.0,0.0,0
C000469,1.513878230982934,-0.22131229571004046,1.028351906908242,-0.0016295227149882177,-0.46410667241066167,-0.21139890034421666,-0.2128289624261387,-0.20705964456619616,-0.2280709641734485,1.0,0.0,0.0,1.0,0.0,0.0,1.0,0.0,0.0,0.0,1.0,0.0,1.0,0.0,0.0,1.0,0
C000470,1.8070950101777692,-0.3464041061650394,1.2571168486991018,-0.9793431517078963,-0.46410667241066167,-0.21139890034421666,-0.2128289624261387,-0.20705964456619616,-0.2280709641734485,1.0,0.0,0.0,1.0,0.0,0.0,0.0,1.0,0.0,0.0,1.0,0.0,0.0,1.0,1.0,0.0,0
C000471,-0.18677908834711016,0.020906678092336282,-0.1860783470439506,-0.9793431517078963,2.1546770590601567,-0.21139890034421666,-0.2128289624261387,-0.20705964456619616,-0.2280709641734485,1.0,0.0,0.0,1.0,0.0,0.0,0.0,0.0,0.0,1.0,0.0,1.0,1.0,0.0,1.0,0.0,0
C000472,-1.1250727817705828,-1.924341250780909,-1.4510187216484831,-0.0016295227149882177,-0.46410667241066167,-0.21139890034421666,-0.2128289624261387,-0.20705964456619616,-0.2280709641734485,0.0,1.0,0.0,0.0,0.0,1.0,0.0,0.0,1.0,0.0,0.0,1.0,0.0,1.0,1.0,0.0,0
C000473,-0.42135251170297827,0.30857099127349547,-0.20508009224148718,-0.0016295227149882177,-0.46410667241066167,-0.21139890034421666,-0.2128289624261387,-0.20705964456619616,-0.2280709641734485,1.0,0.0,0.0,0.0,1.0,0.0,1.0,0.0,0.0,0.0,0.0,1.0,0.0,1.0,1.0,0.0,0
C000474,-0.36270915586401126,0.6833779139851035,0.023610449607330355,-0.0016295227149882177,2.1546770590601567,-0.21139890034421666,-0.2128289624261387,-0.20705964456619616,-0.2280709641734485,0.0,0.0,1.0,0.0,1.0,0.0,0.0,0.0,0.0,1.0,0.0,1.0,1.0,0.0,1.0,0.0,0
C000475,1.1033747401101646,-1.7683278692022024,-0.7383044768567764,0.9760841062779199,2.1546770590601567,-0.21139890034421666,-0.2128289624261387,-0.20705964456619616,-0.2280709641734485,1.0,0.0,0.0,0.0,0.0,1.0,0.0,0.0,1.0,0.0,1.0,0.0,0.0,1.0,1.0,0.0,0
C000476,-1.8287930518381872,-0.6017413222623225,-1.4781077405459895,-0.0016295227149882177,-0.46410667241066167,-0.21139890034421666,-0.2128289624261387,-0.20705964456619616,-0.2280709641734485,1.0,0.0,0.0,1.0,0.0,0.0,0.0,0.0,1.0,0.0,1.0,0.0,1.0,0.0,1.0,0.0,0
C000477,0.16508104668669207,-0.3698295388345149,-0.18560962740908585,-0.9793431517078963,-0.46410667241066167,-0.21139890034421666,-0.2128289624261387,-0.20705964456619616,-0.2280709641734485,0.0,0.0,1.0,0.0,1.0,0.0,0.0,1.0,0.0,0.0,0.0,1.0,1.0,0.0,0.0,1.0,0
C000478,0.8101579609153294,-2.0091413170444103,-1.005355628822469,-0.0016295227149882177,-0.46410667241066167,-0.21139890034421666,-0.2128289624261387,-0.20705964456619616,-0.2280709641734485,0.0,0.0,1.0,0.0,0.0,1.0,0.0,0.0,0.0,1.0,0.0,1.0,1.0,0.0,1.0,0.0,0
C000479,0.6342278933984283,-2.0091413170444103,-0.9449800758553548,-0.9793431517078963,-0.46410667241066167,-0.21139890034421666,-0.2128289624261387,-0.20705964456619616,-0.2280709641734485,1.0,0.0,0.0,0.0,0.0,1.0,0.0,1.0,0.0,0.0,0.0,1.0,0.0,1.0,1.0,0.0,0
C000480,1.1620180959491317,-1.232353969724603,-0.058824686175248324,-0.0016295227149882177,-0.46410667241066167,-0.21139890034421666,-0.2128289624261387,-0.20705964456619616,-0.2280709641734485,0.0,0.0,1.0,0.0,0.0,1.0,1.0,0.0,0.0,0.0,1.0,0.0,1.0,0.0,1.0,0.0,0
C000481,-1.4182895609654178,0.4177335075132512,-0.9311416866355358,-0.9793431517078963,-0.46410667241066167,-0.21139890034421666,-0.2128289624261387,-0.20705964456619616,-0.2280709641734485,1.0,0.0,0.0,0.0,1.0,0.0,0.0,0.0,1.0,0.0,0.0,1.0,0.0,1.0,1.0,0.0,0
C000482,-0.9491427142536816,0.8787460224485292,-0.4560608567260996,0.9760841062779199,-0.46410667241066167,-0.21139890034421666,-0.2128289624261387,-0.20705964456619616,-0.2280709641734485,1.0,0.0,0.0,0.0,1.0,0.0,0.0,0.0,0.0,1.0,1.0,0.0,1.0,0.0,1.0,0.0,1
C000483,-0.7732126467367805,-2.0091413170444103,-1.3017054779643162,-0.9793431517078963,-0.46410667241066167,-0.21139890034421666,-0.2128289624261387,-0.20705964456619616,-0.2280709641734485,1.0,0.0,0.0,0.0,0.0,1.0,1.0,0.0,0.0,0.0,1.0,0.0,1.0,0.0,1.0,0.0,0
C000484,-1.3596462051264508,0.5325181275936813,-0.8310291246237689,-0.9793431517078963,-0.46410667241066167,-0.21139890034421666,-0.2128289624261387,-0.20705964456619616,-0.2280709641734485,1.0,0.0,0.0,0.0,1.0,0.0,1.0,0.0,0.0,0.0,0.0,1.0,0.0,1.0,1.0,0.0,0
C000485,-1.711506340160253,-0.5942451838080901,-1.3736279019363549,-0.0016295227149882177,-0.46410667241066167,-0.21139890034421666,-0.2128289624261387,-0.20705964456619616,-0.2280709641734485,1.0,0.0,0.0,1.0,0.0,0.0,1.0,0.0,0.0,0.0,0.0,1.0,1.0,0.0,0.0,1.0,0
C000486,-0.30406580002504424,-2.0091413170444103,-1.4494786428482132,-0.9793431517078963,-0.46410667241066167,-0.21139890034421666,-0.2128289624261387,-0.20705964456619616,-0.2280709641734485,0.0,0.0,1.0,0.0,0.0,1.0,1.0,0.0,0.0,0.0,0.0,1.0,1.0,0.0,1.0,0.0,0
C000487,-0.010849020830209034,0.40742631713868205,-0.14788141679956815,-0.0016295227149882177,2.1546770590601567,-0.21139890034421666,-0.2128289624261387,4.829526304341278,-0.2280709641734485,1.0,0.0,0.0,1.0,0.0,0.0,0.0,0.0,0.0,1.0,1.0,0.0,1.0,0.0,0.0,1.0,0
C000488,1.2793048076270657,1.6185211861505657,2.5728649437241424,-0.9793431517078963,-0.46410667241066167,-0.21139890034421666,-0.2128289624261387,-0.20705964456619616,-0.2280709641734485,1.0,0.0,0.0,0.0,1.0,0.0,0.0,1.0,0.0,0.0,1.0,0.0,1.0,0.0,1.0,0.0,0
C000489,-0.5386392233809124,-0.0995000458287678,-0.5710310871636615,0.9760841062779199,-0.46410667241066167,-0.21139890034421666,-0.2128289624261387,-0.20705964456619616,-0.2280709641734485,0.0,0.0,1.0,1.0,0.0,0.0,0.0,0.0,0.0,1.0,0.0,1.0,1.0,0.0,1.0,0.0,0
C000490,-0.42135251170297827,-1.9669755382393548,-1.2277296155919175,-0.9793431517078963,2.1546770590601567,-0.21139890034421666,-0.2128289624261387,-0.20705964456619616,-0.2280709641734485,1.0,0.0,0.0,0.0,0.0,1.0,0.0,0.0,1.0,0.0,0.0,1.0,0.0,1.0,1.0,0.0,0
C000491,-0.47999586754194534,1.3107110008736573,0.23657284370846124,0.9760841062779199,-0.46410667241066167,-0.21139890034421666,-0.2128289624261387,-0.20705964456619616,-0.2280709641734485,0.0,1.0,0.0,0.0,1.0,0.0,0.0,0.0,1.0,0.0,0.0,1.0,1.0,0.0,0.0,1.0,1
C000492,-1.535576272643352,0.9021714551180047,-0.14788141679956815,-0.9793431517078963,-0.46410667241066167,-0.21139890034421666,-0.2128289624261387,4.829526304341278,-0.2280709641734485,1.0,0.0,0.0,0.0,1.0,0.0,0.0,0.0,0.0,1.0,1.0,0.0,0.0,1.0,0.0,1.0,0
C000493,0.8101579609153294,-0.27003719566254947,0.46166242836244414,-0.0016295227149882177,-0.46410667241066167,-0.21139890034421666,-0.2128289624261387,-0.20705964456619616,-0.2280709641734485,0.0,1.0,0.0,1.0,0.0,0.0,0.0,1.0,0.0,0.0,1.0,0.0,0.0,1.0,1.0,0.0,0
C000494,-1.0664294259316156,0.5231479545258909,-0.6201276089172026,0.9760841062779199,-0.46410667241066167,-0.21139890034421666,-0.2128289624261387,-0.20705964456619616,-0.2280709641734485,0.0,1.0,0.0,0.0,1.0,0.0,0.0,0.0,1.0,0.0,1.0,0.0,0.0,1.0,1.0,0.0,0
C000495,1.0447313842711976,1.027263265573004,1.6716882057457478,-0.0016295227149882177,-0.46410667241066167,-0.21139890034421666,-0.2128289624261387,-0.20705964456619616,-0.2280709641734485,0.0,0.0,1.0,0.0,1.0,0.0,0.0,0.0,1.0,0.0,0.0,1.0,1.0,0.0,1.0,0.0,1
C000496,-0.6559259350588464,1.0399129992145206,0.011103819350063741,-0.9793431517078963,-0.46410667241066167,-0.21139890034421666,-0.2128289624261387,-0.20705964456619616,-0.2280709641734485,0.0,1.0,0.0,0.0,1.0,0.0,0.0,0.0,0.0,1.0,0.0,1.0,0.0,1.0,1.0,0.0,0
C000497,-0.9491427142536816,-2.0091413170444103,-1.2512920772366312,0.9760841062779199,-0.46410667241066167,-0.21139890034421666,-0.2128289624261387,-0.20705964456619616,-0.2280709641734485,0.0,1.0,0.0,0.0,0.0,1.0,0.0,0.0,0.0,1.0,1.0,0.0,0.0,1.0,0.0,1.0,0
C000498,-1.1837161376095497,0.28139748937690395,-0.9013817098187203,-0.9793431517078963,-0.46410667241066167,-0.21139890034421666,-0.2128289624261387,-0.20705964456619616,-0.2280709641734485,1.0,0.0,0.0,1.0,0.0,0.0,1.0,0.0,0.0,0.0,0.0,1.0,0.0,1.0,0.0,1.0,0
C000499,1.513878230982934,-2.0091413170444103,-0.8731990117731961,0.9760841062779199,2.1546770590601567,-0.21139890034421666,-0.2128289624261387,-0.20705964456619616,-0.2280709641734485,1.0,0.0,0.0,0.0,1.0,0.0,0.0,0.0,0.0,1.0,1.0,0.0,1.0,0.0,1.0,0.0,0
C000500,-1.8287930518381872,0.9893140646484535,-1.2459799213748297,-0.9793431517078963,2.1546770590601567,-0.21139890034421666,-0.2128289624261387,-0.20705964456619616,-0.2280709641734485,1.0,0.0,0.0,0.0,1.0,0.0,0.0,0.0,0.0,1.0,0.0,1.0,1.0,0.0,0.0,1.0,0
C000501,-1.9460797635161213,0.7897293783045221,-1.2819002133927258,-0.0016295227149882177,-0.46410667241066167,-0.21139890034421666,-0.2128289624261387,-0.20705964456619616,-0.2280709641734485,0.0,0.0,1.0,0.0,1.0,0.0,0.0,0.0,1.0,0.0,1.0,0.0,1.0,0.0,1.0,0.0,0
C000502,-1.3596462051264508,0.1616935284358845,-1.2155801050564528,-0.0016295227149882177,-0.46410667241066167,-0.21139890034421666,4.698608632023215,-0.20705964456619616,-0.2280709641734485,1.0,0.0,0.0,0.0,0.0,1.0,1.0,0.0,0.0,0.0,1.0,0.0,1.0,0.0,1.0,0.0,0
C000503,0.10643769084772503,-0.9849814007349417,-0.5710757271288867,-0.0016295227149882177,-0.46410667241066167,-0.21139890034421666,-0.2128289624261387,-0.20705964456619616,-0.2280709641734485,0.0,0.0,1.0,1.0,0.0,0.0,1.0,0.0,0.0,0.0,1.0,0.0,0.0,1.0,1.0,0.0,0
C000504,0.9274446725932636,0.1616935284358845,-0.8760559695476106,-0.9793431517078963,-0.46410667241066167,-0.21139890034421666,4.698608632023215,-0.20705964456619616,-0.2280709641734485,1.0,0.0,0.0,0.0,0.0,1.0,0.0,0.0,0.0,1.0,1.0,0.0,0.0,1.0,0.0,1.0,0
C000505,-0.6559259350588464,0.6660430938096914,-0.18466474814515196,2.931511364263736,2.1546770590601567,-0.21139890034421666,-0.2128289624261387,-0.20705964456619616,-0.2280709641734485,1.0,0.0,0.0,0.0,1.0,0.0,1.0,0.0,0.0,0.0,0.0,1.0,1.0,0.0,1.0,0.0,1
C000506,1.0447313842711976,0.9096675935722367,1.5467632630629613,0.9760841062779199,-0.46410667241066167,-0.21139890034421666,-0.2128289624261387,-0.20705964456619616,-0.2280709641734485,1.0,0.0,0.0,0.0,1.0,0.0,0.0,1.0,0.0,0.0,0.0,1.0,0.0,1.0,1.0,0.0,0
C000507,1.3379481634660328,-0.49492134928951415,0.6689778668625839,-0.9793431517078963,-0.46410667241066167,-0.21139890034421666,-0.2128289624261387,-0.20705964456619616,-0.2280709641734485,1.0,0.0,0.0,1.0,0.0,0.0,1.0,0.0,0.0,0.0,0.0,1.0,1.0,0.0,1.0,0.0,0
C000508,0.3410111142035932,0.9237228531739219,0.9688170732862029,-0.0016295227149882177,-0.46410667241066167,-0.21139890034421666,-0.2128289624261387,-0.20705964456619616,-0.2280709641734485,1.0,0.0,0.0,0.0,1.0,0.0,1.0,0.0,0.0,0.0,0.0,1.0,0.0,1.0,1.0,0.0,1
C000509,1.1033747401101646,0.21768031251593062,1.0645251587290812,-0.9793431517078963,2.1546770590601567,-0.21139890034421666,-0.2128289624261387,-0.20705964456619616,-0.2280709641734485,1.0,0.0,0.0,0.0,1.0,0.0,0.0,0.0,1.0,0.0,0.0,1.0,0.0,1.0,1.0,0.0,0
C000510,1.1620180959491317,0.9401206560425551,1.7865691562528594,-0.0016295227149882177,-0.46410667241066167,-0.21139890034421666,-0.2128289624261387,-0.20705964456619616,-0.2280709641734485,0.0,1.0,0.0,0.0,1.0,0.0,0.0,0.0,1.0,0.0,0.0,1.0,1.0,0.0,1.0,0.0,0
C000511,1.748451654338802,-0.46259425220563805,0.8939484116092996,-0.0016295227149882177,-0.46410667241066167,-0.21139890034421666,-0.2128289624261387,-0.20705964456619616,-0.2280709641734485,1.0,0.0,0.0,1.0,0.0,0.0,0.0,1.0,0.0,0.0,0.0,1.0,0.0,1.0,1.0,0.0,0
C000512,1.1033747401101646,-1.4890967117820544,-0.49431730692411563,-0.0016295227149882177,-0.46410667241066167,-0.21139890034421666,-0.2128289624261387,-0.20705964456619616,-0.2280709641734485,1.0,0.0,0.0,1.0,0.0,0.0,0.0,0.0,0.0,1.0,0.0,1.0,0.0,1.0,1.0,0.0,0
C000513,1.1033747401101646,-0.9704576324798667,-0.0221083147775021,-0.0016295227149882177,-0.46410667241066167,-0.21139890034421666,-0.2128289624261387,-0.20705964456619616,-0.2280709641734485,0.0,0.0,1.0,1.0,0.0,0.0,0.0,1.0,0.0,0.0,0.0,1.0,1.0,0.0,1.0,0.0,0
C000514,1.3965915193049998,0.1872272500456122,1.1785728298853217,-0.9793431517078963,-0.46410667241066167,-0.21139890034421666,-0.2128289624261387,-0.20705964456619616,-0.2280709641734485,1.0,0.0,0.0,1.0,0.0,0.0,0.0,1.0,0.0,0.0,0.0,1.0,1.0,0.0,1.0,0.0,1
C000515,0.6928712492373954,-1.4047651541719426,-0.43339119438589047,-0.0016295227149882177,-0.46410667241066167,-0.21139890034421666,-0.2128289624261387,-0.20705964456619616,-0.2280709641734485,1.0,0.0,0.0,0.0,0.0,1.0,1.0,0.0,0.0,0.0,0.0,1.0,0.0,1.0,0.0,1.0,0
C000516,1.1620180959491317,-0.8683227460409536,-0.14788141679956815,-0.9793431517078963,-0.46410667241066167,-0.21139890034421666,-0.2128289624261387,4.829526304341278,-0.2280709641734485,0.0,0.0,1.0,0.0,0.0,1.0,1.0,0.0,0.0,0.0,0.0,1.0,0.0,1.0,1.0,0.0,0
C000517,0.5169411817204943,-0.605020882836049,0.09048855750891857,-0.9793431517078963,-0.46410667241066167,-0.21139890034421666,-0.2128289624261387,-0.20705964456619616,-0.2280709641734485,1.0,0.0,0.0,1.0,0.0,0.0,0.0,0.0,1.0,0.0,0.0,1.0,0.0,1.0,1.0,0.0,1
C000518,-0.36270915586401126,-0.9920090305357843,-0.687958036076929,-0.0016295227149882177,-0.46410667241066167,-0.21139890034421666,-0.2128289624261387,-0.20705964456619616,-0.2280709641734485,0.0,1.0,0.0,1.0,0.0,0.0,0.0,0.0,1.0,0.0,1.0,0.0,0.0,1.0,1.0,0.0,0
C000519,-1.0664294259316156,1.3814558075354737,-0.33222959319133083,1.953797735270828,-0.46410667241066167,-0.21139890034421666,-0.2128289624261387,-0.20705964456619616,-0.2280709641734485,1.0,0.0,0.0,0.0,1.0,0.0,0.0,0.0,0.0,1.0,0.0,1.0,0.0,1.0,1.0,0.0,1
C000520,-1.1837161376095497,-0.572693785752173,-1.1543712727384676,-0.9793431517078963,-0.46410667241066167,-0.21139890034421666,-0.2128289624261387,-0.20705964456619616,-0.2280709641734485,1.0,0.0,0.0,1.0,0.0,0.0,0.0,0.0,1.0,0.0,1.0,0.0,1.0,0.0,1.0,0.0,0
C000521,-0.7145692908978135,-0.009077875724592383,-0.4916984289642359,-0.9793431517078963,-0.46410667241066167,-0.21139890034421666,-0.2128289624261387,-0.20705964456619616,-0.2280709641734485,0.0,1.0,0.0,1.0,0.0,0.0,0.0,0.0,0.0,1.0,1.0,0.0,1.0,0.0,1.0,0.0,0
C000522,-1.0077860700926486,1.1265871000915804,-0.5135348119535743,-0.0016295227149882177,-0.46410667241066167,-0.21139890034421666,-0.2128289624261387,-0.20705964456619616,-0.2280709641734485,0.0,0.0,1.0,0.0,1.0,0.0,0.0,0.0,1.0,0.0,0.0,1.0,0.0,1.0,0.0,1.0,0
C000523,1.2793048076270657,-0.09856302852198863,0.9004732865263864,-0.0016295227149882177,-0.46410667241066167,-0.21139890034421666,-0.2128289624261387,-0.20705964456619616,-0.2280709641734485,0.0,0.0,1.0,0.0,1.0,0.0,0.0,0.0,1.0,0.0,0.0,1.0,0.0,1.0,1.0,0.0,0
C000524,-0.010849020830209034,1.5805719852260154,0.2894042425525125,-0.9793431517078963,-0.46410667241066167,4.730393575234874,-0.2128289624261387,-0.20705964456619616,-0.2280709641734485,0.0,1.0,0.0,0.0,1.0,0.0,0.0,1.0,0.0,0.0,0.0,1.0,0.0,1.0,1.0,0.0,0
C000525,-0.42135251170297827,0.8337691917231366,-0.013574641425280448,1.953797735270828,-0.46410667241066167,-0.21139890034421666,-0.2128289624261387,-0.20705964456619616,-0.2280709641734485,1.0,0.0,0.0,0.0,1.0,0.0,0.0,0.0,1.0,0.0,0.0,1.0,0.0,1.0,1.0,0.0,1
C000526,-0.5386392233809124,0.09352551936771053,-0.4106471321036394,-0.0016295227149882177,-0.46410667241066167,-0.21139890034421666,-0.2128289624261387,-0.20705964456619616,-0.2280709641734485,0.0,1.0,0.0,1.0,0.0,0.0,1.0,0.0,0.0,0.0,0.0,1.0,0.0,1.0,1.0,0.0,0
C000527,-0.30406580002504424,1.7351798408445536,0.6548939578340262,-0.9793431517078963,-0.46410667241066167,-0.21139890034421666,-0.2128289624261387,-0.20705964456619616,-0.2280709641734485,0.0,0.0,1.0,0.0,1.0,0.0,1.0,0.0,0.0,0.0,0.0,1.0,0.0,1.0,1.0,0.0,0
C000528,-0.010849020830209034,-1.041202439141683,-1.3085056326669586,-0.9793431517078963,2.1546770590601567,4.730393575234874,-0.2128289624261387,-0.20705964456619616,-0.2280709641734485,0.0,0.0,1.0,0.0,0.0,1.0,0.0,0.0,1.0,0.0,1.0,0.0,1.0,0.0,1.0,0.0,0
C000529,1.3379481634660328,0.5273645324063967,1.3779274745869639,0.9760841062779199,2.1546770590601567,-0.21139890034421666,-0.2128289624261387,-0.20705964456619616,-0.2280709641734485,1.0,0.0,0.0,0.0,1.0,0.0,0.0,0.0,1.0,0.0,0.0,1.0,0.0,1.0,1.0,0.0,0
C000530,0.9860880284322305,1.0038378329035285,1.58378467422308,-0.9793431517078963,-0.46410667241066167,-0.21139890034421666,-0.2128289624261387,-0.20705964456619616,-0.2280709641734485,0.0,0.0,1.0,0.0,1.0,0.0,1.0,0.0,0.0,0.0,1.0,0.0,0.0,1.0,1.0,0.0,0
C000531,1.2793048076270657,0.1616935284358845,0.6617313125076895,-0.9793431517078963,-0.46410667241066167,-0.21139890034421666,4.698608632023215,-0.20705964456619616,-0.2280709641734485,0.0,1.0,0.0,1.0,0.0,0.0,0.0,0.0,0.0,1.0,0.0,1.0,1.0,0.0,1.0,0.0,0
C000532,1.3965915193049998,-0.8055425864867594,0.30633022936707627,1.953797735270828,-0.46410667241066167,-0.21139890034421666,-0.2128289624261387,-0.20705964456619616,-0.2280709641734485,0.0,0.0,1.0,1.0,0.0,0.0,0.0,1.0,0.0,0.0,1.0,0.0,0.0,1.0,1.0,0.0,0
C000533,-1.2423594934485167,0.1616935284358845,-1.3828014147901382,-0.9793431517078963,2.1546770590601567,-0.21139890034421666,4.698608632023215,-0.20705964456619616,-0.2280709641734485,1.0,0.0,0.0,0.0,0.0,1.0,1.0,0.0,0.0,0.0,0.0,1.0,0.0,1.0,1.0,0.0,0
C000534,0.10643769084772503,-1.8587500393063778,-0.947539433861601,-0.0016295227149882177,-0.46410667241066167,-0.21139890034421666,-0.2128289624261387,-0.20705964456619616,-0.2280709641734485,0.0,0.0,1.0,0.0,0.0,1.0,0.0,1.0,0.0,0.0,0.0,1.0,0.0,1.0,1.0,0.0,0
C000535,1.8070950101777692,-1.505963023304077,-0.16072284679602397,-0.9793431517078963,-0.46410667241066167,-0.21139890034421666,-0.2128289624261387,-0.20705964456619616,-0.2280709641734485,0.0,1.0,0.0,0.0,0.0,1.0,0.0,0.0,1.0,0.0,0.0,1.0,1.0,0.0,0.0,1.0,0
C000536,1.2206614517880987,0.8239305100019565,1.7842776380379646,0.9760841062779199,-0.46410667241066167,-0.21139890034421666,-0.2128289624261387,-0.20705964456619616,-0.2280709641734485,1.0,0.0,0.0,1.0,0.0,0.0,0.0,0.0,1.0,0.0,0.0,1.0,0.0,1.0,1.0,0.0,1
C000537,0.8688013167542965,-0.6813877933385389,0.140507638543781,-0.0016295227149882177,-0.46410667241066167,-0.21139890034421666,-0.2128289624261387,-0.20705964456619616,4.384600221356971,1.0,0.0,0.0,1.0,0.0,0.0,1.0,0.0,0.0,0.0,1.0,0.0,1.0,0.0,1.0,0.0,0
C000538,-0.5386392233809124,1.114405875103453,0.12510685054107917,0.9760841062779199,-0.46410667241066167,-0.21139890034421666,-0.2128289624261387,-0.20705964456619616,-0.2280709641734485,1.0,0.0,0.0,0.0,1.0,0.0,0.0,0.0,0.0,1.0,0.0,1.0,0.0,1.0,1.0,0.0,0
C000539,0.9274446725932636,-0.5844065020869107,0.26916001832287384,0.9760841062779199,-0.46410667241066167,-0.21139890034421666,-0.2128289624261387,-0.20705964456619616,-0.2280709641734485,0.0,1.0,0.0,1.0,0.0,0.0,0.0,1.0,0.0,0.0,0.0,1.0,0.0,1.0,1.0,0.0,0
C000540,0.6342278933984283,0.3858749190827649,0.8396662138954284,-0.9793431517078963,2.1546770590601567,-0.21139890034421666,-0.2128289624261387,-0.20705964456619616,-0.2280709641734485,0.0,1.0,0.0,0.0,1.0,0.0,1.0,0.0,0.0,0.0,0.0,1.0,0.0,1.0,1.0,0.0,0
C000541,1.0447313842711976,0.1616935284358845,2.0818848462003223,-0.0016295227149882177,-0.46410667241066167,-0.21139890034421666,4.698608632023215,-0.20705964456619616,-0.2280709641734485,0.0,1.0,0.0,0.0,1.0,0.0,0.0,1.0,0.0,0.0,1.0,0.0,0.0,1.0,1.0,0.0,0
C000542,0.5755845375594614,-0.4738384598869861,0.04761931090429613,-0.0016295227149882177,-0.46410667241066167,-0.21139890034421666,-0.2128289624261387,-0.20705964456619616,-0.2280709641734485,0.0,0.0,1.0,1.0,0.0,0.0,0.0,0.0,1.0,0.0,0.0,1.0,1.0,0.0,1.0,0.0,0
C000543,1.513878230982934,1.1523550760280032,2.4081732320198865,-0.9793431517078963,2.1546770590601567,-0.21139890034421666,-0.2128289624261387,-0.20705964456619616,-0.2280709641734485,0.0,1.0,0.0,0.0,1.0,0.0,1.0,0.0,0.0,0.0,1.0,0.0,1.0,0.0,1.0,0.0,1
C000544,-1.3596462051264508,0.19284935388628655,-1.040799761211296,-0.0016295227149882177,2.1546770590601567,-0.21139890034421666,-0.2128289624261387,-0.20705964456619616,4.384600221356971,1.0,0.0,0.0,1.0,0.0,0.0,0.0,1.0,0.0,0.0,1.0,0.0,0.0,1.0,0.0,1.0,0
C000545,1.9830250776946703,-1.4689508396863054,-0.01148400305389921,-0.0016295227149882177,-0.46410667241066167,-0.21139890034421666,-0.2128289624261387,-0.20705964456619616,-0.2280709641734485,0.0,1.0,0.0,0.0,0.0,1.0,0.0,0.0,1.0,0.0,1.0,0.0,1.0,0.0,1.0,0.0,0
C000546,-0.30406580002504424,0.7663039456350466,0.25523978916680845,-0.9793431517078963,-0.46410667241066167,-0.21139890034421666,-0.2128289624261387,-0.20705964456619616,-0.2280709641734485,1.0,0.0,0.0,0.0,1.0,0.0,0.0,1.0,0.0,0.0,0.0,1.0,1.0,0.0,1.0,0.0,1
C000547,-1.2423594934485167,-0.4059047051455073,-1.027809531330756,-0.0016295227149882177,-0.46410667241066167,-0.21139890034421666,-0.2128289624261387,-0.20705964456619616,-0.2280709641734485,1.0,0.0,0.0,1.0,0.0,0.0,1.0,0.0,0.0,0.0,0.0,1.0,1.0,0.0,1.0,0.0,0
C000548,-1.3596462051264508,0.9237228531739219,-0.8335215226821772,-0.9793431517078963,-0.46410667241066167,-0.21139890034421666,-0.2128289624261387,-0.20705964456619616,-0.2280709641734485,1.0,0.0,0.0,0.0,1.0,0.0,0.0,0.0,1.0,0.0,0.0,1.0,1.0,0.0,1.0,0.0,1
C000549,-0.010849020830209034,1.449858070930342,1.0837798637295606,-0.0016295227149882177,2.1546770590601567,4.730393575234874,-0.2128289624261387,-0.20705964456619616,-0.2280709641734485,1.0,0.0,0.0,0.0,1.0,0.0,0.0,0.0,0.0,1.0,0.0,1.0,1.0,0.0,1.0,0.0,1
C000550,0.5169411817204943,1.0005582723298017,1.2732393161396116,-0.0016295227149882177,2.1546770590601567,-0.21139890034421666,-0.2128289624261387,-0.20705964456619616,-0.2280709641734485,0.0,0.0,1.0,0.0,1.0,0.0,0.0,1.0,0.0,0.0,0.0,1.0,0.0,1.0,0.0,1.0,0
C000551,-0.24542244418607717,-0.026881204553393552,-0.14788141679956815,0.9760841062779199,-0.46410667241066167,-0.21139890034421666,-0.2128289624261387,4.829526304341278,-0.2280709641734485,0.0,0.0,1.0,0.0,1.0,0.0,0.0,1.0,0.0,0.0,0.0,1.0,0.0,1.0,0.0,1.0,0
C000552,-1.8874364076771541,0.4622418295852548,-1.318445464923775,0.9760841062779199,-0.46410667241066167,-0.21139890034421666,-0.2128289624261387,-0.20705964456619616,-0.2280709641734485,1.0,0.0,0.0,0.0,1.0,0.0,0.0,1.0,0.0,0.0,0.0,1.0,1.0,0.0,1.0,0.0,1
C000553,0.8688013167542965,-0.33281735521674366,0.46621570481541685,-0.0016295227149882177,-0.46410667241066167,-0.21139890034421666,-0.2128289624261387,-0.20705964456619616,-0.2280709641734485,1.0,0.0,0.0,1.0,0.0,0.0,0.0,0.0,1.0,0.0,1.0,0.0,0.0,1.0,0.0,1.0,0
C000554,1.6311649426608679,-0.9690521065196982,-0.14788141679956815,-0.0016295227149882177,-0.46410667241066167,-0.21139890034421666,-0.2128289624261387,4.829526304341278,-0.2280709641734485,0.0,0.0,1.0,1.0,0.0,0.0,0.0,1.0,0.0,0.0,0.0,1.0,1.0,0.0,1.0,0.0,0
C000555,0.5169411817204943,0.1616935284358845,0.5796979364121378,-0.9793431517078963,-0.46410667241066167,-0.21139890034421666,4.698608632023215,-0.20705964456619616,-0.2280709641734485,0.0,1.0,0.0,1.0,0.0,0.0,0.0,1.0,0.0,0.0,0.0,1.0,0.0,1.0,0.0,1.0,0
C000556,-1.77014969599922,-1.4942503069693391,-1.4787327000591426,-0.9793431517078963,-0.46410667241066167,-0.21139890034421666,-0.2128289624261387,-0.20705964456619616,-0.2280709641734485,0.0,0.0,1.0,0.0,0.0,1.0,0.0,1.0,0.0,0.0,1.0,0.0,0.0,1.0,1.0,0.0,0
C000557,-0.36270915586401126,-2.0091413170444103,-1.2610161496615255,0.9760841062779199,-0.46410667241066167,-0.21139890034421666,-0.2128289624261387,-0.20705964456619616,-0.2280709641734485,0.0,1.0,0.0,0.0,0.0,1.0,1.0,0.0,0.0,0.0,0.0,1.0,1.0,0.0,1.0,0.0,1
C000558,-1.8287930518381872,-0.22271782167020873,-1.3125753094966581,1.953797735270828,-0.46410667241066167,-0.21139890034421666,-0.2128289624261387,-0.20705964456619616,-0.2280709641734485,1.0,0.0,0.0,0.0,1.0,0.0,1.0,0.0,0.0,0.0,1.0,0.0,1.0,0.0,1.0,0.0,0
C000559,0.45829782588152723,-0.45509811375140574,0.16397338026383987,-0.9793431517078963,2.1546770590601567,-0.21139890034421666,-0.2128289624261387,-0.20705964456619616,-0.2280709641734485,1.0,0.0,0.0,1.0,0.0,0.0,0.0,1.0,0.0,0.0,0.0,1.0,0.0,1.0,1.0,0.0,0
C000560,-1.2423594934485167,-0.6279778068521351,-1.1154229030794607,-0.9793431517078963,-0.46410667241066167,-0.21139890034421666,-0.2128289624261387,-0.20705964456619616,-0.2280709641734485,1.0,0.0,0.0,1.0,0.0,0.0,0.0,0.0,0.0,1.0,0.0,1.0,0.0,1.0,1.0,0.0,0
C000561,1.8657383660167361,0.4880098055216777,2.016502177133779,-0.0016295227149882177,-0.46410667241066167,-0.21139890034421666,-0.2128289624261387,-0.20705964456619616,-0.2280709641734485,0.0,0.0,1.0,0.0,1.0,0.0,0.0,1.0,0.0,0.0,0.0,1.0,0.0,1.0,1.0,0.0,0
C000562,1.572521586821901,-0.45135004452428973,0.8993572873957558,-0.0016295227149882177,-0.46410667241066167,-0.21139890034421666,-0.2128289624261387,-0.20705964456619616,4.384600221356971,1.0,0.0,0.0,1.0,0.0,0.0,1.0,0.0,0.0,0.0,0.0,1.0,1.0,0.0,1.0,0.0,1
C000563,0.047794335008758,-0.13229565156603332,-0.006938166595130569,-0.9793431517078963,-0.46410667241066167,-0.21139890034421666,-0.2128289624261387,-0.20705964456619616,-0.2280709641734485,1.0,0.0,0.0,1.0,0.0,0.0,0.0,1.0,0.0,0.0,0.0,1.0,0.0,1.0,1.0,0.0,0
C000564,0.3410111142035932,-1.4900337290888335,-0.8239611301297752,-0.9793431517078963,-0.46410667241066167,-0.21139890034421666,-0.2128289624261387,-0.20705964456619616,-0.2280709641734485,0.0,1.0,0.0,0.0,0.0,1.0,0.0,1.0,0.0,0.0,0.0,1.0,1.0,0.0,1.0,0.0,0
C000565,1.2206614517880987,1.0347594040272359,1.844013351503517,1.953797735270828,-0.46410667241066167,-0.21139890034421666,-0.2128289624261387,-0.20705964456619616,-0.2280709641734485,1.0,0.0,0.0,0.0,1.0,0.0,1.0,0.0,0.0,0.0,0.0,1.0,1.0,0.0,0.0,1.0,1
C000566,-0.010849020830209034,-2.0091413170444103,-1.2954930828038063,-0.9793431517078963,-0.46410667241066167,-0.21139890034421666,-0.2128289624261387,-0.20705964456619616,-0.2280709641734485,1.0,0.0,0.0,0.0,0.0,1.0,1.0,0.0,0.0,0.0,0.0,1.0,0.0,1.0,1.0,0.0,0
C000567,-1.0664294259316156,0.8539150638188852,-0.6584956590282818,2.931511364263736,-0.46410667241066167,-0.21139890034421666,-0.2128289624261387,-0.20705964456619616,-0.2280709641734485,0.0,0.0,1.0,0.0,1.0,0.0,0.0,0.0,0.0,1.0,0.0,1.0,1.0,0.0,0.0,1.0,0
C000568,0.45829782588152723,0.9508963550705141,1.1106828827719617,-0.9793431517078963,-0.46410667241066167,-0.21139890034421666,-0.2128289624261387,-0.20705964456619616,-0.2280709641734485,0.0,1.0,0.0,0.0,1.0,0.0,1.0,0.0,0.0,0.0,0.0,1.0,0.0,1.0,1.0,0.0,0
C000569,1.4552348751439668,-0.10418513236266297,-0.14788141679956815,-0.9793431517078963,-0.46410667241066167,-0.21139890034421666,-0.2128289624261387,4.829526304341278,-0.2280709641734485,0.0,1.0,0.0,1.0,0.0,0.0,0.0,0.0,0.0,1.0,1.0,0.0,1.0,0.0,1.0,0.0,1
C000570,0.9274446725932636,0.1616935284358845,1.4042055341162119,-0.0016295227149882177,-0.46410667241066167,-0.21139890034421666,4.698608632023215,-0.20705964456619616,-0.2280709641734485,0.0,0.0,1.0,0.0,1.0,0.0,1.0,0.0,0.0,0.0,0.0,1.0,0.0,1.0,0.0,1.0,0
C000571,0.28236775836462613,-0.19601282842700665,0.13631892180681449,-0.0016295227149882177,-0.46410667241066167,-0.21139890034421666,-0.2128289624261387,-0.20705964456619616,4.384600221356971,0.0,1.0,0.0,1.0,0.0,0.0,1.0,0.0,0.0,0.0,0.0,1.0,0.0,1.0,1.0,0.0,0
C000572,-0.47999586754194534,-0.18992221593294323,-0.5230654445291594,-0.0016295227149882177,2.1546770590601567,-0.21139890034421666,-0.2128289624261387,-0.20705964456619616,-0.2280709641734485,0.0,0.0,1.0,0.0,1.0,0.0,0.0,1.0,0.0,0.0,0.0,1.0,1.0,0.0,1.0,0.0,0
C000573,0.047794335008758,0.7695835062087735,0.556812514240007,-0.0016295227149882177,-0.46410667241066167,-0.21139890034421666,-0.2128289624261387,-0.20705964456619616,-0.2280709641734485,0.0,1.0,0.0,0.0,1.0,0.0,1.0,0.0,0.0,0.0,1.0,0.0,0.0,1.0,0.0,1.0,0
C000574,-1.0664294259316156,-2.0091413170444103,-1.4070929958668639,-0.9793431517078963,-0.46410667241066167,-0.21139890034421666,-0.2128289624261387,-0.20705964456619616,-0.2280709641734485,0.0,1.0,0.0,0.0,0.0,1.0,0.0,0.0,0.0,1.0,1.0,0.0,1.0,0.0,0.0,1.0,0
C000575,0.9274446725932636,-0.5038230137039147,0.26345354276824945,1.953797735270828,-0.46410667241066167,-0.21139890034421666,-0.2128289624261387,-0.20705964456619616,-0.2280709641734485,1.0,0.0,0.0,1.0,0.0,0.0,0.0,1.0,0.0,0.0,0.0,1.0,1.0,0.0,1.0,0.0,1
C000576,0.9274446725932636,0.9996212550230227,1.4844533116027543,-0.0016295227149882177,-0.46410667241066167,-0.21139890034421666,-0.2128289624261387,-0.20705964456619616,-0.2280709641734485,1.0,0.0,0.0,0.0,1.0,0.0,0.0,0.0,1.0,0.0,0.0,1.0,1.0,0.0,1.0,0.0,0
C000577,-0.47999586754194534,1.6316394284454714,0.4354736487636464,1.953797735270828,-0.46410667241066167,-0.21139890034421666,-0.2128289624261387,-0.20705964456619616,-0.2280709641734485,1.0,0.0,0.0,0.0,1.0,0.0,0.0,0.0,1.0,0.0,0.0,1.0,0.0,1.0,0.0,1.0,1
C000578,-0.47999586754194534,0.5423568093148607,-0.006595926861737165,-0.9793431517078963,-0.46410667241066167,-0.21139890034421666,-0.2128289624261387,-0.20705964456619616,-0.2280709641734485,1.0,0.0,0.0,1.0,0.0,0.0,0.0,0.0,1.0,0.0,1.0,0.0,0.0,1.0,0.0,1.0,0
C000579,-1.9460797635161213,0.46317884689203365,-1.3710164639706794,-0.0016295227149882177,-0.46410667241066167,-0.21139890034421666,-0.2128289624261387,-0.20705964456619616,-0.2280709641734485,1.0,0.0,0.0,0.0,1.0,0.0,0.0,1.0,0.0,0.0,1.0,0.0,1.0,0.0,1.0,0.0,1
C000580,-0.5972825792198794,0.1616935284358845,-0.656643100471435,-0.9793431517078963,-0.46410667241066167,-0.21139890034421666,4.698608632023215,-0.20705964456619616,-0.2280709641734485,0.0,1.0,0.0,1.0,0.0,0.0,0.0,0.0,1.0,0.0,1.0,0.0,1.0,0.0,1.0,0.0,0
C000581,0.10643769084772503,-1.700862623114113,-1.026090892669585,-0.0016295227149882177,-0.46410667241066167,-0.21139890034421666,-0.2128289624261387,-0.20705964456619616,-0.2280709641734485,0.0,1.0,0.0,0.0,0.0,1.0,1.0,0.0,0.0,0.0,0.0,1.0,0.0,1.0,0.0,1.0,0
C000582,0.9274446725932636,-1.4375607599092084,-0.5196728071720425,-0.0016295227149882177,-0.46410667241066167,-0.21139890034421666,-0.2128289624261387,-0.20705964456619616,-0.2280709641734485,1.0,0.0,0.0,0.0,0.0,1.0,1.0,0.0,0.0,0.0,0.0,1.0,0.0,1.0,1.0,0.0,0
C000583,-0.47999586754194534,0.15443164430834705,-0.169955879603441,-0.9793431517078963,-0.46410667241066167,-0.21139890034421666,-0.2128289624261387,-0.20705964456619616,-0.2280709641734485,1.0,0.0,0.0,1.0,0.0,0.0,0.0,0.0,1.0,0.0,0.0,1.0,0.0,1.0,1.0,0.0,0
C000584,-0.24542244418607717,-0.11168127081689497,-0.23023471264590048,-0.0016295227149882177,2.1546770590601567,-0.21139890034421666,-0.2128289624261387,-0.20705964456619616,-0.2280709641734485,0.0,1.0,0.0,1.0,0.0,0.0,0.0,1.0,0.0,0.0,0.0,1.0,0.0,1.0,1.0,0.0,0
C000585,0.3410111142035932,1.6292968851785241,1.4161020848487336,-0.0016295227149882177,-0.46410667241066167,-0.21139890034421666,-0.2128289624261387,-0.20705964456619616,-0.2280709641734485,1.0,0.0,0.0,0.0,1.0,0.0,0.0,0.0,0.0,1.0,0.0,1.0,0.0,1.0,1.0,0.0,0
C000586,-1.3596462051264508,-1.5560934492167542,-1.4377383319939792,-0.9793431517078963,2.1546770590601567,-0.21139890034421666,-0.2128289624261387,-0.20705964456619616,-0.2280709641734485,1.0,0.0,0.0,0.0,0.0,1.0,0.0,0.0,1.0,0.0,0.0,1.0,1.0,0.0,1.0,0.0,0
C000587,-0.18677908834711016,1.2933761806982453,0.6464495644122549,2.931511364263736,2.1546770590601567,-0.21139890034421666,-0.2128289624261387,-0.20705964456619616,-0.2280709641734485,1.0,0.0,0.0,0.0,1.0,0.0,0.0,0.0,1.0,0.0,0.0,1.0,0.0,1.0,1.0,0.0,1
C000588,-1.77014969599922,0.32450028548873894,-1.2903669267971096,0.9760841062779199,-0.46410667241066167,-0.21139890034421666,-0.2128289624261387,-0.20705964456619616,-0.2280709641734485,0.0,0.0,1.0,0.0,1.0,0.0,1.0,0.0,0.0,0.0,0.0,1.0,0.0,1.0,1.0,0.0,0
C000589,1.1620180959491317,-0.6673325337368539,0.32998197094224024,-0.9793431517078963,-0.46410667241066167,-0.21139890034421666,-0.2128289624261387,-0.20705964456619616,-0.2280709641734485,1.0,0.0,0.0,1.0,0.0,0.0,0.0,0.0,1.0,0.0,0.0,1.0,0.0,1.0,1.0,0.0,0
C000590,1.1620180959491317,1.0427240511348577,1.9636856582781361,-0.9793431517078963,-0.46410667241066167,-0.21139890034421666,-0.2128289624261387,-0.20705964456619616,-0.2280709641734485,1.0,0.0,0.0,0.0,1.0,0.0,1.0,0.0,0.0,0.0,0.0,1.0,1.0,0.0,0.0,1.0,0
C000591,1.689808298499835,-1.7580206788276331,-0.14788141679956815,-0.0016295227149882177,2.1546770590601567,-0.21139890034421666,-0.2128289624261387,4.829526304341278,-0.2280709641734485,1.0,0.0,0.0,0.0,0.0,1.0,1.0,0.0,0.0,0.0,0.0,1.0,1.0,0.0,1.0,0.0,0
C000592,1.2793048076270657,-0.5178782733056002,0.4913628852256256,-0.0016295227149882177,-0.46410667241066167,-0.21139890034421666,-0.2128289624261387,-0.20705964456619616,-0.2280709641734485,0.0,1.0,0.0,1.0,0.0,0.0,0.0,0.0,1.0,0.0,0.0,1.0,0.0,1.0,1.0,0.0,0
C000593,-2.0633664751940555,-2.0091413170444103,-1.6385512155596453,-0.0016295227149882177,2.1546770590601567,-0.21139890034421666,-0.2128289624261387,-0.20705964456619616,-0.2280709641734485,0.0,0.0,1.0,0.0,0.0,1.0,1.0,0.0,0.0,0.0,1.0,0.0,0.0,1.0,0.0,1.0,0
C000594,0.16508104668669207,1.3130535441406048,1.1478977337813892,1.953797735270828,-0.46410667241066167,-0.21139890034421666,-0.2128289624261387,-0.20705964456619616,-0.2280709641734485,1.0,0.0,0.0,0.0,1.0,0.0,1.0,0.0,0.0,0.0,1.0,0.0,1.0,0.0,1.0,0.0,1
C000595,-0.5386392233809124,0.2626571432413233,-0.2501962170957793,-0.0016295227149882177,-0.46410667241066167,-0.21139890034421666,-0.2128289624261387,-0.20705964456619616,-0.2280709641734485,1.0,0.0,0.0,1.0,0.0,0.0,0.0,1.0,0.0,0.0,1.0,0.0,0.0,1.0,0.0,1.0,0
C000596,1.3379481634660328,1.0291373001865616,2.044930394988042,-0.0016295227149882177,-0.46410667241066167,-0.21139890034421666,-0.2128289624261387,-0.20705964456619616,-0.2280709641734485,1.0,0.0,0.0,0.0,1.0,0.0,0.0,0.0,0.0,1.0,0.0,1.0,0.0,1.0,1.0,0.0,0
C000597,-0.8904993584147146,0.46739542477253937,-0.14788141679956815,-0.9793431517078963,-0.46410667241066167,-0.21139890034421666,-0.2128289624261387,4.829526304341278,-0.2280709641734485,0.0,1.0,0.0,0.0,1.0,0.0,0.0,0.0,1.0,0.0,0.0,1.0,0.0,1.0,0.0,1.0,0
C000598,0.5755845375594614,-0.614391055903839,-0.18460522819151823,-0.0016295227149882177,-0.46410667241066167,-0.21139890034421666,-0.2128289624261387,-0.20705964456619616,-0.2280709641734485,1.0,0.0,0.0,1.0,0.0,0.0,0.0,0.0,0.0,1.0,0.0,1.0,0.0,1.0,1.0,0.0,0
C000599,-1.1837161376095497,-2.0091413170444103,-1.4613975135633477,-0.9793431517078963,-0.46410667241066167,-0.21139890034421666,-0.2128289624261387,-0.20705964456619616,-0.2280709641734485,0.0,0.0,1.0,0.0,0.0,1.0,1.0,0.0,0.0,0.0,0.0,1.0,0.0,1.0,1.0,0.0,0
C000600,-0.1281357325081431,-0.1496304717414454,-0.1490494958896281,-0.9793431517078963,-0.46410667241066167,-0.21139890034421666,-0.2128289624261387,-0.20705964456619616,-0.2280709641734485,1.0,0.0,0.0,1.0,0.0,0.0,0.0,0.0,1.0,0.0,1.0,0.0,1.0,0.0,1.0,0.0,0
C000601,0.7515146050763625,0.0082569444508197,0.6931206480552256,-0.0016295227149882177,-0.46410667241066167,-0.21139890034421666,-0.2128289624261387,-0.20705964456619616,-0.2280709641734485,1.0,0.0,0.0,1.0,0.0,0.0,1.0,0.0,0.0,0.0,0.0,1.0,0.0,1.0,1.0,0.0,1
C000602,0.28236775836462613,-1.539227137694732,-0.8979295525079699,0.9760841062779199,-0.46410667241066167,-0.21139890034421666,-0.2128289624261387,-0.20705964456619616,-0.2280709641734485,0.0,1.0,0.0,0.0,0.0,1.0,1.0,0.0,0.0,0.0,0.0,1.0,1.0,0.0,1.0,0.0,0
C000603,-0.6559259350588464,0.9377781127756077,-0.039488141238522366,0.9760841062779199,2.1546770590601567,-0.21139890034421666,-0.2128289624261387,-0.20705964456619616,-0.2280709641734485,1.0,0.0,0.0,0.0,1.0,0.0,0.0,0.0,1.0,0.0,0.0,1.0,0.0,1.0,0.0,1.0,1
C000604,-1.3596462051264508,-1.5326680165472788,-1.3555412760259353,-0.9793431517078963,-0.46410667241066167,-0.21139890034421666,-0.2128289624261387,-0.20705964456619616,-0.2280709641734485,1.0,0.0,0.0,0.0,0.0,1.0,0.0,0.0,0.0,1.0,1.0,0.0,0.0,1.0,0.0,1.0,0
C000605,1.0447313842711976,-0.8819094969892494,0.011765978834237788,-0.0016295227149882177,-0.46410667241066167,-0.21139890034421666,-0.2128289624261387,-0.20705964456619616,-0.2280709641734485,0.0,0.0,1.0,1.0,0.0,0.0,1.0,0.0,0.0,0.0,0.0,1.0,1.0,0.0,0.0,1.0,0
C000606,-0.06949237666917607,0.1616935284358845,0.06952265384147227,-0.0016295227149882177,-0.46410667241066167,-0.21139890034421666,4.698608632023215,-0.20705964456619616,-0.2280709641734485,1.0,0.0,0.0,1.0,0.0,0.0,0.0,1.0,0.0,0.0,0.0,1.0,1.0,0.0,1.0,0.0,0
C000607,-0.36270915586401126,0.8061271811731553,0.24428067770401615,0.9760841062779199,2.1546770590601567,-0.21139890034421666,-0.2128289624261387,-0.20705964456619616,-0.2280709641734485,0.0,0.0,1.0,0.0,1.0,0.0,1.0,0.0,0.0,0.0,0.0,1.0,0.0,1.0,0.0,1.0,0
C000608,-0.010849020830209034,-2.0091413170444103,-0.8163053760936495,-0.0016295227149882177,-0.46410667241066167,4.730393575234874,-0.2128289624261387,-0.20705964456619616,4.384600221356971,1.0,0.0,0.0,0.0,0.0,1.0,1.0,0.0,0.0,0.0,0.0,1.0,1.0,0.0,1.0,0.0,0
C000609,1.1620180959491317,-1.7613002394013597,-0.6036480217548911,0.9760841062779199,-0.46410667241066167,-0.21139890034421666,-0.2128289624261387,-0.20705964456619616,-0.2280709641734485,0.0,1.0,0.0,0.0,0.0,1.0,1.0,0.0,0.0,0.0,0.0,1.0,0.0,1.0,1.0,0.0,0
C000610,-0.010849020830209034,0.37884728928192196,-0.17329643700112835,-0.0016295227149882177,2.1546770590601567,4.730393575234874,-0.2128289624261387,-0.20705964456619616,4.384600221356971,0.0,1.0,0.0,0.0,1.0,0.0,0.0,0.0,0.0,1.0,0.0,1.0,0.0,1.0,0.0,1.0,0
C000611,-0.24542244418607717,1.5655797083175507,0.6498124417925549,2.931511364263736,-0.46410667241066167,-0.21139890034421666,-0.2128289624261387,-0.20705964456619616,-0.2280709641734485,0.0,0.0,1.0,0.0,1.0,0.0,0.0,0.0,0.0,1.0,1.0,0.0,1.0,0.0,1.0,0.0,0
C000612,-1.0664294259316156,0.14693550585411436,-0.7566366225759347,1.953797735270828,-0.46410667241066167,-0.21139890034421666,-0.2128289624261387,-0.20705964456619616,-0.2280709641734485,1.0,0.0,0.0,1.0,0.0,0.0,1.0,0.0,0.0,0.0,0.0,1.0,0.0,1.0,1.0,0.0,0
C000613,0.10643769084772503,-0.31782507830827933,-0.2635063667270999,-0.0016295227149882177,-0.46410667241066167,-0.21139890034421666,-0.2128289624261387,-0.20705964456619616,-0.2280709641734485,0.0,0.0,1.0,1.0,0.0,0.0,1.0,0.0,0.0,0.0,0.0,1.0,1.0,0.0,1.0,0.0,0
C000614,0.16508104668669207,0.594829778494486,0.5722133022427088,-0.0016295227149882177,-0.46410667241066167,-0.21139890034421666,-0.2128289624261387,-0.20705964456619616,-0.2280709641734485,0.0,1.0,0.0,0.0,1.0,0.0,0.0,1.0,0.0,0.0,0.0,1.0,0.0,1.0,0.0,1.0,0
C000615,0.7515146050763625,-1.3002877244660818,-0.41124233163997564,-0.0016295227149882177,-0.46410667241066167,-0.21139890034421666,-0.2128289624261387,-0.20705964456619616,-0.2280709641734485,0.0,0.0,1.0,0.0,0.0,1.0,0.0,1.0,0.0,0.0,0.0,1.0,1.0,0.0,1.0,0.0,0
C000616,-0.5972825792198794,-0.19413879381344865,-0.31807128422073094,-0.9793431517078963,2.1546770590601567,-0.21139890034421666,-0.2128289624261387,-0.20705964456619616,-0.2280709641734485,0.0,1.0,0.0,1.0,0.0,0.0,0.0,0.0,1.0,0.0,1.0,0.0,0.0,1.0,1.0,0.0,0
C000617,-0.1281357325081431,1.3688060738939565,0.6506829211144468,-0.9793431517078963,-0.46410667241066167,-0.21139890034421666,-0.2128289624261387,-0.20705964456619616,-0.2280709641734485,1.0,0.0,0.0,0.0,1.0,0.0,0.0,0.0,1.0,0.0,0.0,1.0,1.0,0.0,1.0,0.0,1
C000618,0.6928712492373954,0.6936851043596727,1.184755465069015,1.953797735270828,-0.46410667241066167,-0.21139890034421666,-0.2128289624261387,-0.20705964456619616,-0.2280709641734485,0.0,1.0,0.0,0.0,1.0,0.0,0.0,0.0,0.0,1.0,0.0,1.0,1.0,0.0,1.0,0.0,0
C000619,1.689808298499835,0.27671240284300913,1.6246153624157507,-0.0016295227149882177,2.1546770590601567,-0.21139890034421666,-0.2128289624261387,-0.20705964456619616,-0.2280709641734485,1.0,0.0,0.0,1.0,0.0,0.0,1.0,0.0,0.0,0.0,0.0,1.0,0.0,1.0,1.0,0.0,0
C000620,0.6928712492373954,0.5695303112114529,-0.14788141679956815,2.931511364263736,-0.46410667241066167,-0.21139890034421666,-0.2128289624261387,4.829526304341278,-0.2280709641734485,1.0,0.0,0.0,0.0,1.0,0.0,0.0,0.0,1.0,0.0,1.0,0.0,0.0,1.0,0.0,1.0,1
C000621,-0.5386392233809124,0.0607299136304447,-0.4165544875017771,-0.9793431517078963,-0.46410667241066167,-0.21139890034421666,-0.2128289624261387,-0.20705964456619616,-0.2280709641734485,0.0,1.0,0.0,1.0,0.0,0.0,1.0,0.0,0.0,0.0,0.0,1.0,1.0,0.0,1.0,0.0,1
C000622,1.689808298499835,0.9166952233730796,2.3114012274058067,-0.9793431517078963,-0.46410667241066167,-0.21139890034421666,-0.2128289624261387,-0.20705964456619616,-0.2280709641734485,0.0,0.0,1.0,0.0,1.0,0.0,0.0,1.0,0.0,0.0,0.0,1.0,0.0,1.0,0.0,1.0,0
C000623,-1.8874364076771541,0.5376717227809659,-1.3991024420915488,-0.0016295227149882177,2.1546770590601567,-0.21139890034421666,-0.2128289624261387,-0.20705964456619616,-0.2280709641734485,0.0,0.0,1.0,0.0,1.0,0.0,1.0,0.0,0.0,0.0,0.0,1.0,0.0,1.0,1.0,0.0,0
C000624,1.6311649426608679,-0.05405470644998538,1.2329889474948688,-0.0016295227149882177,-0.46410667241066167,-0.21139890034421666,-0.2128289624261387,-0.20705964456619616,-0.2280709641734485,1.0,0.0,0.0,1.0,0.0,0.0,0.0,1.0,0.0,0.0,0.0,1.0,1.0,0.0,0.0,1.0,0
C000625,1.572521586821901,1.1120633318365054,2.3955178018785355,0.9760841062779199,-0.46410667241066167,-0.21139890034421666,-0.2128289624261387,-0.20705964456619616,-0.2280709641734485,0.0,1.0,0.0,0.0,1.0,0.0,0.0,0.0,1.0,0.0,0.0,1.0,0.0,1.0,1.0,0.0,0
C000626,-0.5972825792198794,-0.7277701500241006,-0.5954045081766333,-0.9793431517078963,-0.46410667241066167,-0.21139890034421666,-0.2128289624261387,-0.20705964456619616,-0.2280709641734485,0.0,1.0,0.0,1.0,0.0,0.0,0.0,0.0,1.0,0.0,1.0,0.0,0.0,1.0,1.0,0.0,0
C000627,-1.535576272643352,-0.35811682249977717,-1.3078211532001718,-0.0016295227149882177,-0.46410667241066167,-0.21139890034421666,-0.2128289624261387,-0.20705964456619616,-0.2280709641734485,1.0,0.0,0.0,1.0,0.0,0.0,0.0,0.0,1.0,0.0,1.0,0.0,0.0,1.0,0.0,1.0,0
C000628,-1.711506340160253,0.1616935284358845,-0.14788141679956815,1.953797735270828,-0.46410667241066167,-0.21139890034421666,4.698608632023215,4.829526304341278,-0.2280709641734485,0.0,1.0,0.0,1.0,0.0,0.0,0.0,0.0,1.0,0.0,0.0,1.0,0.0,1.0,0.0,1.0,1
C000629,-0.8318560025757475,0.6590154640088491,-0.35035341907277134,-0.0016295227149882177,-0.46410667241066167,-0.21139890034421666,-0.2128289624261387,-0.20705964456619616,-0.2280709641734485,0.0,0.0,1.0,0.0,1.0,0.0,0.0,1.0,0.0,0.0,0.0,1.0,1.0,0.0,1.0,0.0,0
C000630,-0.06949237666917607,-2.0091413170444103,-1.093943639811924,-0.0016295227149882177,-0.46410667241066167,-0.21139890034421666,-0.2128289624261387,-0.20705964456619616,-0.2280709641734485,1.0,0.0,0.0,0.0,0.0,1.0,0.0,0.0,1.0,0.0,0.0,1.0,1.0,0.0,0.0,1.0,0
C000631,1.689808298499835,0.5957667958012649,1.9555611846071455,-0.0016295227149882177,-0.46410667241066167,-0.21139890034421666,-0.2128289624261387,-0.20705964456619616,-0.2280709641734485,1.0,0.0,0.0,0.0,1.0,0.0,0.0,1.0,0.0,0.0,0.0,1.0,0.0,1.0,1.0,0.0,0
C000632,0.5169411817204943,0.2354836413447318,0.6511070007840862,-0.0016295227149882177,-0.46410667241066167,-0.21139890034421666,-0.2128289624261387,-0.20705964456619616,-0.2280709641734485,0.0,1.0,0.0,0.0,1.0,0.0,0.0,0.0,1.0,0.0,1.0,0.0,1.0,0.0,0.0,1.0,0
C000633,0.5169411817204943,0.6726022149571446,0.7667989106594559,0.9760841062779199,2.1546770590601567,-0.21139890034421666,-0.2128289624261387,-0.20705964456619616,-0.2280709641734485,0.0,0.0,1.0,0.0,1.0,0.0,0.0,1.0,0.0,0.0,0.0,1.0,0.0,1.0,0.0,1.0,0
C000634,-0.7732126467367805,-0.3520262100057137,-0.7887104375902574,-0.9793431517078963,-0.46410667241066167,-0.21139890034421666,-0.2128289624261387,-0.20705964456619616,-0.2280709641734485,0.0,1.0,0.0,1.0,0.0,0.0,1.0,0.0,0.0,0.0,0.0,1.0,0.0,1.0,1.0,0.0,0
C000635,-0.36270915586401126,-0.4438539060700577,-0.42912807770688166,-0.9793431517078963,-0.46410667241066167,-0.21139890034421666,-0.2128289624261387,-0.20705964456619616,-0.2280709641734485,0.0,0.0,1.0,1.0,0.0,0.0,1.0,0.0,0.0,0.0,1.0,0.0,1.0,0.0,1.0,0.0,0
C000636,-0.7145692908978135,-0.6134540385970603,-0.906329305964516,-0.0016295227149882177,-0.46410667241066167,-0.21139890034421666,-0.2128289624261387,-0.20705964456619616,-0.2280709641734485,0.0,0.0,1.0,1.0,0.0,0.0,0.0,0.0,1.0,0.0,1.0,0.0,0.0,1.0,1.0,0.0,0
C000637,-0.010849020830209034,-2.0091413170444103,-1.4690681475878817,0.9760841062779199,-0.46410667241066167,4.730393575234874,-0.2128289624261387,-0.20705964456619616,-0.2280709641734485,0.0,1.0,0.0,0.0,0.0,1.0,1.0,0.0,0.0,0.0,1.0,0.0,0.0,1.0,0.0,1.0,0
C000638,0.22372440252565912,-0.1772724822914263,0.07947736608669709,-0.0016295227149882177,-0.46410667241066167,-0.21139890034421666,-0.2128289624261387,-0.20705964456619616,-0.2280709641734485,0.0,1.0,0.0,0.0,1.0,0.0,1.0,0.0,0.0,0.0,1.0,0.0,1.0,0.0,1.0,0.0,0
C000639,-0.06949237666917607,1.581977511186184,0.9746128287712778,-0.0016295227149882177,-0.46410667241066167,-0.21139890034421666,-0.2128289624261387,-0.20705964456619616,-0.2280709641734485,1.0,0.0,0.0,0.0,1.0,0.0,0.0,1.0,0.0,0.0,0.0,1.0,0.0,1.0,1.0,0.0,1
C000640,-0.010849020830209034,0.48238770168100403,0.229854528942065,-0.0016295227149882177,-0.46410667241066167,-0.21139890034421666,-0.2128289624261387,-0.20705964456619616,-0.2280709641734485,1.0,0.0,0.0,0.0,1.0,0.0,1.0,0.0,0.0,0.0,0.0,1.0,0.0,1.0,1.0,0.0,0
C000641,1.689808298499835,0.2509444269065855,1.4580859721430561,2.931511364263736,-0.46410667241066167,-0.21139890034421666,-0.2128289624261387,-0.20705964456619616,-0.2280709641734485,0.0,0.0,1.0,0.0,1.0,0.0,0.0,0.0,0.0,1.0,1.0,0.0,0.0,1.0,1.0,0.0,0
C000642,0.5169411817204943,-0.7094983125419096,-0.13746542491368277,-0.9793431517078963,-0.46410667241066167,-0.21139890034421666,-0.2128289624261387,-0.20705964456619616,-0.2280709641734485,1.0,0.0,0.0,1.0,0.0,0.0,1.0,0.0,0.0,0.0,1.0,0.0,1.0,0.0,0.0,1.0,0
C000643,0.6928712492373954,-0.3937234801573801,0.2989646351049144,-0.0016295227149882177,-0.46410667241066167,-0.21139890034421666,-0.2128289624261387,-0.20705964456619616,4.384600221356971,1.0,0.0,0.0,0.0,1.0,0.0,0.0,0.0,0.0,1.0,0.0,1.0,1.0,0.0,1.0,0.0,0
C000644,-0.47999586754194534,-0.516941255998821,-0.7814787632237712,-0.9793431517078963,-0.46410667241066167,-0.21139890034421666,-0.2128289624261387,-0.20705964456619616,-0.2280709641734485,1.0,0.0,0.0,1.0,0.0,0.0,0.0,0.0,0.0,1.0,1.0,0.0,1.0,0.0,1.0,0.0,0
C000645,-1.476932916804385,1.1167484183704002,-0.9557531874630419,-0.0016295227149882177,-0.46410667241066167,-0.21139890034421666,-0.2128289624261387,-0.20705964456619616,-0.2280709641734485,1.0,0.0,0.0,0.0,1.0,0.0,0.0,1.0,0.0,0.0,0.0,1.0,1.0,0.0,0.0,1.0,1
C000646,-1.8874364076771541,1.2067020798211863,-1.392718927064342,-0.0016295227149882177,2.1546770590601567,-0.21139890034421666,-0.2128289624261387,-0.20705964456619616,-0.2280709641734485,0.0,1.0,0.0,0.0,1.0,0.0,0.0,0.0,0.0,1.0,1.0,0.0,0.0,1.0,0.0,1.0,1
C000647,-1.0077860700926486,-0.5441147578954125,-0.8512138288997738,-0.9793431517078963,-0.46410667241066167,-0.21139890034421666,-0.2128289624261387,-0.20705964456619616,-0.2280709641734485,0.0,0.0,1.0,1.0,0.0,0.0,0.0,0.0,1.0,0.0,0.0,1.0,1.0,0.0,1.0,0.0,0
C000648,0.5169411817204943,0.9405891646959442,1.1382183013217202,1.953797735270828,-0.46410667241066167,-0.21139890034421666,-0.2128289624261387,-0.20705964456619616,-0.2280709641734485,1.0,0.0,0.0,0.0,1.0,0.0,1.0,0.0,0.0,0.0,1.0,0.0,0.0,1.0,0.0,1.0,0
C000649,-1.4182895609654178,-0.3609278744201143,-1.1323042499287992,-0.9793431517078963,-0.46410667241066167,-0.21139890034421666,-0.2128289624261387,-0.20705964456619616,-0.2280709641734485,0.0,1.0,0.0,1.0,0.0,0.0,0.0,1.0,0.0,0.0,1.0,0.0,1.0,0.0,0.0,1.0,0
C000650,-1.3010028492874839,0.9293449570145962,-0.8448377538667712,-0.9793431517078963,-0.46410667241066167,-0.21139890034421666,-0.2128289624261387,-0.20705964456619616,-0.2280709641734485,1.0,0.0,0.0,0.0,1.0,0.0,0.0,1.0,0.0,0.0,0.0,1.0,1.0,0.0,0.0,1.0,1
C000651,0.9860880284322305,-0.19226475919989064,0.5975911224732482,0.9760841062779199,-0.46410667241066167,-0.21139890034421666,-0.2128289624261387,-0.20705964456619616,-0.2280709641734485,0.0,0.0,1.0,1.0,0.0,0.0,0.0,0.0,1.0,0.0,0.0,1.0,0.0,1.0,0.0,1.0,0
C000652,1.0447313842711976,-0.35624278788621916,0.4168513432705244,-0.0016295227149882177,-0.46410667241066167,-0.21139890034421666,-0.2128289624261387,-0.20705964456619616,-0.2280709641734485,0.0,0.0,1.0,1.0,0.0,0.0,1.0,0.0,0.0,0.0,0.0,1.0,1.0,0.0,1.0,0.0,0
C000653,-1.3010028492874839,-0.2039774755346284,-1.035465285366882,-0.0016295227149882177,-0.46410667241066167,-0.21139890034421666,-0.2128289624261387,-0.20705964456619616,-0.2280709641734485,1.0,0.0,0.0,1.0,0.0,0.0,0.0,0.0,1.0,0.0,1.0,0.0,1.0,0.0,1.0,0.0,1
C000654,0.9274446725932636,-0.1735244130643103,0.5597289919680549,0.9760841062779199,-0.46410667241066167,-0.21139890034421666,-0.2128289624261387,-0.20705964456619616,-0.2280709641734485,1.0,0.0,0.0,1.0,0.0,0.0,0.0,0.0,1.0,0.0,1.0,0.0,1.0,0.0,0.0,1.0,0
C000655,-1.77014969599922,1.0328853694136784,-1.2506299177524571,3.909224993256644,-0.46410667241066167,-0.21139890034421666,-0.2128289624261387,-0.20705964456619616,-0.2280709641734485,0.0,0.0,1.0,0.0,1.0,0.0,1.0,0.0,0.0,0.0,0.0,1.0,0.0,1.0,1.0,0.0,0
C000656,0.047794335008758,-1.4464624243236088,-0.7706386916682463,-0.9793431517078963,-0.46410667241066167,-0.21139890034421666,-0.2128289624261387,-0.20705964456619616,-0.2280709641734485,1.0,0.0,0.0,0.0,0.0,1.0,0.0,0.0,0.0,1.0,1.0,0.0,0.0,1.0,1.0,0.0,0
C000657,-0.1281357325081431,1.4325232507549297,0.6547972379093714,-0.9793431517078963,2.1546770590601567,-0.21139890034421666,-0.2128289624261387,-0.20705964456619616,-0.2280709641734485,0.0,0.0,1.0,0.0,1.0,0.0,0.0,1.0,0.0,0.0,1.0,0.0,0.0,1.0,1.0,0.0,0
C000658,0.9860880284322305,0.4926948920555732,-0.14788141679956815,-0.0016295227149882177,-0.46410667241066167,-0.21139890034421666,-0.2128289624261387,4.829526304341278,-0.2280709641734485,0.0,0.0,1.0,0.0,1.0,0.0,1.0,0.0,0.0,0.0,0.0,1.0,1.0,0.0,0.0,1.0,0
C000659,1.8657383660167361,0.31700414703450697,1.7556783003170053,0.9760841062779199,-0.46410667241066167,-0.21139890034421666,-0.2128289624261387,-0.20705964456619616,-0.2280709641734485,0.0,0.0,1.0,0.0,1.0,0.0,1.0,0.0,0.0,0.0,1.0,0.0,0.0,1.0,1.0,0.0,0
C000660,-0.06949237666917607,1.11721692702379,0.6417549280694023,-0.9793431517078963,-0.46410667241066167,-0.21139890034421666,-0.2128289624261387,-0.20705964456619616,-0.2280709641734485,0.0,0.0,1.0,0.0,1.0,0.0,0.0,0.0,0.0,1.0,0.0,1.0,0.0,1.0,1.0,0.0,0
C000661,-0.30406580002504424,-0.5989302703419853,-0.14788141679956815,-0.9793431517078963,-0.46410667241066167,-0.21139890034421666,-0.2128289624261387,4.829526304341278,-0.2280709641734485,1.0,0.0,0.0,1.0,0.0,0.0,0.0,0.0,1.0,0.0,0.0,1.0,0.0,1.0,1.0,0.0,0
C000662,-1.0077860700926486,0.9391836387357763,-0.5244120834801201,-0.9793431517078963,-0.46410667241066167,-0.21139890034421666,-0.2128289624261387,-0.20705964456619616,-0.2280709641734485,0.0,1.0,0.0,0.0,1.0,0.0,1.0,0.0,0.0,0.0,0.0,1.0,0.0,1.0,1.0,0.0,0
C000663,-0.47999586754194534,-0.28784052449135067,-0.4267844795325574,-0.0016295227149882177,-0.46410667241066167,-0.21139890034421666,-0.2128289624261387,-0.20705964456619616,-0.2280709641734485,1.0,0.0,0.0,1.0,0.0,0.0,1.0,0.0,0.0,0.0,0.0,1.0,0.0,1.0,1.0,0.0,0
C000664,0.8688013167542965,-0.07748013911946089,0.5323423733023807,0.9760841062779199,-0.46410667241066167,-0.21139890034421666,-0.2128289624261387,-0.20705964456619616,-0.2280709641734485,1.0,0.0,0.0,1.0,0.0,0.0,0.0,0.0,0.0,1.0,0.0,1.0,0.0,1.0,1.0,0.0,0
C000665,0.8688013167542965,1.0572478193899326,1.5909196286649114,-0.0016295227149882177,-0.46410667241066167,-0.21139890034421666,-0.2128289624261387,-0.20705964456619616,-0.2280709641734485,0.0,0.0,1.0,0.0,1.0,0.0,0.0,1.0,0.0,0.0,1.0,0.0,0.0,1.0,1.0,0.0,0
C000666,0.6342278933984283,0.9106046108790156,1.255747889765528,-0.9793431517078963,-0.46410667241066167,-0.21139890034421666,-0.2128289624261387,-0.20705964456619616,-0.2280709641734485,1.0,0.0,0.0,0.0,1.0,0.0,0.0,0.0,1.0,0.0,0.0,1.0,0.0,1.0,1.0,0.0,0
C000667,-1.9460797635161213,0.4978484872428578,-1.4567475171857203,-0.0016295227149882177,-0.46410667241066167,-0.21139890034421666,-0.2128289624261387,-0.20705964456619616,-0.2280709641734485,1.0,0.0,0.0,0.0,1.0,0.0,0.0,0.0,0.0,1.0,0.0,1.0,0.0,1.0,1.0,0.0,1
C000668,1.8070950101777692,0.43178876711493636,1.940145516616035,-0.9793431517078963,2.1546770590601567,-0.21139890034421666,-0.2128289624261387,-0.20705964456619616,-0.2280709641734485,0.0,0.0,1.0,0.0,1.0,0.0,0.0,0.0,0.0,1.0,1.0,0.0,1.0,0.0,0.0,1.0,0
C000669,0.3996544700425602,0.9897825733018433,1.0604182819283605,0.9760841062779199,-0.46410667241066167,-0.21139890034421666,-0.2128289624261387,-0.20705964456619616,-0.2280709641734485,1.0,0.0,0.0,0.0,1.0,0.0,0.0,0.0,1.0,0.0,1.0,0.0,1.0,0.0,1.0,0.0,0
C000670,0.5169411817204943,-0.2245918562837667,0.1642263400667829,-0.9793431517078963,-0.46410667241066167,-0.21139890034421666,-0.2128289624261387,-0.20705964456619616,-0.2280709641734485,1.0,0.0,0.0,0.0,1.0,0.0,0.0,0.0,1.0,0.0,1.0,0.0,1.0,0.0,1.0,0.0,0
C000671,0.10643769084772503,0.5718728544784003,0.421553419607581,0.9760841062779199,-0.46410667241066167,-0.21139890034421666,-0.2128289624261387,-0.20705964456619616,-0.2280709641734485,0.0,0.0,1.0,0.0,1.0,0.0,0.0,0.0,1.0,0.0,0.0,1.0,0.0,1.0,0.0,1.0,0
C000672,-0.6559259350588464,-0.5216263425327162,-0.6405950329729674,-0.9793431517078963,2.1546770590601567,-0.21139890034421666,-0.2128289624261387,-0.20705964456619616,-0.2280709641734485,0.0,0.0,1.0,1.0,0.0,0.0,0.0,1.0,0.0,0.0,1.0,0.0,1.0,0.0,1.0,0.0,0
C000673,0.45829782588152723,0.493631909362352,0.74788644539237,0.9760841062779199,-0.46410667241066167,-0.21139890034421666,-0.2128289624261387,-0.20705964456619616,-0.2280709641734485,0.0,1.0,0.0,0.0,1.0,0.0,0.0,0.0,1.0,0.0,0.0,1.0,1.0,0.0,1.0,0.0,0
C000674,0.5755845375594614,-2.0091413170444103,-0.9282177689132836,-0.0016295227149882177,-0.46410667241066167,-0.21139890034421666,-0.2128289624261387,-0.20705964456619616,-0.2280709641734485,0.0,1.0,0.0,0.0,0.0,1.0,0.0,0.0,0.0,1.0,0.0,1.0,1.0,0.0,1.0,0.0,0
C000675,-0.8318560025757475,-1.6727521039107422,-1.226278816722098,-0.0016295227149882177,2.1546770590601567,-0.21139890034421666,-0.2128289624261387,-0.20705964456619616,-0.2280709641734485,1.0,0.0,0.0,0.0,0.0,1.0,0.0,1.0,0.0,0.0,1.0,0.0,1.0,0.0,1.0,0.0,0
C000676,1.689808298499835,0.18207365485832763,1.7082260172825934,-0.0016295227149882177,-0.46410667241066167,-0.21139890034421666,-0.2128289624261387,-0.20705964456619616,-0.2280709641734485,1.0,0.0,0.0,1.0,0.0,0.0,1.0,0.0,0.0,0.0,1.0,0.0,0.0,1.0,1.0,0.0,0
C000677,1.4552348751439668,1.0169560751984348,2.10522410801891,-0.0016295227149882177,-0.46410667241066167,-0.21139890034421666,-0.2128289624261387,-0.20705964456619616,-0.2280709641734485,1.0,0.0,0.0,0.0,1.0,0.0,1.0,0.0,0.0,0.0,0.0,1.0,1.0,0.0,1.0,0.0,1
C000678,0.047794335008758,-0.1810205515185423,-0.06947131788146398,-0.9793431517078963,-0.46410667241066167,-0.21139890034421666,-0.2128289624261387,-0.20705964456619616,-0.2280709641734485,1.0,0.0,0.0,1.0,0.0,0.0,0.0,0.0,0.0,1.0,0.0,1.0,0.0,1.0,1.0,0.0,1
C000679,0.16508104668669207,-0.0854447862270823,0.2124970224636575,-0.9793431517078963,-0.46410667241066167,-0.21139890034421666,-0.2128289624261387,-0.20705964456619616,-0.2280709641734485,1.0,0.0,0.0,1.0,0.0,0.0,0.0,0.0,0.0,1.0,0.0,1.0,0.0,1.0,1.0,0.0,0
C000680,0.9274446725932636,1.7023842351072878,2.1200966564331134,-0.9793431517078963,-0.46410667241066167,-0.21139890034421666,-0.2128289624261387,-0.20705964456619616,-0.2280709641734485,1.0,0.0,0.0,0.0,1.0,0.0,1.0,0.0,0.0,0.0,0.0,1.0,1.0,0.0,1.0,0.0,1
C000681,0.7515146050763625,-0.8425547701045306,-0.014712960538523445,-0.0016295227149882177,-0.46410667241066167,-0.21139890034421666,-0.2128289624261387,-0.20705964456619616,-0.2280709641734485,1.0,0.0,0.0,1.0,0.0,0.0,0.0,0.0,1.0,0.0,0.0,1.0,0.0,1.0,0.0,1.0,0
C000682,-0.18677908834711016,1.452669122850679,0.6226787829298234,0.9760841062779199,-0.46410667241066167,-0.21139890034421666,-0.2128289624261387,-0.20705964456619616,-0.2280709641734485,1.0,0.0,0.0,0.0,1.0,0.0,0.0,1.0,0.0,0.0,0.0,1.0,1.0,0.0,1.0,0.0,1
C000683,-1.0077860700926486,0.0841553462999202,-0.8390494383759006,-0.0016295227149882177,2.1546770590601567,-0.21139890034421666,-0.2128289624261387,-0.20705964456619616,-0.2280709641734485,0.0,1.0,0.0,1.0,0.0,0.0,1.0,0.0,0.0,0.0,0.0,1.0,1.0,0.0,1.0,0.0,0
C000684,-1.1837161376095497,0.9686996838993153,-0.6659207732440773,-0.9793431517078963,-0.46410667241066167,-0.21139890034421666,-0.2128289624261387,-0.20705964456619616,-0.2280709641734485,0.0,1.0,0.0,0.0,1.0,0.0,0.0,1.0,0.0,0.0,0.0,1.0,0.0,1.0,1.0,0.0,0
C000685,1.9830250776946703,0.544230843928419,2.117083458780411,-0.0016295227149882177,-0.46410667241066167,-0.21139890034421666,-0.2128289624261387,-0.20705964456619616,-0.2280709641734485,1.0,0.0,0.0,0.0,1.0,0.0,0.0,0.0,1.0,0.0,0.0,1.0,0.0,1.0,1.0,0.0,1
C000686,0.7515146050763625,0.8070641984799342,1.273373236035287,1.953797735270828,-0.46410667241066167,-0.21139890034421666,-0.2128289624261387,-0.20705964456619616,-0.2280709641734485,0.0,1.0,0.0,0.0,1.0,0.0,0.0,0.0,1.0,0.0,0.0,1.0,0.0,1.0,1.0,0.0,0
C000687,0.22372440252565912,1.2006114673271229,0.9765993072238002,-0.0016295227149882177,-0.46410667241066167,-0.21139890034421666,-0.2128289624261387,-0.20705964456619616,-0.2280709641734485,0.0,0.0,1.0,0.0,1.0,0.0,1.0,0.0,0.0,0.0,0.0,1.0,1.0,0.0,1.0,0.0,0
C000688,0.28236775836462613,1.074114130911955,-0.14788141679956815,-0.9793431517078963,-0.46410667241066167,-0.21139890034421666,-0.2128289624261387,4.829526304341278,-0.2280709641734485,1.0,0.0,0.0,0.0,1.0,0.0,0.0,0.0,1.0,0.0,0.0,1.0,0.0,1.0,0.0,1.0,0
C000689,-0.1281357325081431,0.9260653964408699,0.47488329806331436,1.953797735270828,-0.46410667241066167,-0.21139890034421666,-0.2128289624261387,-0.20705964456619616,-0.2280709641734485,0.0,1.0,0.0,0.0,1.0,0.0,0.0,1.0,0.0,0.0,0.0,1.0,0.0,1.0,0.0,1.0,1
C000690,-1.3596462051264508,0.1616935284358845,-0.876554449159292,1.953797735270828,-0.46410667241066167,-0.21139890034421666,4.698608632023215,-0.20705964456619616,-0.2280709641734485,0.0,0.0,1.0,0.0,1.0,0.0,0.0,1.0,0.0,0.0,0.0,1.0,1.0,0.0,0.0,1.0,0
C000691,-1.711506340160253,-1.8044030355131944,-1.4703701465736174,-0.0016295227149882177,2.1546770590601567,-0.21139890034421666,-0.2128289624261387,-0.20705964456619616,-0.2280709641734485,1.0,0.0,0.0,0.0,1.0,0.0,0.0,0.0,1.0,0.0,1.0,0.0,0.0,1.0,1.0,0.0,1
C000692,1.2206614517880987,0.9532388983374614,1.8627993368691318,-0.9793431517078963,-0.46410667241066167,-0.21139890034421666,-0.2128289624261387,-0.20705964456619616,-0.2280709641734485,0.0,1.0,0.0,0.0,1.0,0.0,1.0,0.0,0.0,0.0,0.0,1.0,0.0,1.0,1.0,0.0,0
C000693,0.8688013167542965,0.1616935284358845,1.6843361958928944,4.886938622249552,-0.46410667241066167,-0.21139890034421666,4.698608632023215,-0.20705964456619616,-0.2280709641734485,0.0,1.0,0.0,0.0,1.0,0.0,1.0,0.0,0.0,0.0,0.0,1.0,0.0,1.0,1.0,0.0,1
C000694,1.3379481634660328,-1.2646810668084791,-0.1343927073073465,-0.9793431517078963,2.1546770590601567,-0.21139890034421666,-0.2128289624261387,-0.20705964456619616,-0.2280709641734485,1.0,0.0,0.0,0.0,0.0,1.0,0.0,0.0,0.0,1.0,0.0,1.0,1.0,0.0,1.0,0.0,0
C000695,0.5755845375594614,0.4987855045496366,0.7876457744196351,-0.0016295227149882177,-0.46410667241066167,-0.21139890034421666,-0.2128289624261387,-0.20705964456619616,-0.2280709641734485,0.0,1.0,0.0,0.0,1.0,0.0,1.0,0.0,0.0,0.0,1.0,0.0,1.0,0.0,0.0,1.0,0
C000696,-0.010849020830209034,-2.0091413170444103,-1.0443858384177225,-0.0016295227149882177,-0.46410667241066167,4.730393575234874,-0.2128289624261387,-0.20705964456619616,-0.2280709641734485,0.0,0.0,1.0,0.0,0.0,1.0,0.0,0.0,0.0,1.0,0.0,1.0,1.0,0.0,0.0,1.0,0
C000697,-1.3010028492874839,0.28046047207012514,-0.8517048685172514,-0.9793431517078963,-0.46410667241066167,-0.21139890034421666,-0.2128289624261387,-0.20705964456619616,-0.2280709641734485,0.0,1.0,0.0,0.0,1.0,0.0,1.0,0.0,0.0,0.0,0.0,1.0,1.0,0.0,1.0,0.0,0
C000698,0.45829782588152723,-1.6530747404683828,-0.6584361390746483,1.953797735270828,-0.46410667241066167,-0.21139890034421666,-0.2128289624261387,-0.20705964456619616,-0.2280709641734485,1.0,0.0,0.0,0.0,0.0,1.0,0.0,0.0,1.0,0.0,0.0,1.0,1.0,0.0,1.0,0.0,1
C000699,-0.8904993584147146,0.433194293075105,-0.45313693900384744,-0.0016295227149882177,-0.46410667241066167,-0.21139890034421666,-0.2128289624261387,-0.20705964456619616,-0.2280709641734485,0.0,1.0,0.0,0.0,1.0,0.0,1.0,0.0,0.0,0.0,0.0,1.0,0.0,1.0,0.0,1.0,1
C000700,-1.2423594934485167,-0.6785767414182021,-1.1589766291508699,-0.0016295227149882177,-0.46410667241066167,-0.21139890034421666,-0.2128289624261387,-0.20705964456619616,-0.2280709641734485,0.0,1.0,0.0,1.0,0.0,0.0,1.0,0.0,0.0,0.0,0.0,1.0,1.0,0.0,1.0,0.0,0
C000701,-1.476932916804385,1.6836438889717071,-0.7242205678282184,-0.0016295227149882177,-0.46410667241066167,-0.21139890034421666,-0.2128289624261387,-0.20705964456619616,4.384600221356971,1.0,0.0,0.0,0.0,1.0,0.0,1.0,0.0,0.0,0.0,0.0,1.0,0.0,1.0,1.0,0.0,1
C000702,-1.8874364076771541,1.5946272448277006,-1.4103442733341007,-0.0016295227149882177,-0.46410667241066167,-0.21139890034421666,-0.2128289624261387,-0.20705964456619616,-0.2280709641734485,1.0,0.0,0.0,0.0,1.0,0.0,0.0,0.0,1.0,0.0,0.0,1.0,1.0,0.0,1.0,0.0,1
C000703,-0.010849020830209034,0.6754132668774817,0.3664751425138602,1.953797735270828,-0.46410667241066167,4.730393575234874,-0.2128289624261387,-0.20705964456619616,-0.2280709641734485,0.0,0.0,1.0,0.0,1.0,0.0,1.0,0.0,0.0,0.0,0.0,1.0,1.0,0.0,1.0,0.0,0
C000704,0.5169411817204943,0.5039390997369212,0.8433638910149179,0.9760841062779199,-0.46410667241066167,-0.21139890034421666,-0.2128289624261387,-0.20705964456619616,-0.2280709641734485,1.0,0.0,0.0,0.0,1.0,0.0,0.0,0.0,0.0,1.0,0.0,1.0,0.0,1.0,1.0,0.0,0
C000705,0.6342278933984283,-0.30658087062693096,0.39416680094190676,0.9760841062779199,-0.46410667241066167,-0.21139890034421666,-0.2128289624261387,-0.20705964456619616,-0.2280709641734485,1.0,0.0,0.0,1.0,0.0,0.0,0.0,1.0,0.0,0.0,0.0,1.0,0.0,1.0,0.0,1.0,0
C000706,0.28236775836462613,-0.32391569080234306,0.03724051898943191,-0.9793431517078963,-0.46410667241066167,-0.21139890034421666,-0.2128289624261387,-0.20705964456619616,-0.2280709641734485,1.0,0.0,0.0,1.0,0.0,0.0,1.0,0.0,0.0,0.0,0.0,1.0,0.0,1.0,1.0,0.0,0
C000707,0.28236775836462613,-0.3103289398540473,0.04891386989582777,-0.9793431517078963,-0.46410667241066167,-0.21139890034421666,-0.2128289624261387,-0.20705964456619616,-0.2280709641734485,1.0,0.0,0.0,1.0,0.0,0.0,0.0,0.0,1.0,0.0,1.0,0.0,1.0,0.0,1.0,0.0,0
C000708,1.748451654338802,-0.1679023092236363,1.2315827885902741,-0.9793431517078963,-0.46410667241066167,-0.21139890034421666,-0.2128289624261387,-0.20705964456619616,-0.2280709641734485,0.0,1.0,0.0,0.0,1.0,0.0,0.0,0.0,1.0,0.0,0.0,1.0,1.0,0.0,1.0,0.0,0
C000709,0.5169411817204943,0.7916034129180803,1.1373552619940326,0.9760841062779199,-0.46410667241066167,-0.21139890034421666,-0.2128289624261387,-0.20705964456619616,-0.2280709641734485,1.0,0.0,0.0,0.0,1.0,0.0,0.0,0.0,0.0,1.0,0.0,1.0,0.0,1.0,1.0,0.0,0
C000710,1.689808298499835,-0.10793320158977897,1.268150360103936,-0.9793431517078963,-0.46410667241066167,-0.21139890034421666,-0.2128289624261387,-0.20705964456619616,-0.2280709641734485,1.0,0.0,0.0,1.0,0.0,0.0,0.0,0.0,1.0,0.0,0.0,1.0,1.0,0.0,1.0,0.0,1
C000711,-0.1281357325081431,1.0094599367442028,0.4834318514039444,-0.9793431517078963,-0.46410667241066167,-0.21139890034421666,-0.2128289624261387,-0.20705964456619616,-0.2280709641734485,1.0,0.0,0.0,0.0,1.0,0.0,0.0,1.0,0.0,0.0,1.0,0.0,0.0,1.0,0.0,1.0,1
C000712,-1.8874364076771541,-2.0091413170444103,-1.6121689961115384,-0.0016295227149882177,-0.46410667241066167,-0.21139890034421666,-0.2128289624261387,-0.20705964456619616,-0.2280709641734485,0.0,0.0,1.0,0.0,0.0,1.0,0.0,0.0,1.0,0.0,0.0,1.0,1.0,0.0,1.0,0.0,0
C000713,1.8070950101777692,0.1616935284358845,1.03930357837683,-0.0016295227149882177,-0.46410667241066167,-0.21139890034421666,4.698608632023215,-0.20705964456619616,-0.2280709641734485,1.0,0.0,0.0,1.0,0.0,0.0,1.0,0.0,0.0,0.0,1.0,0.0,0.0,1.0,1.0,0.0,0
C000714,1.513878230982934,-0.2644150918218751,0.9429258934555734,-0.0016295227149882177,-0.46410667241066167,-0.21139890034421666,-0.2128289624261387,-0.20705964456619616,-0.2280709641734485,0.0,0.0,1.0,1.0,0.0,0.0,0.0,1.0,0.0,0.0,0.0,1.0,0.0,1.0,1.0,0.0,0
C000715,-0.24542244418607717,0.48894682282845653,0.07955920602294309,-0.9793431517078963,2.1546770590601567,-0.21139890034421666,-0.2128289624261387,-0.20705964456619616,-0.2280709641734485,1.0,0.0,0.0,0.0,1.0,0.0,1.0,0.0,0.0,0.0,0.0,1.0,0.0,1.0,0.0,1.0,0
C000716,-0.42135251170297827,-0.30189578409303613,-0.4465525441331271,-0.0016295227149882177,-0.46410667241066167,-0.21139890034421666,-0.2128289624261387,-0.20705964456619616,-0.2280709641734485,1.0,0.0,0.0,0.0,1.0,0.0,0.0,1.0,0.0,0.0,0.0,1.0,0.0,1.0,0.0,1.0,1
C000717,1.572521586821901,0.8506355032451589,2.201296753177794,0.9760841062779199,-0.46410667241066167,-0.21139890034421666,-0.2128289624261387,-0.20705964456619616,-0.2280709641734485,0.0,1.0,0.0,0.0,1.0,0.0,0.0,1.0,0.0,0.0,0.0,1.0,1.0,0.0,1.0,0.0,0
C000718,-0.010849020830209034,-2.0091413170444103,-1.3410109673451254,-0.9793431517078963,2.1546770590601567,4.730393575234874,-0.2128289624261387,-0.20705964456619616,-0.2280709641734485,0.0,1.0,0.0,0.0,0.0,1.0,0.0,0.0,1.0,0.0,0.0,1.0,0.0,1.0,1.0,0.0,1
C000719,-1.0664294259316156,1.171563930816973,-0.45252685947910276,-0.9793431517078963,-0.46410667241066167,-0.21139890034421666,-0.2128289624261387,-0.20705964456619616,-0.2280709641734485,0.0,1.0,0.0,0.0,1.0,0.0,0.0,0.0,0.0,1.0,1.0,0.0,1.0,0.0,1.0,0.0,0
C000720,-1.9460797635161213,-1.1283450486721318,-1.6509760058806655,1.953797735270828,-0.46410667241066167,-0.21139890034421666,-0.2128289624261387,-0.20705964456619616,-0.2280709641734485,1.0,0.0,0.0,1.0,0.0,0.0,0.0,1.0,0.0,0.0,1.0,0.0,1.0,0.0,1.0,0.0,0
C000721,0.8101579609153294,0.8923327733968253,1.3368735865681667,-0.9793431517078963,-0.46410667241066167,-0.21139890034421666,-0.2128289624261387,-0.20705964456619616,-0.2280709641734485,0.0,0.0,1.0,0.0,1.0,0.0,0.0,0.0,1.0,0.0,1.0,0.0,0.0,1.0,0.0,1.0,0
C000722,0.5169411817204943,-0.06529891413133339,0.42038534051752124,-0.0016295227149882177,-0.46410667241066167,-0.21139890034421666,-0.2128289624261387,-0.20705964456619616,-0.2280709641734485,0.0,1.0,0.0,0.0,1.0,0.0,1.0,0.0,0.0,0.0,0.0,1.0,0.0,1.0,1.0,0.0,0
C000723,-0.010849020830209034,0.5976408304148232,1.8669657336234864,-0.9793431517078963,-0.46410667241066167,4.730393575234874,-0.2128289624261387,-0.20705964456619616,-0.2280709641734485,0.0,0.0,1.0,0.0,1.0,0.0,1.0,0.0,0.0,0.0,0.0,1.0,1.0,0.0,1.0,0.0,0
C000724,-0.1281357325081431,-0.23911562453884164,-0.134556387179839,-0.9793431517078963,-0.46410667241066167,-0.21139890034421666,-0.2128289624261387,-0.20705964456619616,-0.2280709641734485,0.0,0.0,1.0,1.0,0.0,0.0,0.0,1.0,0.0,0.0,0.0,1.0,1.0,0.0,1.0,0.0,0
C000725,1.6311649426608679,-2.0091413170444103,-0.7499183078095386,-0.9793431517078963,-0.46410667241066167,-0.21139890034421666,-0.2128289624261387,-0.20705964456619616,-0.2280709641734485,0.0,1.0,0.0,0.0,0.0,1.0,1.0,0.0,0.0,0.0,1.0,0.0,1.0,0.0,1.0,0.0,0
C000726,0.047794335008758,0.5728098717851792,0.33029445069881685,-0.0016295227149882177,-0.46410667241066167,-0.21139890034421666,-0.2128289624261387,-0.20705964456619616,-0.2280709641734485,0.0,0.0,1.0,0.0,1.0,0.0,1.0,0.0,0.0,0.0,0.0,1.0,1.0,0.0,0.0,1.0,0
C000727,0.9274446725932636,-0.694974544286835,0.09335295527753733,0.9760841062779199,-0.46410667241066167,-0.21139890034421666,-0.2128289624261387,-0.20705964456619616,-0.2280709641734485,0.0,0.0,1.0,1.0,0.0,0.0,0.0,0.0,0.0,1.0,1.0,0.0,0.0,1.0,0.0,1.0,0
C000728,0.5169411817204943,0.14552997989394612,0.6236757421531868,2.931511364263736,-0.46410667241066167,-0.21139890034421666,-0.2128289624261387,-0.20705964456619616,-0.2280709641734485,0.0,1.0,0.0,0.0,1.0,0.0,0.0,0.0,1.0,0.0,0.0,1.0,1.0,0.0,0.0,1.0,0
C000729,0.3996544700425602,0.4692694593860977,0.8664353130421538,-0.0016295227149882177,2.1546770590601567,-0.21139890034421666,-0.2128289624261387,-0.20705964456619616,-0.2280709641734485,0.0,1.0,0.0,0.0,1.0,0.0,0.0,1.0,0.0,0.0,0.0,1.0,0.0,1.0,1.0,0.0,0
C000730,-0.010849020830209034,0.7438155302723506,0.01553061590156489,-0.0016295227149882177,-0.46410667241066167,4.730393575234874,-0.2128289624261387,-0.20705964456619616,-0.2280709641734485,1.0,0.0,0.0,0.0,1.0,0.0,1.0,0.0,0.0,0.0,0.0,1.0,0.0,1.0,1.0,0.0,1
C000731,-1.3010028492874839,1.4700039430260912,-0.7266832059098101,-0.0016295227149882177,-0.46410667241066167,-0.21139890034421666,-0.2128289624261387,-0.20705964456619616,-0.2280709641734485,1.0,0.0,0.0,0.0,1.0,0.0,1.0,0.0,0.0,0.0,0.0,1.0,0.0,1.0,0.0,1.0,1
C000732,-0.010849020830209034,1.0394444905611309,0.7589645967624296,-0.9793431517078963,-0.46410667241066167,4.730393575234874,-0.2128289624261387,-0.20705964456619616,-0.2280709641734485,0.0,1.0,0.0,0.0,1.0,0.0,0.0,1.0,0.0,0.0,0.0,1.0,0.0,1.0,1.0,0.0,0
C000733,1.3379481634660328,-0.3206361302286165,0.7060736779647443,-0.9793431517078963,2.1546770590601567,-0.21139890034421666,-0.2128289624261387,-0.20705964456619616,-0.2280709641734485,0.0,1.0,0.0,1.0,0.0,0.0,0.0,0.0,0.0,1.0,0.0,1.0,0.0,1.0,1.0,0.0,0
C000734,1.2793048076270657,-0.17680397363803688,0.8135890342096942,-0.9793431517078963,-0.46410667241066167,-0.21139890034421666,-0.2128289624261387,-0.20705964456619616,-0.2280709641734485,1.0,0.0,0.0,1.0,0.0,0.0,0.0,0.0,1.0,0.0,1.0,0.0,0.0,1.0,0.0,1.0,0
C000735,-1.8287930518381872,-0.1290160909923067,-1.3799742169925406,0.9760841062779199,-0.46410667241066167,-0.21139890034421666,-0.2128289624261387,-0.20705964456619616,-0.2280709641734485,1.0,0.0,0.0,1.0,0.0,0.0,1.0,0.0,0.0,0.0,1.0,0.0,0.0,1.0,1.0,0.0,0
C000736,1.8070950101777692,0.34277212297092985,1.8052286617170026,-0.0016295227149882177,-0.46410667241066167,-0.21139890034421666,-0.2128289624261387,-0.20705964456619616,-0.2280709641734485,1.0,0.0,0.0,1.0,0.0,0.0,0.0,0.0,1.0,0.0,1.0,0.0,1.0,0.0,0.0,1.0,0
C000737,0.22372440252565912,0.8103437590536611,0.5570729140371541,-0.0016295227149882177,-0.46410667241066167,-0.21139890034421666,-0.2128289624261387,-0.20705964456619616,-0.2280709641734485,1.0,0.0,0.0,0.0,1.0,0.0,0.0,0.0,1.0,0.0,1.0,0.0,1.0,0.0,1.0,0.0,0
C000738,-0.7732126467367805,-1.509711092531193,-1.2103274691482848,-0.9793431517078963,-0.46410667241066167,-0.21139890034421666,-0.2128289624261387,-0.20705964456619616,-0.2280709641734485,0.0,1.0,0.0,0.0,0.0,1.0,0.0,0.0,1.0,0.0,0.0,1.0,1.0,0.0,1.0,0.0,0
C000739,1.3379481634660328,-0.3913809368904324,0.6558462770921644,-0.9793431517078963,-0.46410667241066167,-0.21139890034421666,-0.2128289624261387,-0.20705964456619616,-0.2280709641734485,0.0,0.0,1.0,1.0,0.0,0.0,1.0,0.0,0.0,0.0,1.0,0.0,1.0,0.0,1.0,0.0,0
C000740,-0.1281357325081431,-2.0091413170444103,-1.0665942211172708,-0.9793431517078963,-0.46410667241066167,-0.21139890034421666,-0.2128289624261387,-0.20705964456619616,-0.2280709641734485,1.0,0.0,0.0,0.0,0.0,1.0,0.0,0.0,1.0,0.0,0.0,1.0,1.0,0.0,1.0,0.0,0
C000741,-0.5386392233809124,-1.00559578148408,-0.7626258179103188,-0.0016295227149882177,-0.46410667241066167,-0.21139890034421666,-0.2128289624261387,-0.20705964456619616,-0.2280709641734485,0.0,0.0,1.0,1.0,0.0,0.0,1.0,0.0,0.0,0.0,1.0,0.0,1.0,0.0,1.0,0.0,0
C000742,-1.652862984321286,-0.5056970483174728,-1.2610161496615255,-0.0016295227149882177,-0.46410667241066167,-0.21139890034421666,-0.2128289624261387,-0.20705964456619616,-0.2280709641734485,1.0,0.0,0.0,1.0,0.0,0.0,1.0,0.0,0.0,0.0,1.0,0.0,0.0,1.0,0.0,1.0,1
C000743,-0.36270915586401126,0.0176271175186097,-0.19508818002524153,-0.9793431517078963,-0.46410667241066167,-0.21139890034421666,-0.2128289624261387,-0.20705964456619616,-0.2280709641734485,0.0,1.0,0.0,1.0,0.0,0.0,1.0,0.0,0.0,0.0,1.0,0.0,1.0,0.0,0.0,1.0,0
C000744,-0.1281357325081431,-2.0091413170444103,-1.0485150352010555,-0.9793431517078963,-0.46410667241066167,-0.21139890034421666,-0.2128289624261387,-0.20705964456619616,-0.2280709641734485,1.0,0.0,0.0,0.0,0.0,1.0,0.0,0.0,1.0,0.0,0.0,1.0,0.0,1.0,1.0,0.0,0
C000745,-0.010849020830209034,-0.953122812304455,-0.5251412029121322,-0.9793431517078963,2.1546770590601567,4.730393575234874,-0.2128289624261387,-0.20705964456619616,-0.2280709641734485,0.0,1.0,0.0,1.0,0.0,0.0,0.0,0.0,1.0,0.0,0.0,1.0,0.0,1.0,0.0,1.0,0
C000746,-0.6559259350588464,-0.0601453189440488,-0.5421787896397591,-0.0016295227149882177,-0.46410667241066167,-0.21139890034421666,-0.2128289624261387,-0.20705964456619616,-0.2280709641734485,1.0,0.0,0.0,1.0,0.0,0.0,0.0,1.0,0.0,0.0,1.0,0.0,0.0,1.0,1.0,0.0,0
C000747,0.9860880284322305,1.2291904951838828,1.9049543440301506,2.931511364263736,-0.46410667241066167,-0.21139890034421666,-0.2128289624261387,-0.20705964456619616,-0.2280709641734485,0.0,0.0,1.0,0.0,1.0,0.0,1.0,0.0,0.0,0.0,1.0,0.0,0.0,1.0,1.0,0.0,0
C000748,-0.47999586754194534,0.5109667295377641,-0.039689021082035855,-0.9793431517078963,-0.46410667241066167,-0.21139890034421666,-0.2128289624261387,-0.20705964456619616,-0.2280709641734485,1.0,0.0,0.0,0.0,1.0,0.0,0.0,0.0,1.0,0.0,1.0,0.0,0.0,1.0,0.0,1.0,0
C000749,0.5169411817204943,0.10336420108889029,0.4333978903806736,0.9760841062779199,2.1546770590601567,-0.21139890034421666,-0.2128289624261387,-0.20705964456619616,-0.2280709641734485,1.0,0.0,0.0,1.0,0.0,0.0,1.0,0.0,0.0,0.0,0.0,1.0,0.0,1.0,1.0,0.0,1
C000750,0.22372440252565912,-0.17024485249058371,0.026951007005018054,-0.9793431517078963,-0.46410667241066167,-0.21139890034421666,-0.2128289624261387,-0.20705964456619616,-0.2280709641734485,0.0,0.0,1.0,0.0,1.0,0.0,0.0,0.0,1.0,0.0,0.0,1.0,0.0,1.0,0.0,1.0,0
C000751,1.689808298499835,-0.1341696861795913,1.1495791724715394,-0.9793431517078963,-0.46410667241066167,-0.21139890034421666,-0.2128289624261387,-0.20705964456619616,-0.2280709641734485,0.0,1.0,0.0,1.0,0.0,0.0,0.0,0.0,1.0,0.0,0.0,1.0,0.0,1.0,1.0,0.0,0
C000752,-2.122009831033022,-0.14353985924738163,-1.6509760058806655,-0.0016295227149882177,2.1546770590601567,-0.21139890034421666,-0.2128289624261387,-0.20705964456619616,-0.2280709641734485,1.0,0.0,0.0,1.0,0.0,0.0,0.0,1.0,0.0,0.0,0.0,1.0,0.0,1.0,1.0,0.0,0
C000753,-0.5972825792198794,0.5817115361995797,-0.26159428821661956,-0.9793431517078963,-0.46410667241066167,-0.21139890034421666,-0.2128289624261387,-0.20705964456619616,-0.2280709641734485,0.0,0.0,1.0,0.0,1.0,0.0,1.0,0.0,0.0,0.0,1.0,0.0,1.0,0.0,0.0,1.0,0
C000754,-2.0633664751940555,0.7199215889494853,-1.6036278827651125,-0.9793431517078963,-0.46410667241066167,-0.21139890034421666,-0.2128289624261387,-0.20705964456619616,-0.2280709641734485,1.0,0.0,0.0,0.0,1.0,0.0,0.0,0.0,1.0,0.0,1.0,0.0,0.0,1.0,1.0,0.0,1
C000755,-0.5386392233809124,-0.29346262833202497,-0.5574307777583769,-0.9793431517078963,-0.46410667241066167,-0.21139890034421666,-0.2128289624261387,-0.20705964456619616,-0.2280709641734485,1.0,0.0,0.0,1.0,0.0,0.0,0.0,0.0,0.0,1.0,0.0,1.0,0.0,1.0,1.0,0.0,0
C000756,1.0447313842711976,1.0816102693661869,1.909321620628019,-0.0016295227149882177,2.1546770590601567,-0.21139890034421666,-0.2128289624261387,-0.20705964456619616,-0.2280709641734485,1.0,0.0,0.0,0.0,1.0,0.0,0.0,0.0,0.0,1.0,0.0,1.0,0.0,1.0,1.0,0.0,1
C000757,-0.7732126467367805,0.6121645986698981,-0.25316477478325666,-0.0016295227149882177,-0.46410667241066167,-0.21139890034421666,-0.2128289624261387,-0.20705964456619616,-0.2280709641734485,0.0,1.0,0.0,0.0,1.0,0.0,0.0,0.0,1.0,0.0,0.0,1.0,1.0,0.0,1.0,0.0,0
C000758,1.1620180959491317,-2.0091413170444103,-0.8769710888347276,-0.0016295227149882177,-0.46410667241066167,-0.21139890034421666,-0.2128289624261387,-0.20705964456619616,-0.2280709641734485,0.0,0.0,1.0,0.0,0.0,1.0,0.0,0.0,0.0,1.0,0.0,1.0,0.0,1.0,0.0,1.0,1
C000759,-1.3010028492874839,0.1616935284358845,-1.138724964927027,-0.0016295227149882177,-0.46410667241066167,-0.21139890034421666,4.698608632023215,-0.20705964456619616,-0.2280709641734485,0.0,0.0,1.0,1.0,0.0,0.0,0.0,0.0,1.0,0.0,1.0,0.0,0.0,1.0,1.0,0.0,0
C000760,-0.9491427142536816,-0.1679023092236363,-0.7853847601809782,-0.9793431517078963,-0.46410667241066167,-0.21139890034421666,-0.2128289624261387,-0.20705964456619616,-0.2280709641734485,0.0,1.0,0.0,0.0,1.0,0.0,0.0,1.0,0.0,0.0,1.0,0.0,0.0,1.0,1.0,0.0,0
C000761,0.6342278933984283,-0.8547359950926579,-0.14744989713572437,-0.0016295227149882177,-0.46410667241066167,-0.21139890034421666,-0.2128289624261387,-0.20705964456619616,-0.2280709641734485,0.0,0.0,1.0,1.0,0.0,0.0,1.0,0.0,0.0,0.0,1.0,0.0,0.0,1.0,1.0,0.0,0
C000762,-1.4182895609654178,1.1111263145297259,-0.982247006824212,-0.0016295227149882177,-0.46410667241066167,-0.21139890034421666,-0.2128289624261387,-0.20705964456619616,-0.2280709641734485,0.0,0.0,1.0,0.0,1.0,0.0,0.0,1.0,0.0,0.0,0.0,1.0,1.0,0.0,0.0,1.0,0
C000763,-1.476932916804385,0.35589036526583623,-1.1321703300331234,-0.0016295227149882177,-0.46410667241066167,-0.21139890034421666,-0.2128289624261387,-0.20705964456619616,-0.2280709641734485,1.0,0.0,0.0,1.0,0.0,0.0,1.0,0.0,0.0,0.0,0.0,1.0,0.0,1.0,0.0,1.0,0
C000764,-0.06949237666917607,-0.1983553716939544,0.005821423465079083,-0.9793431517078963,2.1546770590601567,-0.21139890034421666,-0.2128289624261387,-0.20705964456619616,-0.2280709641734485,0.0,1.0,0.0,1.0,0.0,0.0,1.0,0.0,0.0,0.0,0.0,1.0,1.0,0.0,1.0,0.0,0
C000765,1.513878230982934,1.0516257155492583,2.271165738749472,-0.0016295227149882177,-0.46410667241066167,-0.21139890034421666,-0.2128289624261387,-0.20705964456619616,-0.2280709641734485,0.0,0.0,1.0,0.0,1.0,0.0,0.0,0.0,0.0,1.0,0.0,1.0,0.0,1.0,1.0,0.0,0
C000766,0.16508104668669207,1.1326777125856438,0.8593673185481602,-0.0016295227149882177,-0.46410667241066167,-0.21139890034421666,-0.2128289624261387,-0.20705964456619616,-0.2280709641734485,1.0,0.0,0.0,0.0,1.0,0.0,0.0,0.0,1.0,0.0,0.0,1.0,0.0,1.0,1.0,0.0,1
C000767,1.1033747401101646,0.3647920296802368,1.238993022817661,-0.9793431517078963,-0.46410667241066167,-0.21139890034421666,-0.2128289624261387,-0.20705964456619616,-0.2280709641734485,1.0,0.0,0.0,1.0,0.0,0.0,0.0,0.0,0.0,1.0,0.0,1.0,0.0,1.0,0.0,1.0,0
C000768,1.2793048076270657,0.4697379680394868,1.4102170494332085,-0.9793431517078963,-0.46410667241066167,-0.21139890034421666,-0.2128289624261387,-0.20705964456619616,-0.2280709641734485,0.0,0.0,1.0,0.0,1.0,0.0,0.0,0.0,0.0,1.0,0.0,1.0,1.0,0.0,1.0,0.0,0
C000769,-0.9491427142536816,-0.12151995253807472,-0.7094000993734445,-0.9793431517078963,2.1546770590601567,-0.21139890034421666,-0.2128289624261387,-0.20705964456619616,-0.2280709641734485,1.0,0.0,0.0,1.0,0.0,0.0,1.0,0.0,0.0,0.0,0.0,1.0,1.0,0.0,0.0,1.0,1
C000770,0.8688013167542965,-2.0091413170444103,-1.0185392985523183,-0.0016295227149882177,-0.46410667241066167,-0.21139890034421666,-0.2128289624261387,-0.20705964456619616,-0.2280709641734485,0.0,1.0,0.0,0.0,0.0,1.0,1.0,0.0,0.0,0.0,0.0,1.0,0.0,1.0,1.0,0.0,0
C000771,-1.1250727817705828,-1.431938656068534,-1.2682775840048284,-0.9793431517078963,-0.46410667241066167,-0.21139890034421666,-0.2128289624261387,-0.20705964456619616,-0.2280709641734485,0.0,0.0,1.0,0.0,0.0,1.0,1.0,0.0,0.0,0.0,0.0,1.0,1.0,0.0,1.0,0.0,0
C000772,-1.1250727817705828,0.19425487984645512,-0.8369588000045194,-0.0016295227149882177,2.1546770590601567,-0.21139890034421666,-0.2128289624261387,-0.20705964456619616,4.384600221356971,0.0,1.0,0.0,1.0,0.0,0.0,0.0,0.0,1.0,0.0,0.0,1.0,0.0,1.0,1.0,0.0,0
C000773,0.047794335008758,1.2849430249372344,0.8764941852062375,-0.0016295227149882177,-0.46410667241066167,-0.21139890034421666,-0.2128289624261387,-0.20705964456619616,-0.2280709641734485,0.0,1.0,0.0,0.0,1.0,0.0,0.0,0.0,1.0,0.0,0.0,1.0,0.0,1.0,1.0,0.0,0
C000774,-0.5386392233809124,1.5801034765726256,0.22441589317879204,-0.9793431517078963,-0.46410667241066167,-0.21139890034421666,-0.2128289624261387,-0.20705964456619616,-0.2280709641734485,1.0,0.0,0.0,0.0,1.0,0.0,0.0,1.0,0.0,0.0,0.0,1.0,0.0,1.0,0.0,1.0,1
C000775,1.3965915193049998,-0.5586385261504875,0.5372750894597675,-0.9793431517078963,2.1546770590601567,-0.21139890034421666,-0.2128289624261387,-0.20705964456619616,-0.2280709641734485,1.0,0.0,0.0,1.0,0.0,0.0,0.0,0.0,1.0,0.0,0.0,1.0,0.0,1.0,1.0,0.0,0
C000776,1.0447313842711976,0.3076339739667166,1.1087336042904603,-0.0016295227149882177,2.1546770590601567,-0.21139890034421666,-0.2128289624261387,-0.20705964456619616,-0.2280709641734485,0.0,1.0,0.0,0.0,1.0,0.0,0.0,1.0,0.0,0.0,0.0,1.0,0.0,1.0,1.0,0.0,0
C000777,-1.3596462051264508,0.6927480870528938,-0.8604766216840076,-0.0016295227149882177,-0.46410667241066167,-0.21139890034421666,-0.2128289624261387,-0.20705964456619616,-0.2280709641734485,0.0,1.0,0.0,0.0,1.0,0.0,0.0,0.0,1.0,0.0,0.0,1.0,0.0,1.0,0.0,1.0,0
C000778,-0.42135251170297827,0.16145927410918928,-0.25896053026833143,1.953797735270828,2.1546770590601567,-0.21139890034421666,-0.2128289624261387,-0.20705964456619616,-0.2280709641734485,0.0,1.0,0.0,1.0,0.0,0.0,1.0,0.0,0.0,0.0,0.0,1.0,1.0,0.0,1.0,0.0,0
C000779,-0.6559259350588464,1.39457404983038,0.1470697134318889,-0.9793431517078963,-0.46410667241066167,-0.21139890034421666,-0.2128289624261387,-0.20705964456619616,-0.2280709641734485,0.0,1.0,0.0,0.0,1.0,0.0,0.0,1.0,0.0,0.0,0.0,1.0,0.0,1.0,0.0,1.0,1
C000780,0.45829782588152723,-0.6631159558563484,-0.14518069890344207,-0.9793431517078963,2.1546770590601567,-0.21139890034421666,-0.2128289624261387,-0.20705964456619616,-0.2280709641734485,0.0,0.0,1.0,1.0,0.0,0.0,1.0,0.0,0.0,0.0,0.0,1.0,1.0,0.0,1.0,0.0,0
C000781,-0.8904993584147146,-0.394660497464159,-0.8052049047409774,-0.9793431517078963,-0.46410667241066167,-0.21139890034421666,-0.2128289624261387,-0.20705964456619616,-0.2280709641734485,0.0,1.0,0.0,1.0,0.0,0.0,0.0,0.0,1.0,0.0,1.0,0.0,1.0,0.0,0.0,1.0,0
C000782,-0.8904993584147146,0.8318951571095782,-0.2648530056780609,-0.0016295227149882177,2.1546770590601567,-0.21139890034421666,-0.2128289624261387,-0.20705964456619616,-0.2280709641734485,0.0,1.0,0.0,0.0,1.0,0.0,0.0,0.0,1.0,0.0,0.0,1.0,0.0,1.0,0.0,1.0,1
C000783,0.6342278933984283,-0.5595755434572667,0.022896210163726758,-0.9793431517078963,-0.46410667241066167,-0.21139890034421666,-0.2128289624261387,-0.20705964456619616,-0.2280709641734485,0.0,0.0,1.0,1.0,0.0,0.0,0.0,0.0,1.0,0.0,1.0,0.0,0.0,1.0,1.0,0.0,0
C000784,-0.42135251170297827,-1.1859716130390414,-0.8398157577789336,-0.9793431517078963,-0.46410667241066167,-0.21139890034421666,-0.2128289624261387,-0.20705964456619616,-0.2280709641734485,1.0,0.0,0.0,1.0,0.0,0.0,0.0,0.0,0.0,1.0,0.0,1.0,0.0,1.0,0.0,1.0,0
C000785,-0.47999586754194534,1.0277317742263932,0.10244462819507426,1.953797735270828,2.1546770590601567,-0.21139890034421666,-0.2128289624261387,-0.20705964456619616,-0.2280709641734485,1.0,0.0,0.0,0.0,1.0,0.0,1.0,0.0,0.0,0.0,0.0,1.0,0.0,1.0,1.0,0.0,1
C000786,-0.010849020830209034,0.7306972879774443,0.27287257543077176,-0.9793431517078963,-0.46410667241066167,4.730393575234874,-0.2128289624261387,-0.20705964456619616,-0.2280709641734485,0.0,1.0,0.0,0.0,1.0,0.0,0.0,0.0,0.0,1.0,1.0,0.0,0.0,1.0,1.0,0.0,1
C000787,0.22372440252565912,0.6880630005189983,0.4695339422304918,-0.9793431517078963,-0.46410667241066167,-0.21139890034421666,-0.2128289624261387,-0.20705964456619616,-0.2280709641734485,0.0,0.0,1.0,0.0,1.0,0.0,0.0,0.0,1.0,0.0,0.0,1.0,0.0,1.0,0.0,1.0,0
C000788,-0.9491427142536816,-1.5200182829057622,-1.1354067275119522,-0.9793431517078963,-0.46410667241066167,-0.21139890034421666,-0.2128289624261387,-0.20705964456619616,-0.2280709641734485,0.0,0.0,1.0,0.0,0.0,1.0,0.0,0.0,1.0,0.0,0.0,1.0,1.0,0.0,1.0,0.0,0
C000789,-1.535576272643352,0.7011812428139046,-1.0426820797449596,-0.0016295227149882177,-0.46410667241066167,-0.21139890034421666,-0.2128289624261387,-0.20705964456619616,-0.2280709641734485,1.0,0.0,0.0,0.0,1.0,0.0,1.0,0.0,0.0,0.0,0.0,1.0,0.0,1.0,1.0,0.0,1
C000790,-1.4182895609654178,0.8459504167112634,-0.8239388101471626,-0.9793431517078963,2.1546770590601567,-0.21139890034421666,-0.2128289624261387,-0.20705964456619616,-0.2280709641734485,1.0,0.0,0.0,0.0,1.0,0.0,0.0,0.0,1.0,0.0,1.0,0.0,0.0,1.0,0.0,1.0,1
C000791,-1.711506340160253,0.22939302885066837,-1.2535315154920965,2.931511364263736,2.1546770590601567,-0.21139890034421666,-0.2128289624261387,-0.20705964456619616,-0.2280709641734485,1.0,0.0,0.0,0.0,1.0,0.0,0.0,1.0,0.0,0.0,0.0,1.0,0.0,1.0,1.0,0.0,1
C000792,-0.010849020830209034,0.1616935284358845,1.5422248665983969,-0.0016295227149882177,-0.46410667241066167,4.730393575234874,4.698608632023215,-0.20705964456619616,-0.2280709641734485,1.0,0.0,0.0,0.0,1.0,0.0,0.0,1.0,0.0,0.0,1.0,0.0,1.0,0.0,1.0,0.0,1
C000793,0.45829782588152723,-2.0091413170444103,-1.0452265577627975,-0.0016295227149882177,2.1546770590601567,-0.21139890034421666,-0.2128289624261387,-0.20705964456619616,-0.2280709641734485,1.0,0.0,0.0,0.0,0.0,1.0,0.0,1.0,0.0,0.0,0.0,1.0,1.0,0.0,1.0,0.0,0
C000794,-1.2423594934485167,1.441424915169331,-0.6590982985588223,-0.0016295227149882177,2.1546770590601567,-0.21139890034421666,-0.2128289624261387,-0.20705964456619616,-0.2280709641734485,1.0,0.0,0.0,0.0,1.0,0.0,0.0,0.0,1.0,0.0,1.0,0.0,1.0,0.0,1.0,0.0,0
C000795,0.8101579609153294,-0.6696750770038012,0.014846136434778421,0.9760841062779199,-0.46410667241066167,-0.21139890034421666,-0.2128289624261387,-0.20705964456619616,-0.2280709641734485,0.0,0.0,1.0,1.0,0.0,0.0,0.0,0.0,0.0,1.0,0.0,1.0,0.0,1.0,1.0,0.0,0
C000796,-0.5972825792198794,-1.654011757775162,-1.077769092411985,-0.9793431517078963,-0.46410667241066167,-0.21139890034421666,-0.2128289624261387,-0.20705964456619616,-0.2280709641734485,0.0,1.0,0.0,0.0,0.0,1.0,1.0,0.0,0.0,0.0,0.0,1.0,0.0,1.0,0.0,1.0,0
C000797,-1.594219628482319,1.239497685558452,-0.9604403838116905,-0.9793431517078963,2.1546770590601567,-0.21139890034421666,-0.2128289624261387,-0.20705964456619616,-0.2280709641734485,1.0,0.0,0.0,0.0,1.0,0.0,0.0,0.0,0.0,1.0,1.0,0.0,0.0,1.0,1.0,0.0,1
C000798,-1.3010028492874839,-0.5591070348038769,-1.1331970492333034,-0.0016295227149882177,-0.46410667241066167,-0.21139890034421666,-0.2128289624261387,-0.20705964456619616,-0.2280709641734485,0.0,1.0,0.0,1.0,0.0,0.0,1.0,0.0,0.0,0.0,0.0,1.0,0.0,1.0,1.0,0.0,0
C000799,1.2206614517880987,0.7321028139376128,1.710629135410551,1.953797735270828,2.1546770590601567,-0.21139890034421666,-0.2128289624261387,-0.20705964456619616,-0.2280709641734485,1.0,0.0,0.0,0.0,1.0,0.0,0.0,0.0,1.0,0.0,0.0,1.0,0.0,1.0,1.0,0.0,1
C000800,0.9274446725932636,1.0464721203619738,1.5519191790464748,-0.9793431517078963,-0.46410667241066167,-0.21139890034421666,-0.2128289624261387,-0.20705964456619616,-0.2280709641734485,1.0,0.0,0.0,0.0,1.0,0.0,0.0,0.0,0.0,1.0,0.0,1.0,1.0,0.0,1.0,0.0,1
C000801,0.3410111142035932,0.3526108046921093,0.5264498978926512,-0.9793431517078963,-0.46410667241066167,-0.21139890034421666,-0.2128289624261387,-0.20705964456619616,-0.2280709641734485,0.0,1.0,0.0,0.0,1.0,0.0,1.0,0.0,0.0,0.0,0.0,1.0,0.0,1.0,1.0,0.0,0
C000802,0.5755845375594614,-0.033908834354236465,0.43378477007929217,-0.0016295227149882177,-0.46410667241066167,-0.21139890034421666,-0.2128289624261387,-0.20705964456619616,-0.2280709641734485,0.0,1.0,0.0,1.0,0.0,0.0,0.0,0.0,0.0,1.0,0.0,1.0,0.0,1.0,1.0,0.0,0
C000803,-0.24542244418607717,-0.48227161564799725,-0.34551742284003883,-0.9793431517078963,-0.46410667241066167,-0.21139890034421666,-0.2128289624261387,-0.20705964456619616,-0.2280709641734485,0.0,1.0,0.0,1.0,0.0,0.0,1.0,0.0,0.0,0.0,0.0,1.0,0.0,1.0,0.0,1.0,0
C000804,1.3965915193049998,-1.938865019035984,-0.7015434654938053,-0.0016295227149882177,-0.46410667241066167,-0.21139890034421666,-0.2128289624261387,-0.20705964456619616,-0.2280709641734485,1.0,0.0,0.0,0.0,0.0,1.0,0.0,0.0,1.0,0.0,1.0,0.0,1.0,0.0,0.0,1.0,0
C000805,0.22372440252565912,0.8862421609027612,0.6838429752825832,0.9760841062779199,-0.46410667241066167,-0.21139890034421666,-0.2128289624261387,-0.20705964456619616,-0.2280709641734485,1.0,0.0,0.0,1.0,0.0,0.0,0.0,0.0,0.0,1.0,0.0,1.0,1.0,0.0,0.0,1.0,0
C000806,-0.47999586754194534,0.1616935284358845,-0.49003187026249423,-0.0016295227149882177,-0.46410667241066167,-0.21139890034421666,4.698608632023215,-0.20705964456619616,-0.2280709641734485,1.0,0.0,0.0,1.0,0.0,0.0,0.0,0.0,1.0,0.0,0.0,1.0,1.0,0.0,1.0,0.0,0
C000807,-0.36270915586401126,1.1696898962034146,-0.14788141679956815,-0.0016295227149882177,-0.46410667241066167,-0.21139890034421666,-0.2128289624261387,4.829526304341278,-0.2280709641734485,0.0,1.0,0.0,0.0,1.0,0.0,0.0,0.0,1.0,0.0,1.0,0.0,0.0,1.0,0.0,1.0,0
C000808,-1.1837161376095497,-1.0440134910620198,-1.0647714225372409,-0.9793431517078963,-0.46410667241066167,-0.21139890034421666,-0.2128289624261387,-0.20705964456619616,-0.2280709641734485,0.0,0.0,1.0,1.0,0.0,0.0,0.0,1.0,0.0,0.0,0.0,1.0,1.0,0.0,0.0,1.0,0
C000809,1.3379481634660328,0.6023259169487181,1.5620747711352128,-0.0016295227149882177,2.1546770590601567,-0.21139890034421666,-0.2128289624261387,-0.20705964456619616,-0.2280709641734485,0.0,0.0,1.0,0.0,1.0,0.0,0.0,1.0,0.0,0.0,0.0,1.0,1.0,0.0,1.0,0.0,0
C000810,0.16508104668669207,-0.10559065832283122,0.0914557567554652,-0.9793431517078963,2.1546770590601567,-0.21139890034421666,-0.2128289624261387,-0.20705964456619616,-0.2280709641734485,0.0,0.0,1.0,1.0,0.0,0.0,0.0,1.0,0.0,0.0,0.0,1.0,1.0,0.0,0.0,1.0,0
C000811,0.6342278933984283,0.965888631978978,1.2633143638712034,-0.9793431517078963,-0.46410667241066167,-0.21139890034421666,-0.2128289624261387,-0.20705964456619616,-0.2280709641734485,1.0,0.0,0.0,0.0,1.0,0.0,1.0,0.0,0.0,0.0,1.0,0.0,0.0,1.0,1.0,0.0,0
C000812,-0.1281357325081431,0.9073250503052893,0.40924766919382793,-0.0016295227149882177,-0.46410667241066167,-0.21139890034421666,-0.2128289624261387,-0.20705964456619616,-0.2280709641734485,0.0,0.0,1.0,0.0,1.0,0.0,0.0,0.0,0.0,1.0,0.0,1.0,1.0,0.0,1.0,0.0,0
C000813,1.689808298499835,-2.0091413170444103,-0.7858162798448222,-0.0016295227149882177,2.1546770590601567,-0.21139890034421666,-0.2128289624261387,-0.20705964456619616,4.384600221356971,0.0,0.0,1.0,0.0,0.0,1.0,0.0,0.0,0.0,1.0,0.0,1.0,0.0,1.0,1.0,0.0,0
C000814,1.3965915193049998,1.5533984833294239,2.723137946660651,-0.9793431517078963,-0.46410667241066167,-0.21139890034421666,-0.2128289624261387,-0.20705964456619616,-0.2280709641734485,1.0,0.0,0.0,0.0,1.0,0.0,1.0,0.0,0.0,0.0,1.0,0.0,1.0,0.0,1.0,0.0,1
C000815,0.8101579609153294,0.4561512170911914,1.129773907899949,-0.9793431517078963,-0.46410667241066167,-0.21139890034421666,-0.2128289624261387,-0.20705964456619616,-0.2280709641734485,1.0,0.0,0.0,0.0,1.0,0.0,1.0,0.0,0.0,0.0,1.0,0.0,0.0,1.0,0.0,1.0,0
C000816,0.9860880284322305,1.0230466876924982,1.6620682932397128,1.953797735270828,2.1546770590601567,-0.21139890034421666,-0.2128289624261387,-0.20705964456619616,-0.2280709641734485,1.0,0.0,0.0,0.0,1.0,0.0,0.0,0.0,0.0,1.0,1.0,0.0,0.0,1.0,1.0,0.0,1
C000817,-0.9491427142536816,0.9972787117560753,-0.23013055272704155,-0.0016295227149882177,-0.46410667241066167,-0.21139890034421666,-0.2128289624261387,-0.20705964456619616,-0.2280709641734485,0.0,1.0,0.0,0.0,1.0,0.0,1.0,0.0,0.0,0.0,0.0,1.0,1.0,0.0,1.0,0.0,1
C000818,0.5755845375594614,-0.23161948608460964,0.27396625457878954,-0.9793431517078963,-0.46410667241066167,-0.21139890034421666,-0.2128289624261387,-0.20705964456619616,-0.2280709641734485,0.0,0.0,1.0,1.0,0.0,0.0,0.0,0.0,1.0,0.0,0.0,1.0,1.0,0.0,0.0,1.0,0
C000819,0.3996544700425602,1.2409032115186207,1.355235492264142,-0.9793431517078963,-0.46410667241066167,-0.21139890034421666,-0.2128289624261387,-0.20705964456619616,-0.2280709641734485,1.0,0.0,0.0,0.0,1.0,0.0,0.0,0.0,1.0,0.0,1.0,0.0,1.0,0.0,1.0,0.0,1
C000820,-0.010849020830209034,-0.21381615725580813,-0.22194655910241734,-0.9793431517078963,-0.46410667241066167,-0.21139890034421666,-0.2128289624261387,-0.20705964456619616,-0.2280709641734485,0.0,0.0,1.0,1.0,0.0,0.0,0.0,0.0,1.0,0.0,1.0,0.0,1.0,0.0,1.0,0.0,0
C000821,0.5755845375594614,1.0333538780670675,1.2228854353655596,-0.0016295227149882177,-0.46410667241066167,-0.21139890034421666,-0.2128289624261387,-0.20705964456619616,-0.2280709641734485,1.0,0.0,0.0,0.0,1.0,0.0,1.0,0.0,0.0,0.0,0.0,1.0,0.0,1.0,1.0,0.0,1
C000822,-0.6559259350588464,0.36572904698701564,-0.32778791665142115,-0.0016295227149882177,-0.46410667241066167,-0.21139890034421666,-0.2128289624261387,-0.20705964456619616,-0.2280709641734485,0.0,1.0,0.0,0.0,1.0,0.0,0.0,0.0,0.0,1.0,0.0,1.0,0.0,1.0,0.0,1.0,1
C000823,1.513878230982934,1.045535103055195,2.216511541325391,-0.0016295227149882177,-0.46410667241066167,-0.21139890034421666,-0.2128289624261387,-0.20705964456619616,-0.2280709641734485,1.0,0.0,0.0,0.0,1.0,0.0,1.0,0.0,0.0,0.0,0.0,1.0,1.0,0.0,1.0,0.0,1
C000824,1.0447313842711976,0.16145927410918928,0.9386404567939522,-0.0016295227149882177,-0.46410667241066167,-0.21139890034421666,-0.2128289624261387,-0.20705964456619616,-0.2280709641734485,0.0,1.0,0.0,0.0,1.0,0.0,1.0,0.0,0.0,0.0,0.0,1.0,0.0,1.0,0.0,1.0,0
C000825,-0.8318560025757475,-0.34874664943198713,-0.7528273455433823,-0.0016295227149882177,-0.46410667241066167,-0.21139890034421666,-0.2128289624261387,-0.20705964456619616,-0.2280709641734485,1.0,0.0,0.0,1.0,0.0,0.0,0.0,0.0,0.0,1.0,0.0,1.0,0.0,1.0,1.0,0.0,0
C000826,-1.2423594934485167,0.8754664618748023,-0.7010524258763278,-0.9793431517078963,-0.46410667241066167,-0.21139890034421666,-0.2128289624261387,-0.20705964456619616,-0.2280709641734485,0.0,1.0,0.0,0.0,1.0,0.0,1.0,0.0,0.0,0.0,1.0,0.0,1.0,0.0,1.0,0.0,0
C000827,-1.1837161376095497,-0.11824039196434814,-0.8941277154696217,-0.9793431517078963,-0.46410667241066167,-0.21139890034421666,-0.2128289624261387,-0.20705964456619616,-0.2280709641734485,1.0,0.0,0.0,0.0,1.0,0.0,0.0,1.0,0.0,0.0,0.0,1.0,1.0,0.0,1.0,0.0,1
C000828,1.6311649426608679,1.4114403613524023,2.812313717192239,-0.9793431517078963,-0.46410667241066167,-0.21139890034421666,-0.2128289624261387,-0.20705964456619616,-0.2280709641734485,0.0,1.0,0.0,0.0,1.0,0.0,0.0,0.0,0.0,1.0,0.0,1.0,0.0,1.0,0.0,1.0,0
C000829,0.5169411817204943,0.08837192418042596,0.46684810432277407,-0.0016295227149882177,-0.46410667241066167,-0.21139890034421666,-0.2128289624261387,-0.20705964456619616,-0.2280709641734485,0.0,0.0,1.0,0.0,1.0,0.0,1.0,0.0,0.0,0.0,0.0,1.0,1.0,0.0,1.0,0.0,0
C000830,-0.5972825792198794,0.5428253179682505,-0.1537069322614597,-0.9793431517078963,-0.46410667241066167,-0.21139890034421666,-0.2128289624261387,-0.20705964456619616,-0.2280709641734485,1.0,0.0,0.0,0.0,1.0,0.0,0.0,0.0,0.0,1.0,0.0,1.0,1.0,0.0,0.0,1.0,0
C000831,-0.47999586754194534,-0.2817499119972872,-0.5316883978118315,-0.9793431517078963,-0.46410667241066167,-0.21139890034421666,-0.2128289624261387,-0.20705964456619616,-0.2280709641734485,0.0,0.0,1.0,1.0,0.0,0.0,1.0,0.0,0.0,0.0,0.0,1.0,1.0,0.0,1.0,0.0,0
C000832,-1.0664294259316156,-1.6085664183963795,-1.3136169086852467,-0.0016295227149882177,2.1546770590601567,-0.21139890034421666,-0.2128289624261387,-0.20705964456619616,4.384600221356971,1.0,0.0,0.0,0.0,0.0,1.0,0.0,1.0,0.0,0.0,0.0,1.0,0.0,1.0,0.0,1.0,0
C000833,0.047794335008758,0.024186238666062867,0.16813233702398994,-0.0016295227149882177,-0.46410667241066167,-0.21139890034421666,-0.2128289624261387,-0.20705964456619616,-0.2280709641734485,1.0,0.0,0.0,1.0,0.0,0.0,0.0,0.0,0.0,1.0,1.0,0.0,0.0,1.0,1.0,0.0,1
C000834,-0.8904993584147146,-0.3304748119497962,-0.7251877670747651,0.9760841062779199,-0.46410667241066167,-0.21139890034421666,-0.2128289624261387,-0.20705964456619616,-0.2280709641734485,1.0,0.0,0.0,1.0,0.0,0.0,0.0,1.0,0.0,0.0,1.0,0.0,1.0,0.0,0.0,1.0,1
C000835,-1.0664294259316156,0.3755677287081957,-0.7126960168059067,1.953797735270828,-0.46410667241066167,-0.21139890034421666,-0.2128289624261387,-0.20705964456619616,-0.2280709641734485,1.0,0.0,0.0,0.0,1.0,0.0,0.0,0.0,1.0,0.0,0.0,1.0,0.0,1.0,1.0,0.0,0
C000836,-1.1837161376095497,0.97338477043321,-0.6671037323225456,1.953797735270828,-0.46410667241066167,-0.21139890034421666,-0.2128289624261387,-0.20705964456619616,-0.2280709641734485,1.0,0.0,0.0,0.0,1.0,0.0,1.0,0.0,0.0,0.0,0.0,1.0,0.0,1.0,1.0,0.0,1
C000837,-1.711506340160253,-2.0091413170444103,-1.5222864261305518,-0.0016295227149882177,-0.46410667241066167,-0.21139890034421666,-0.2128289624261387,-0.20705964456619616,-0.2280709641734485,0.0,0.0,1.0,0.0,0.0,1.0,0.0,1.0,0.0,0.0,1.0,0.0,1.0,0.0,1.0,0.0,0
C000838,-0.7732126467367805,0.5507899650758722,-0.4355487927051095,-0.9793431517078963,-0.46410667241066167,-0.21139890034421666,-0.2128289624261387,-0.20705964456619616,-0.2280709641734485,1.0,0.0,0.0,0.0,1.0,0.0,0.0,1.0,0.0,0.0,0.0,1.0,1.0,0.0,0.0,1.0,0
C000839,-0.42135251170297827,-0.2330250120447782,-0.43257279502342794,0.9760841062779199,-0.46410667241066167,-0.21139890034421666,-0.2128289624261387,-0.20705964456619616,-0.2280709641734485,0.0,1.0,0.0,1.0,0.0,0.0,1.0,0.0,0.0,0.0,0.0,1.0,1.0,0.0,0.0,1.0,0
C000840,0.3410111142035932,-1.726630599050536,-1.001263632010157,-0.9793431517078963,-0.46410667241066167,-0.21139890034421666,-0.2128289624261387,-0.20705964456619616,-0.2280709641734485,0.0,1.0,0.0,0.0,1.0,0.0,1.0,0.0,0.0,0.0,1.0,0.0,0.0,1.0,1.0,0.0,0
C000841,0.10643769084772503,0.09211999340754196,0.3329728486123302,0.9760841062779199,-0.46410667241066167,-0.21139890034421666,-0.2128289624261387,-0.20705964456619616,-0.2280709641734485,0.0,1.0,0.0,0.0,1.0,0.0,0.0,1.0,0.0,0.0,0.0,1.0,1.0,0.0,1.0,0.0,0
C000842,1.689808298499835,-0.820066354741834,0.41601806391965335,0.9760841062779199,-0.46410667241066167,-0.21139890034421666,-0.2128289624261387,-0.20705964456619616,-0.2280709641734485,1.0,0.0,0.0,1.0,0.0,0.0,0.0,0.0,1.0,0.0,0.0,1.0,1.0,0.0,1.0,0.0,0
C000843,1.1620180959491317,-0.18992221593294323,0.8254037450059696,0.9760841062779199,-0.46410667241066167,-0.21139890034421666,-0.2128289624261387,-0.20705964456619616,-0.2280709641734485,1.0,0.0,0.0,1.0,0.0,0.0,1.0,0.0,0.0,0.0,0.0,1.0,0.0,1.0,0.0,1.0,0
C000844,1.3379481634660328,0.8496984859383794,1.882939401179912,0.9760841062779199,-0.46410667241066167,-0.21139890034421666,-0.2128289624261387,-0.20705964456619616,-0.2280709641734485,1.0,0.0,0.0,0.0,1.0,0.0,1.0,0.0,0.0,0.0,0.0,1.0,1.0,0.0,1.0,0.0,1
C000845,-0.8318560025757475,0.1616935284358845,-0.6825566002846769,-0.0016295227149882177,-0.46410667241066167,-0.21139890034421666,4.698608632023215,-0.20705964456619616,-0.2280709641734485,0.0,1.0,0.0,1.0,0.0,0.0,0.0,0.0,1.0,0.0,0.0,1.0,0.0,1.0,0.0,1.0,0
C000846,0.28236775836462613,0.5484474218089248,0.47128978086268397,-0.9793431517078963,-0.46410667241066167,-0.21139890034421666,-0.2128289624261387,-0.20705964456619616,-0.2280709641734485,0.0,0.0,1.0,0.0,1.0,0.0,0.0,1.0,0.0,0.0,0.0,1.0,0.0,1.0,0.0,1.0,0
C000847,1.2206614517880987,-0.13463819483298106,0.9424422938323005,0.9760841062779199,-0.46410667241066167,-0.21139890034421666,-0.2128289624261387,-0.20705964456619616,-0.2280709641734485,1.0,0.0,0.0,0.0,1.0,0.0,1.0,0.0,0.0,0.0,0.0,1.0,0.0,1.0,1.0,0.0,0
C000848,-0.5972825792198794,0.4060207911785135,-0.22941631328343795,-0.0016295227149882177,-0.46410667241066167,-0.21139890034421666,-0.2128289624261387,-0.20705964456619616,-0.2280709641734485,1.0,0.0,0.0,0.0,1.0,0.0,0.0,0.0,0.0,1.0,1.0,0.0,1.0,0.0,1.0,0.0,0
C000849,-0.36270915586401126,-0.6874784058326028,-0.6962015496551869,-0.9793431517078963,2.1546770590601567,-0.21139890034421666,-0.2128289624261387,-0.20705964456619616,-0.2280709641734485,0.0,0.0,1.0,1.0,0.0,0.0,1.0,0.0,0.0,0.0,0.0,1.0,1.0,0.0,0.0,1.0,1
C000850,1.2206614517880987,-0.5309965156005065,0.6188174259378418,1.953797735270828,2.1546770590601567,-0.21139890034421666,-0.2128289624261387,-0.20705964456619616,-0.2280709641734485,1.0,0.0,0.0,1.0,0.0,0.0,1.0,0.0,0.0,0.0,1.0,0.0,1.0,0.0,1.0,0.0,0
C000851,0.16508104668669207,-0.5951822011148693,-0.2809531531359579,1.953797735270828,-0.46410667241066167,-0.21139890034421666,-0.2128289624261387,-0.20705964456619616,-0.2280709641734485,0.0,1.0,0.0,1.0,0.0,0.0,0.0,1.0,0.0,0.0,0.0,1.0,0.0,1.0,1.0,0.0,1
C000852,1.1620180959491317,0.6857204572520509,1.5480801420371058,1.953797735270828,-0.46410667241066167,-0.21139890034421666,-0.2128289624261387,-0.20705964456619616,-0.2280709641734485,0.0,0.0,1.0,0.0,1.0,0.0,0.0,0.0,1.0,0.0,0.0,1.0,1.0,0.0,1.0,0.0,1
C000853,-0.7145692908978135,-0.15618959288889855,-0.5545961399665751,0.9760841062779199,-0.46410667241066167,-0.21139890034421666,-0.2128289624261387,-0.20705964456619616,-0.2280709641734485,1.0,0.0,0.0,1.0,0.0,0.0,0.0,1.0,0.0,0.0,0.0,1.0,0.0,1.0,1.0,0.0,0
C000854,-0.47999586754194534,-0.2723797389294969,-0.5010579416731245,0.9760841062779199,-0.46410667241066167,-0.21139890034421666,-0.2128289624261387,-0.20705964456619616,-0.2280709641734485,1.0,0.0,0.0,1.0,0.0,0.0,0.0,1.0,0.0,0.0,0.0,1.0,1.0,0.0,0.0,1.0,0
C000855,-0.6559259350588464,0.9677626665925364,-0.08133810863716896,-0.0016295227149882177,-0.46410667241066167,-0.21139890034421666,-0.2128289624261387,-0.20705964456619616,4.384600221356971,1.0,0.0,0.0,0.0,1.0,0.0,1.0,0.0,0.0,0.0,0.0,1.0,0.0,1.0,1.0,0.0,1
C000856,1.1033747401101646,-0.32016762157522705,0.7048981588804801,0.9760841062779199,-0.46410667241066167,-0.21139890034421666,-0.2128289624261387,-0.20705964456619616,-0.2280709641734485,0.0,1.0,0.0,1.0,0.0,0.0,0.0,1.0,0.0,0.0,0.0,1.0,0.0,1.0,1.0,0.0,0
C000857,-2.0047231193550883,0.1616935284358845,-1.3764699797223607,0.9760841062779199,2.1546770590601567,-0.21139890034421666,4.698608632023215,-0.20705964456619616,-0.2280709641734485,0.0,0.0,1.0,0.0,1.0,0.0,1.0,0.0,0.0,0.0,0.0,1.0,0.0,1.0,1.0,0.0,0
C000858,1.3965915193049998,-0.9676465805595299,0.1707363349954613,0.9760841062779199,-0.46410667241066167,-0.21139890034421666,-0.2128289624261387,-0.20705964456619616,-0.2280709641734485,0.0,1.0,0.0,1.0,0.0,0.0,1.0,0.0,0.0,0.0,1.0,0.0,0.0,1.0,1.0,0.0,0
C000859,-0.1281357325081431,-1.5738967780455557,-0.9399431997791088,0.9760841062779199,-0.46410667241066167,-0.21139890034421666,-0.2128289624261387,-0.20705964456619616,-0.2280709641734485,1.0,0.0,0.0,0.0,0.0,1.0,0.0,1.0,0.0,0.0,0.0,1.0,1.0,0.0,1.0,0.0,0
C000860,1.748451654338802,-0.1463509111677188,1.1679782781385355,-0.0016295227149882177,2.1546770590601567,-0.21139890034421666,-0.2128289624261387,-0.20705964456619616,4.384600221356971,1.0,0.0,0.0,1.0,0.0,0.0,0.0,0.0,1.0,0.0,0.0,1.0,1.0,0.0,1.0,0.0,0
C000861,1.8657383660167361,-0.6888839317927713,0.8328586191985818,-0.0016295227149882177,-0.46410667241066167,-0.21139890034421666,-0.2128289624261387,-0.20705964456619616,-0.2280709641734485,0.0,1.0,0.0,1.0,0.0,0.0,0.0,0.0,0.0,1.0,0.0,1.0,0.0,1.0,1.0,0.0,0
C000862,-1.2423594934485167,0.6571414293952907,-0.7770817266490869,-0.0016295227149882177,2.1546770590601567,-0.21139890034421666,-0.2128289624261387,-0.20705964456619616,-0.2280709641734485,0.0,1.0,0.0,0.0,1.0,0.0,0.0,0.0,0.0,1.0,0.0,1.0,1.0,0.0,1.0,0.0,1
C000863,-0.5386392233809124,0.7269492187503283,0.01208589858501877,-0.0016295227149882177,-0.46410667241066167,-0.21139890034421666,-0.2128289624261387,-0.20705964456619616,-0.2280709641734485,1.0,0.0,0.0,0.0,1.0,0.0,0.0,0.0,1.0,0.0,0.0,1.0,1.0,0.0,0.0,1.0,1
C000864,-1.3010028492874839,0.5840540794665271,-0.768295093493922,2.931511364263736,-0.46410667241066167,-0.21139890034421666,-0.2128289624261387,-0.20705964456619616,-0.2280709641734485,0.0,1.0,0.0,0.0,1.0,0.0,0.0,1.0,0.0,0.0,0.0,1.0,1.0,0.0,1.0,0.0,1
C000865,-1.476932916804385,-0.2887775417981298,-1.0571900684431572,-0.0016295227149882177,-0.46410667241066167,-0.21139890034421666,-0.2128289624261387,-0.20705964456619616,4.384600221356971,0.0,1.0,0.0,1.0,0.0,0.0,1.0,0.0,0.0,0.0,0.0,1.0,1.0,0.0,1.0,0.0,0
C000866,0.8101579609153294,1.326640295088901,1.6699546870961686,-0.9793431517078963,-0.46410667241066167,-0.21139890034421666,-0.2128289624261387,-0.20705964456619616,-0.2280709641734485,1.0,0.0,0.0,0.0,1.0,0.0,0.0,0.0,1.0,0.0,0.0,1.0,0.0,1.0,1.0,0.0,1
C000867,0.6928712492373954,0.8646907628468441,1.3219712781771467,-0.9793431517078963,-0.46410667241066167,-0.21139890034421666,-0.2128289624261387,-0.20705964456619616,-0.2280709641734485,0.0,1.0,0.0,0.0,1.0,0.0,0.0,1.0,0.0,0.0,0.0,1.0,1.0,0.0,1.0,0.0,0
C000868,1.1033747401101646,-2.0091413170444103,-1.0257188929593748,0.9760841062779199,-0.46410667241066167,-0.21139890034421666,-0.2128289624261387,-0.20705964456619616,-0.2280709641734485,1.0,0.0,0.0,0.0,0.0,1.0,0.0,0.0,0.0,1.0,0.0,1.0,0.0,1.0,1.0,0.0,0
C000869,-0.18677908834711016,0.1616935284358845,0.16911441625894497,-0.0016295227149882177,-0.46410667241066167,-0.21139890034421666,4.698608632023215,-0.20705964456619616,-0.2280709641734485,1.0,0.0,0.0,0.0,1.0,0.0,0.0,1.0,0.0,0.0,0.0,1.0,0.0,1.0,1.0,0.0,0
C000870,-0.30406580002504424,0.9902510819552324,0.3023423924736229,0.9760841062779199,-0.46410667241066167,-0.21139890034421666,-0.2128289624261387,-0.20705964456619616,-0.2280709641734485,1.0,0.0,0.0,0.0,1.0,0.0,1.0,0.0,0.0,0.0,0.0,1.0,0.0,1.0,1.0,0.0,1
C000871,-0.7732126467367805,0.836580243643473,-0.26875156264106376,-0.0016295227149882177,2.1546770590601567,-0.21139890034421666,-0.2128289624261387,-0.20705964456619616,-0.2280709641734485,0.0,1.0,0.0,0.0,1.0,0.0,0.0,0.0,1.0,0.0,0.0,1.0,1.0,0.0,1.0,0.0,1
C000872,-0.7145692908978135,0.1616935284358845,-0.7325533613369268,-0.9793431517078963,-0.46410667241066167,-0.21139890034421666,4.698608632023215,-0.20705964456619616,-0.2280709641734485,0.0,1.0,0.0,1.0,0.0,0.0,0.0,0.0,0.0,1.0,0.0,1.0,1.0,0.0,1.0,0.0,0
C000873,-0.6559259350588464,-0.41012128302601275,-0.6507208650848888,-0.0016295227149882177,2.1546770590601567,-0.21139890034421666,-0.2128289624261387,-0.20705964456619616,-0.2280709641734485,0.0,1.0,0.0,0.0,1.0,0.0,0.0,0.0,0.0,1.0,0.0,1.0,1.0,0.0,1.0,0.0,0
C000874,-0.5386392233809124,-0.3773256772887472,-0.48821651167666863,-0.0016295227149882177,-0.46410667241066167,-0.21139890034421666,-0.2128289624261387,-0.20705964456619616,-0.2280709641734485,1.0,0.0,0.0,1.0,0.0,0.0,1.0,0.0,0.0,0.0,0.0,1.0,1.0,0.0,1.0,0.0,1
C000875,1.0447313842711976,0.20924715675491912,0.9697321925733201,1.953797735270828,-0.46410667241066167,-0.21139890034421666,-0.2128289624261387,-0.20705964456619616,-0.2280709641734485,0.0,1.0,0.0,0.0,1.0,0.0,0.0,0.0,0.0,1.0,0.0,1.0,1.0,0.0,1.0,0.0,0
C000876,1.4552348751439668,0.1616935284358845,-0.8546883061931371,-0.0016295227149882177,2.1546770590601567,-0.21139890034421666,4.698608632023215,-0.20705964456619616,-0.2280709641734485,1.0,0.0,0.0,0.0,0.0,1.0,0.0,0.0,0.0,1.0,0.0,1.0,1.0,0.0,1.0,0.0,0
C000877,-0.010849020830209034,0.44396999210306387,0.23713828326798053,0.9760841062779199,-0.46410667241066167,-0.21139890034421666,-0.2128289624261387,-0.20705964456619616,-0.2280709641734485,1.0,0.0,0.0,0.0,1.0,0.0,1.0,0.0,0.0,0.0,0.0,1.0,1.0,0.0,1.0,0.0,1
C000878,-1.0077860700926486,0.8843681262892036,-0.26961460196875126,0.9760841062779199,2.1546770590601567,-0.21139890034421666,-0.2128289624261387,-0.20705964456619616,-0.2280709641734485,0.0,1.0,0.0,0.0,1.0,0.0,1.0,0.0,0.0,0.0,0.0,1.0,0.0,1.0,1.0,0.0,1
C000879,-0.47999586754194534,0.08368683764653079,-0.4426465471759201,1.953797735270828,-0.46410667241066167,-0.21139890034421666,-0.2128289624261387,-0.20705964456619616,-0.2280709641734485,1.0,0.0,0.0,1.0,0.0,0.0,0.0,0.0,0.0,1.0,0.0,1.0,1.0,0.0,1.0,0.0,0
C000880,-1.2423594934485167,-1.586078003033683,-1.2575565523565708,-0.0016295227149882177,-0.46410667241066167,-0.21139890034421666,-0.2128289624261387,-0.20705964456619616,4.384600221356971,1.0,0.0,0.0,0.0,0.0,1.0,1.0,0.0,0.0,0.0,1.0,0.0,1.0,0.0,1.0,0.0,0
C000881,0.22372440252565912,0.9476167944967872,0.6868115329700607,-0.0016295227149882177,-0.46410667241066167,-0.21139890034421666,-0.2128289624261387,-0.20705964456619616,-0.2280709641734485,1.0,0.0,0.0,0.0,1.0,0.0,1.0,0.0,0.0,0.0,0.0,1.0,0.0,1.0,1.0,0.0,0
C000882,0.8688013167542965,1.7501721177530176,2.152296951348908,-0.9793431517078963,-0.46410667241066167,-0.21139890034421666,-0.2128289624261387,-0.20705964456619616,-0.2280709641734485,0.0,1.0,0.0,0.0,1.0,0.0,0.0,1.0,0.0,0.0,0.0,1.0,0.0,1.0,1.0,0.0,0
C000883,0.16508104668669207,0.5648452246775574,0.5909397676546899,-0.0016295227149882177,-0.46410667241066167,-0.21139890034421666,-0.2128289624261387,-0.20705964456619616,-0.2280709641734485,0.0,0.0,1.0,0.0,1.0,0.0,1.0,0.0,0.0,0.0,0.0,1.0,0.0,1.0,0.0,1.0,0
C000884,-0.30406580002504424,-2.0091413170444103,-0.14788141679956815,-0.9793431517078963,2.1546770590601567,-0.21139890034421666,-0.2128289624261387,4.829526304341278,-0.2280709641734485,0.0,1.0,0.0,0.0,0.0,1.0,0.0,1.0,0.0,0.0,0.0,1.0,0.0,1.0,1.0,0.0,0
C000885,0.9860880284322305,-1.02480463627305,-0.024012953293778245,-0.0016295227149882177,2.1546770590601567,-0.21139890034421666,-0.2128289624261387,-0.20705964456619616,4.384600221356971,1.0,0.0,0.0,1.0,0.0,0.0,0.0,1.0,0.0,0.0,0.0,1.0,0.0,1.0,1.0,0.0,0
C000886,1.748451654338802,0.4706749853462663,1.960077261089097,-0.0016295227149882177,-0.46410667241066167,-0.21139890034421666,-0.2128289624261387,-0.20705964456619616,4.384600221356971,1.0,0.0,0.0,1.0,0.0,0.0,0.0,1.0,0.0,0.0,0.0,1.0,0.0,1.0,1.0,0.0,0
C000887,-0.18677908834711016,-1.8582815306529883,-1.2054765929271438,-0.0016295227149882177,-0.46410667241066167,-0.21139890034421666,-0.2128289624261387,-0.20705964456619616,-0.2280709641734485,1.0,0.0,0.0,0.0,0.0,1.0,0.0,0.0,1.0,0.0,0.0,1.0,1.0,0.0,1.0,0.0,0
C000888,-0.5972825792198794,-0.30564385332015215,-0.6806296417857882,-0.0016295227149882177,-0.46410667241066167,-0.21139890034421666,-0.2128289624261387,-0.20705964456619616,-0.2280709641734485,1.0,0.0,0.0,1.0,0.0,0.0,0.0,0.0,1.0,0.0,0.0,1.0,1.0,0.0,0.0,1.0,0
C000889,-0.1281357325081431,-0.41340084359973933,-0.14788141679956815,-0.9793431517078963,-0.46410667241066167,-0.21139890034421666,-0.2128289624261387,4.829526304341278,-0.2280709641734485,0.0,1.0,0.0,1.0,0.0,0.0,1.0,0.0,0.0,0.0,0.0,1.0,0.0,1.0,1.0,0.0,0
C000890,1.1620180959491317,1.243245754785568,2.1032748295374084,-0.0016295227149882177,-0.46410667241066167,-0.21139890034421666,-0.2128289624261387,-0.20705964456619616,-0.2280709641734485,1.0,0.0,0.0,0.0,1.0,0.0,1.0,0.0,0.0,0.0,0.0,1.0,1.0,0.0,1.0,0.0,0
C000891,1.748451654338802,1.1411108683466546,-0.14788141679956815,-0.0016295227149882177,-0.46410667241066167,-0.21139890034421666,-0.2128289624261387,4.829526304341278,-0.2280709641734485,1.0,0.0,0.0,0.0,1.0,0.0,1.0,0.0,0.0,0.0,0.0,1.0,1.0,0.0,1.0,0.0,1
C000892,-0.5972825792198794,0.8136233196273873,0.1302925265014091,-0.9793431517078963,-0.46410667241066167,-0.21139890034421666,-0.2128289624261387,-0.20705964456619616,-0.2280709641734485,0.0,1.0,0.0,0.0,1.0,0.0,1.0,0.0,0.0,0.0,0.0,1.0,0.0,1.0,1.0,0.0,0
C000893,0.3996544700425602,0.4983169958962469,0.6813803372009918,-0.9793431517078963,-0.46410667241066167,-0.21139890034421666,-0.2128289624261387,-0.20705964456619616,-0.2280709641734485,1.0,0.0,0.0,0.0,1.0,0.0,0.0,1.0,0.0,0.0,0.0,1.0,1.0,0.0,1.0,0.0,0
C000894,1.689808298499835,-1.7374062980784948,-0.43141959592177637,-0.9793431517078963,-0.46410667241066167,-0.21139890034421666,-0.2128289624261387,-0.20705964456619616,-0.2280709641734485,0.0,0.0,1.0,0.0,0.0,1.0,1.0,0.0,0.0,0.0,0.0,1.0,0.0,1.0,1.0,0.0,0
C000895,-0.47999586754194534,-1.1128842631102778,-0.9656260597720204,-0.9793431517078963,-0.46410667241066167,-0.21139890034421666,-0.2128289624261387,-0.20705964456619616,-0.2280709641734485,0.0,1.0,0.0,1.0,0.0,0.0,0.0,0.0,1.0,0.0,0.0,1.0,0.0,1.0,0.0,1.0,0
C000896,1.2206614517880987,-0.5422407232818546,0.5255496585939424,-0.0016295227149882177,-0.46410667241066167,-0.21139890034421666,-0.2128289624261387,-0.20705964456619616,-0.2280709641734485,0.0,1.0,0.0,1.0,0.0,0.0,0.0,0.0,1.0,0.0,0.0,1.0,1.0,0.0,0.0,1.0,0
C000897,-0.42135251170297827,-0.09012987276097748,-0.3855148316818387,-0.9793431517078963,-0.46410667241066167,-0.21139890034421666,-0.2128289624261387,-0.20705964456619616,-0.2280709641734485,0.0,0.0,1.0,1.0,0.0,0.0,0.0,1.0,0.0,0.0,1.0,0.0,0.0,1.0,1.0,0.0,0
C000898,-0.010849020830209034,0.3854064104293751,0.2343185254645873,-0.9793431517078963,-0.46410667241066167,-0.21139890034421666,-0.2128289624261387,-0.20705964456619616,-0.2280709641734485,0.0,1.0,0.0,1.0,0.0,0.0,0.0,0.0,0.0,1.0,0.0,1.0,0.0,1.0,0.0,1.0,1
C000899,-0.8318560025757475,0.2635941605481028,-0.580539399756634,-0.0016295227149882177,-0.46410667241066167,-0.21139890034421666,-0.2128289624261387,-0.20705964456619616,-0.2280709641734485,0.0,1.0,0.0,1.0,0.0,0.0,1.0,0.0,0.0,0.0,0.0,1.0,0.0,1.0,1.0,0.0,1
C000900,-0.010849020830209034,1.2273164605703246,1.394332661807233,-0.9793431517078963,-0.46410667241066167,4.730393575234874,-0.2128289624261387,-0.20705964456619616,-0.2280709641734485,0.0,1.0,0.0,0.0,1.0,0.0,0.0,0.0,1.0,0.0,0.0,1.0,1.0,0.0,1.0,0.0,0
C000901,1.572521586821901,-1.4239740089609125,-0.1769717941380051,-0.0016295227149882177,-0.46410667241066167,-0.21139890034421666,-0.2128289624261387,-0.20705964456619616,-0.2280709641734485,1.0,0.0,0.0,0.0,0.0,1.0,0.0,0.0,0.0,1.0,0.0,1.0,1.0,0.0,0.0,1.0,0
C000902,-0.010849020830209034,0.14037638470666153,1.5931144269551514,-0.9793431517078963,-0.46410667241066167,4.730393575234874,-0.2128289624261387,-0.20705964456619616,-0.2280709641734485,0.0,0.0,1.0,0.0,1.0,0.0,0.0,1.0,0.0,0.0,0.0,1.0,1.0,0.0,1.0,0.0,0
C000903,1.0447313842711976,0.1511520837346201,-0.14788141679956815,0.9760841062779199,-0.46410667241066167,-0.21139890034421666,-0.2128289624261387,4.829526304341278,-0.2280709641734485,1.0,0.0,0.0,0.0,1.0,0.0,0.0,0.0,1.0,0.0,0.0,1.0,1.0,0.0,0.0,1.0,0
C000904,-0.9491427142536816,-0.908145981579062,-1.004663709361478,-0.0016295227149882177,-0.46410667241066167,-0.21139890034421666,-0.2128289624261387,-0.20705964456619616,4.384600221356971,1.0,0.0,0.0,1.0,0.0,0.0,1.0,0.0,0.0,0.0,0.0,1.0,1.0,0.0,1.0,0.0,0
C000905,0.5755845375594614,0.5999833736817707,1.010830720557342,-0.0016295227149882177,-0.46410667241066167,-0.21139890034421666,-0.2128289624261387,-0.20705964456619616,-0.2280709641734485,1.0,0.0,0.0,0.0,1.0,0.0,1.0,0.0,0.0,0.0,0.0,1.0,1.0,0.0,1.0,0.0,0
C000906,-1.8874364076771541,0.16192778276257905,-1.3406538476233234,-0.0016295227149882177,2.1546770590601567,-0.21139890034421666,-0.2128289624261387,-0.20705964456619616,-0.2280709641734485,0.0,0.0,1.0,0.0,1.0,0.0,0.0,0.0,1.0,0.0,0.0,1.0,1.0,0.0,1.0,0.0,0
C000907,-0.18677908834711016,-1.8545334614258724,-1.0158683406330091,-0.0016295227149882177,-0.46410667241066167,-0.21139890034421666,-0.2128289624261387,-0.20705964456619616,-0.2280709641734485,1.0,0.0,0.0,0.0,0.0,1.0,1.0,0.0,0.0,0.0,1.0,0.0,0.0,1.0,1.0,0.0,0
C000908,-1.77014969599922,1.545433836221802,-1.283618852053897,-0.0016295227149882177,2.1546770590601567,-0.21139890034421666,-0.2128289624261387,-0.20705964456619616,-0.2280709641734485,0.0,0.0,1.0,0.0,1.0,0.0,1.0,0.0,0.0,0.0,0.0,1.0,1.0,0.0,0.0,1.0,0
C000909,-0.010849020830209034,0.8094067417468815,0.2649564215974986,2.931511364263736,-0.46410667241066167,4.730393575234874,-0.2128289624261387,-0.20705964456619616,-0.2280709641734485,1.0,0.0,0.0,0.0,1.0,0.0,0.0,0.0,0.0,1.0,0.0,1.0,0.0,1.0,0.0,1.0,1
C000910,1.572521586821901,0.1994084750337397,1.3911855442588548,-0.9793431517078963,-0.46410667241066167,-0.21139890034421666,-0.2128289624261387,-0.20705964456619616,-0.2280709641734485,0.0,0.0,1.0,1.0,0.0,0.0,1.0,0.0,0.0,0.0,0.0,1.0,1.0,0.0,0.0,1.0,0
C000911,1.8070950101777692,0.5217424285657224,-0.14788141679956815,-0.0016295227149882177,2.1546770590601567,-0.21139890034421666,-0.2128289624261387,4.829526304341278,-0.2280709641734485,1.0,0.0,0.0,0.0,1.0,0.0,0.0,1.0,0.0,0.0,0.0,1.0,0.0,1.0,1.0,0.0,0
C000912,-0.24542244418607717,0.9672941579391466,-0.14788141679956815,-0.9793431517078963,2.1546770590601567,-0.21139890034421666,-0.2128289624261387,4.829526304341278,-0.2280709641734485,1.0,0.0,0.0,0.0,1.0,0.0,0.0,1.0,0.0,0.0,0.0,1.0,0.0,1.0,1.0,0.0,1
C000913,1.1033747401101646,-2.0091413170444103,-0.865930137435689,0.9760841062779199,-0.46410667241066167,-0.21139890034421666,-0.2128289624261387,-0.20705964456619616,-0.2280709641734485,0.0,1.0,0.0,0.0,1.0,0.0,0.0,1.0,0.0,0.0,0.0,1.0,0.0,1.0,1.0,0.0,0
C000914,0.45829782588152723,0.44209595748950553,0.6798774583717425,-0.0016295227149882177,-0.46410667241066167,-0.21139890034421666,-0.2128289624261387,-0.20705964456619616,-0.2280709641734485,1.0,0.0,0.0,0.0,1.0,0.0,0.0,0.0,1.0,0.0,1.0,0.0,1.0,0.0,1.0,0.0,0
C000915,0.5169411817204943,-0.05780277567710138,0.3571825897528094,-0.0016295227149882177,2.1546770590601567,-0.21139890034421666,-0.2128289624261387,-0.20705964456619616,-0.2280709641734485,1.0,0.0,0.0,1.0,0.0,0.0,0.0,0.0,1.0,0.0,0.0,1.0,1.0,0.0,0.0,1.0,0
C000916,-0.7732126467367805,-1.9187191469402352,-1.3204319433762974,-0.9793431517078963,-0.46410667241066167,-0.21139890034421666,-0.2128289624261387,-0.20705964456619616,-0.2280709641734485,1.0,0.0,0.0,0.0,0.0,1.0,0.0,0.0,1.0,0.0,1.0,0.0,1.0,0.0,1.0,0.0,0
C000917,-0.010849020830209034,-1.9927435141757777,-1.0514463929175117,-0.0016295227149882177,-0.46410667241066167,4.730393575234874,-0.2128289624261387,-0.20705964456619616,-0.2280709641734485,1.0,0.0,0.0,0.0,0.0,1.0,1.0,0.0,0.0,0.0,0.0,1.0,0.0,1.0,1.0,0.0,1
C000918,-1.0077860700926486,0.1616935284358845,-0.6174864109747104,-0.9793431517078963,-0.46410667241066167,-0.21139890034421666,4.698608632023215,-0.20705964456619616,-0.2280709641734485,0.0,0.0,1.0,0.0,1.0,0.0,0.0,0.0,0.0,1.0,0.0,1.0,1.0,0.0,0.0,1.0,0
C000919,-0.010849020830209034,0.8782775137951395,0.6024568786827974,-0.0016295227149882177,2.1546770590601567,-0.21139890034421666,-0.2128289624261387,-0.20705964456619616,-0.2280709641734485,0.0,1.0,0.0,0.0,1.0,0.0,0.0,0.0,0.0,1.0,0.0,1.0,0.0,1.0,1.0,0.0,0
C000920,1.3965915193049998,0.6871259832122195,1.7970000281271534,-0.0016295227149882177,2.1546770590601567,-0.21139890034421666,-0.2128289624261387,-0.20705964456619616,-0.2280709641734485,0.0,1.0,0.0,0.0,1.0,0.0,0.0,1.0,0.0,0.0,0.0,1.0,0.0,1.0,1.0,0.0,1
C000921,-1.535576272643352,-0.3628019090336723,-1.2234292989418878,-0.0016295227149882177,-0.46410667241066167,-0.21139890034421666,-0.2128289624261387,-0.20705964456619616,-0.2280709641734485,1.0,0.0,0.0,1.0,0.0,0.0,0.0,1.0,0.0,0.0,0.0,1.0,1.0,0.0,1.0,0.0,0
C000922,-0.010849020830209034,-1.146148377500933,-0.008589845308463673,-0.0016295227149882177,-0.46410667241066167,4.730393575234874,-0.2128289624261387,-0.20705964456619616,-0.2280709641734485,1.0,0.0,0.0,1.0,0.0,0.0,0.0,0.0,1.0,0.0,0.0,1.0,1.0,0.0,1.0,0.0,0
C000923,0.7515146050763625,-2.0091413170444103,-0.8844929229751777,-0.9793431517078963,-0.46410667241066167,-0.21139890034421666,-0.2128289624261387,-0.20705964456619616,-0.2280709641734485,0.0,0.0,1.0,0.0,0.0,1.0,0.0,0.0,0.0,1.0,0.0,1.0,0.0,1.0,1.0,0.0,0
C000924,0.047794335008758,0.49082085744201487,0.409433669048933,1.953797735270828,-0.46410667241066167,-0.21139890034421666,-0.2128289624261387,-0.20705964456619616,-0.2280709641734485,0.0,0.0,1.0,0.0,1.0,0.0,1.0,0.0,0.0,0.0,1.0,0.0,0.0,1.0,1.0,0.0,0
C000925,0.10643769084772503,0.7616188591011517,0.6032975980278725,-0.0016295227149882177,-0.46410667241066167,-0.21139890034421666,-0.2128289624261387,-0.20705964456619616,-0.2280709641734485,0.0,1.0,0.0,0.0,1.0,0.0,0.0,0.0,0.0,1.0,0.0,1.0,0.0,1.0,0.0,1.0,1
C000926,-0.24542244418607717,0.1616935284358845,-0.21167936710061608,1.953797735270828,-0.46410667241066167,-0.21139890034421666,4.698608632023215,-0.20705964456619616,-0.2280709641734485,0.0,1.0,0.0,1.0,0.0,0.0,0.0,0.0,0.0,1.0,0.0,1.0,0.0,1.0,1.0,0.0,1
C000927,-0.7732126467367805,-0.08497627757369289,-0.6457732689390933,-0.0016295227149882177,2.1546770590601567,-0.21139890034421666,-0.2128289624261387,-0.20705964456619616,4.384600221356971,1.0,0.0,0.0,1.0,0.0,0.0,0.0,1.0,0.0,0.0,0.0,1.0,0.0,1.0,1.0,0.0,1
C000928,-0.06949237666917607,1.2268479519169349,0.722813664924203,-0.9793431517078963,-0.46410667241066167,-0.21139890034421666,-0.2128289624261387,-0.20705964456619616,-0.2280709641734485,1.0,0.0,0.0,0.0,1.0,0.0,0.0,1.0,0.0,0.0,0.0,1.0,0.0,1.0,1.0,0.0,0
C000929,-0.5972825792198794,0.5086241862708161,-0.11948295892212203,-0.0016295227149882177,-0.46410667241066167,-0.21139890034421666,-0.2128289624261387,-0.20705964456619616,-0.2280709641734485,0.0,1.0,0.0,0.0,1.0,0.0,0.0,1.0,0.0,0.0,1.0,0.0,1.0,0.0,1.0,0.0,0
C000930,-1.476932916804385,0.8586001503527799,-1.0553003099152896,-0.9793431517078963,-0.46410667241066167,-0.21139890034421666,-0.2128289624261387,-0.20705964456619616,-0.2280709641734485,1.0,0.0,0.0,0.0,1.0,0.0,0.0,0.0,0.0,1.0,0.0,1.0,0.0,1.0,1.0,0.0,1
C000931,-1.0664294259316156,0.6412121351800473,-0.6080450583295756,0.9760841062779199,-0.46410667241066167,-0.21139890034421666,-0.2128289624261387,-0.20705964456619616,-0.2280709641734485,1.0,0.0,0.0,0.0,1.0,0.0,1.0,0.0,0.0,0.0,1.0,0.0,0.0,1.0,1.0,0.0,1
C000932,0.8688013167542965,0.1616935284358845,0.8762263454148863,1.953797735270828,-0.46410667241066167,-0.21139890034421666,4.698608632023215,-0.20705964456619616,-0.2280709641734485,0.0,1.0,0.0,0.0,1.0,0.0,0.0,0.0,1.0,0.0,0.0,1.0,0.0,1.0,1.0,0.0,0
C000933,-1.4182895609654178,-2.0091413170444103,-1.614750674100397,-0.0016295227149882177,2.1546770590601567,-0.21139890034421666,-0.2128289624261387,-0.20705964456619616,-0.2280709641734485,1.0,0.0,0.0,0.0,0.0,1.0,1.0,0.0,0.0,0.0,0.0,1.0,1.0,0.0,1.0,0.0,1
C000934,-0.010849020830209034,0.39993017868445,1.6868211539570988,-0.0016295227149882177,-0.46410667241066167,4.730393575234874,-0.2128289624261387,-0.20705964456619616,-0.2280709641734485,0.0,0.0,1.0,0.0,1.0,0.0,0.0,0.0,1.0,0.0,1.0,0.0,0.0,1.0,1.0,0.0,0
C000935,-1.8287930518381872,-1.794564353792015,-1.5542858412028324,-0.0016295227149882177,-0.46410667241066167,-0.21139890034421666,-0.2128289624261387,-0.20705964456619616,-0.2280709641734485,1.0,0.0,0.0,0.0,0.0,1.0,0.0,0.0,1.0,0.0,0.0,1.0,1.0,0.0,1.0,0.0,0
C000936,1.0447313842711976,1.3261717864355111,1.8072969801057717,-0.9793431517078963,-0.46410667241066167,-0.21139890034421666,-0.2128289624261387,-0.20705964456619616,-0.2280709641734485,0.0,1.0,0.0,0.0,1.0,0.0,0.0,0.0,0.0,1.0,1.0,0.0,1.0,0.0,1.0,0.0,1
C000937,0.16508104668669207,0.4570882343979702,0.518675103949258,-0.9793431517078963,2.1546770590601567,-0.21139890034421666,-0.2128289624261387,-0.20705964456619616,-0.2280709641734485,1.0,0.0,0.0,0.0,1.0,0.0,1.0,0.0,0.0,0.0,0.0,1.0,0.0,1.0,1.0,0.0,1
C000938,-1.594219628482319,0.9096675935722367,-0.9655665398183869,-0.0016295227149882177,-0.46410667241066167,-0.21139890034421666,-0.2128289624261387,-0.20705964456619616,-0.2280709641734485,0.0,1.0,0.0,0.0,1.0,0.0,0.0,0.0,0.0,1.0,0.0,1.0,1.0,0.0,0.0,1.0,0
C000939,1.748451654338802,0.9565184589111877,2.371285740755444,-0.0016295227149882177,-0.46410667241066167,-0.21139890034421666,-0.2128289624261387,-0.20705964456619616,-0.2280709641734485,1.0,0.0,0.0,0.0,1.0,0.0,0.0,0.0,1.0,0.0,0.0,1.0,0.0,1.0,1.0,0.0,0
C000940,0.45829782588152723,-0.9203272065671891,-0.32785487659925894,-0.0016295227149882177,2.1546770590601567,-0.21139890034421666,-0.2128289624261387,-0.20705964456619616,-0.2280709641734485,1.0,0.0,0.0,1.0,0.0,0.0,0.0,0.0,0.0,1.0,0.0,1.0,0.0,1.0,0.0,1.0,0
C000941,0.28236775836462613,1.2104501490483022,1.0063444040522072,0.9760841062779199,-0.46410667241066167,-0.21139890034421666,-0.2128289624261387,-0.20705964456619616,-0.2280709641734485,0.0,1.0,0.0,0.0,1.0,0.0,0.0,1.0,0.0,0.0,0.0,1.0,0.0,1.0,0.0,1.0,0
C000942,-0.30406580002504424,-1.2403186168322247,-0.8943137153247267,-0.0016295227149882177,-0.46410667241066167,-0.21139890034421666,-0.2128289624261387,-0.20705964456619616,-0.2280709641734485,0.0,0.0,1.0,0.0,0.0,1.0,0.0,0.0,1.0,0.0,0.0,1.0,0.0,1.0,0.0,1.0,0
C000943,-0.18677908834711016,-0.4996064358234093,-0.4551754974157993,-0.0016295227149882177,-0.46410667241066167,-0.21139890034421666,-0.2128289624261387,-0.20705964456619616,-0.2280709641734485,0.0,1.0,0.0,1.0,0.0,0.0,0.0,0.0,0.0,1.0,0.0,1.0,0.0,1.0,1.0,0.0,0
C000944,-0.36270915586401126,1.3205496825948368,-0.14788141679956815,-0.9793431517078963,-0.46410667241066167,-0.21139890034421666,-0.2128289624261387,4.829526304341278,-0.2280709641734485,1.0,0.0,0.0,0.0,1.0,0.0,0.0,0.0,1.0,0.0,1.0,0.0,0.0,1.0,0.0,1.0,1
C000945,-0.5386392233809124,0.22892452019727863,-0.2509997364698333,2.931511364263736,-0.46410667241066167,-0.21139890034421666,-0.2128289624261387,-0.20705964456619616,-0.2280709641734485,1.0,0.0,0.0,0.0,1.0,0.0,0.0,0.0,1.0,0.0,0.0,1.0,0.0,1.0,0.0,1.0,1
C000946,0.22372440252565912,1.1350202558525913,0.9707737917619087,-0.0016295227149882177,2.1546770590601567,-0.21139890034421666,-0.2128289624261387,-0.20705964456619616,4.384600221356971,1.0,0.0,0.0,0.0,1.0,0.0,0.0,0.0,1.0,0.0,0.0,1.0,0.0,1.0,0.0,1.0,1
C000947,1.0447313842711976,-0.8083536384070963,0.15726250549164802,-0.9793431517078963,-0.46410667241066167,-0.21139890034421666,-0.2128289624261387,-0.20705964456619616,-0.2280709641734485,1.0,0.0,0.0,1.0,0.0,0.0,0.0,0.0,0.0,1.0,0.0,1.0,1.0,0.0,0.0,1.0,0
C000948,1.2206614517880987,0.13709682413293495,0.9969030514070725,0.9760841062779199,2.1546770590601567,-0.21139890034421666,-0.2128289624261387,-0.20705964456619616,-0.2280709641734485,1.0,0.0,0.0,1.0,0.0,0.0,1.0,0.0,0.0,0.0,1.0,0.0,1.0,0.0,1.0,0.0,0
C000949,-1.3596462051264508,0.23126706346422604,-1.0350932856566717,-0.9793431517078963,2.1546770590601567,-0.21139890034421666,-0.2128289624261387,-0.20705964456619616,-0.2280709641734485,0.0,0.0,1.0,1.0,0.0,0.0,0.0,0.0,0.0,1.0,0.0,1.0,1.0,0.0,1.0,0.0,0
C000950,-1.594219628482319,0.3783787806285322,-1.2260184169249508,-0.0016295227149882177,-0.46410667241066167,-0.21139890034421666,-0.2128289624261387,-0.20705964456619616,-0.2280709641734485,1.0,0.0,0.0,0.0,1.0,0.0,1.0,0.0,0.0,0.0,0.0,1.0,0.0,1.0,1.0,0.0,1
C000951,1.3965915193049998,-2.0091413170444103,-0.8817996450732559,-0.0016295227149882177,-0.46410667241066167,-0.21139890034421666,-0.2128289624261387,-0.20705964456619616,-0.2280709641734485,1.0,0.0,0.0,0.0,0.0,1.0,0.0,0.0,0.0,1.0,1.0,0.0,0.0,1.0,1.0,0.0,0
C000952,-0.30406580002504424,-1.0697814669984431,-0.6144583333335992,-0.9793431517078963,-0.46410667241066167,-0.21139890034421666,-0.2128289624261387,-0.20705964456619616,-0.2280709641734485,1.0,0.0,0.0,0.0,0.0,1.0,0.0,0.0,0.0,1.0,0.0,1.0,0.0,1.0,1.0,0.0,0
C000953,-0.47999586754194534,0.38493790177598536,-0.20295969389328913,-0.9793431517078963,2.1546770590601567,-0.21139890034421666,-0.2128289624261387,-0.20705964456619616,-0.2280709641734485,1.0,0.0,0.0,1.0,0.0,0.0,0.0,1.0,0.0,0.0,1.0,0.0,1.0,0.0,1.0,0.0,0
C000954,-1.8287930518381872,1.8209169244148338,-1.233584891030626,1.953797735270828,2.1546770590601567,-0.21139890034421666,-0.2128289624261387,-0.20705964456619616,-0.2280709641734485,1.0,0.0,0.0,0.0,1.0,0.0,1.0,0.0,0.0,0.0,0.0,1.0,0.0,1.0,0.0,1.0,1
C000955,1.3379481634660328,1.0619329059238274,2.0385915199260607,-0.0016295227149882177,-0.46410667241066167,-0.21139890034421666,-0.2128289624261387,-0.20705964456619616,-0.2280709641734485,1.0,0.0,0.0,0.0,1.0,0.0,0.0,0.0,0.0,1.0,0.0,1.0,0.0,1.0,1.0,0.0,1
C000956,-1.1837161376095497,1.4835906939743866,-0.5713658869028507,0.9760841062779199,-0.46410667241066167,-0.21139890034421666,-0.2128289624261387,-0.20705964456619616,-0.2280709641734485,1.0,0.0,0.0,0.0,1.0,0.0,0.0,0.0,1.0,0.0,0.0,1.0,0.0,1.0,1.0,0.0,1
C000957,0.16508104668669207,0.4772341064937188,0.4008032757720566,-0.0016295227149882177,-0.46410667241066167,-0.21139890034421666,-0.2128289624261387,-0.20705964456619616,-0.2280709641734485,0.0,1.0,0.0,0.0,1.0,0.0,1.0,0.0,0.0,0.0,1.0,0.0,1.0,0.0,1.0,0.0,0
C000958,0.16508104668669207,0.1616935284358845,0.8022728030251001,-0.0016295227149882177,-0.46410667241066167,-0.21139890034421666,4.698608632023215,-0.20705964456619616,-0.2280709641734485,0.0,0.0,1.0,0.0,1.0,0.0,0.0,1.0,0.0,0.0,0.0,1.0,1.0,0.0,1.0,0.0,0
C000959,-0.010849020830209034,1.403007205591391,-0.7946549929594162,-0.0016295227149882177,-0.46410667241066167,4.730393575234874,-0.2128289624261387,-0.20705964456619616,-0.2280709641734485,1.0,0.0,0.0,0.0,1.0,0.0,0.0,0.0,1.0,0.0,0.0,1.0,1.0,0.0,0.0,1.0,1
C000960,0.22372440252565912,1.521539894898937,1.2082286467832783,-0.9793431517078963,2.1546770590601567,-0.21139890034421666,-0.2128289624261387,-0.20705964456619616,-0.2280709641734485,1.0,0.0,0.0,0.0,1.0,0.0,0.0,1.0,0.0,0.0,0.0,1.0,0.0,1.0,1.0,0.0,0
C000961,0.5169411817204943,0.1616935284358845,-0.9059647462485099,0.9760841062779199,-0.46410667241066167,-0.21139890034421666,4.698608632023215,-0.20705964456619616,-0.2280709641734485,0.0,1.0,0.0,0.0,1.0,0.0,0.0,0.0,1.0,0.0,0.0,1.0,1.0,0.0,1.0,0.0,0
C000962,0.16508104668669207,-1.6821222769785324,-0.9283219288321425,-0.9793431517078963,-0.46410667241066167,-0.21139890034421666,-0.2128289624261387,-0.20705964456619616,-0.2280709641734485,1.0,0.0,0.0,0.0,0.0,1.0,0.0,1.0,0.0,0.0,0.0,1.0,1.0,0.0,1.0,0.0,0
C000963,-0.010849020830209034,0.2968582749387577,0.9315055023521206,-0.9793431517078963,2.1546770590601567,4.730393575234874,-0.2128289624261387,-0.20705964456619616,-0.2280709641734485,1.0,0.0,0.0,1.0,0.0,0.0,0.0,0.0,1.0,0.0,0.0,1.0,1.0,0.0,1.0,0.0,0
C000964,-0.30406580002504424,1.4582912266913532,0.5365757300045727,-0.0016295227149882177,-0.46410667241066167,-0.21139890034421666,-0.2128289624261387,-0.20705964456619616,-0.2280709641734485,1.0,0.0,0.0,0.0,1.0,0.0,1.0,0.0,0.0,0.0,0.0,1.0,1.0,0.0,0.0,1.0,1
C000965,1.2206614517880987,-0.7821171538172839,0.3687592207345506,-0.9793431517078963,-0.46410667241066167,-0.21139890034421666,-0.2128289624261387,-0.20705964456619616,-0.2280709641734485,0.0,0.0,1.0,1.0,0.0,0.0,0.0,0.0,1.0,0.0,1.0,0.0,1.0,0.0,1.0,0.0,0
C000966,1.4552348751439668,-2.0091413170444103,-0.7999969087980346,-0.9793431517078963,-0.46410667241066167,-0.21139890034421666,-0.2128289624261387,-0.20705964456619616,-0.2280709641734485,0.0,1.0,0.0,0.0,0.0,1.0,0.0,0.0,1.0,0.0,0.0,1.0,1.0,0.0,0.0,1.0,0
C000967,0.16508104668669207,1.2268479519169349,0.931520382340529,-0.9793431517078963,-0.46410667241066167,-0.21139890034421666,-0.2128289624261387,-0.20705964456619616,-0.2280709641734485,1.0,0.0,0.0,0.0,1.0,0.0,0.0,0.0,0.0,1.0,0.0,1.0,0.0,1.0,1.0,0.0,1
C000968,1.8657383660167361,0.7798906965833426,2.315604824131182,-0.0016295227149882177,-0.46410667241066167,-0.21139890034421666,-0.2128289624261387,-0.20705964456619616,-0.2280709641734485,1.0,0.0,0.0,0.0,1.0,0.0,0.0,1.0,0.0,0.0,0.0,1.0,1.0,0.0,1.0,0.0,1
C000969,0.6342278933984283,0.692279578399504,1.0158080766799542,-0.9793431517078963,2.1546770590601567,-0.21139890034421666,-0.2128289624261387,-0.20705964456619616,-0.2280709641734485,0.0,0.0,1.0,0.0,1.0,0.0,1.0,0.0,0.0,0.0,1.0,0.0,1.0,0.0,0.0,1.0,0
C000970,-1.9460797635161213,0.3905600056166597,-1.4934118086240367,1.953797735270828,-0.46410667241066167,-0.21139890034421666,-0.2128289624261387,-0.20705964456619616,-0.2280709641734485,1.0,0.0,0.0,0.0,1.0,0.0,0.0,0.0,1.0,0.0,1.0,0.0,1.0,0.0,1.0,0.0,1
C000971,-0.8318560025757475,-1.7781665509233822,-0.14788141679956815,-0.9793431517078963,-0.46410667241066167,-0.21139890034421666,-0.2128289624261387,4.829526304341278,-0.2280709641734485,1.0,0.0,0.0,0.0,0.0,1.0,1.0,0.0,0.0,0.0,0.0,1.0,1.0,0.0,1.0,0.0,1
C000972,-1.0077860700926486,-1.5354790684676158,-1.1630314259921608,-0.9793431517078963,-0.46410667241066167,-0.21139890034421666,-0.2128289624261387,-0.20705964456619616,-0.2280709641734485,0.0,1.0,0.0,0.0,0.0,1.0,1.0,0.0,0.0,0.0,1.0,0.0,1.0,0.0,0.0,1.0,0
C000973,-0.36270915586401126,0.9523018810306819,0.19414999675609096,-0.0016295227149882177,-0.46410667241066167,-0.21139890034421666,-0.2128289624261387,-0.20705964456619616,-0.2280709641734485,0.0,0.0,1.0,0.0,1.0,0.0,0.0,0.0,1.0,0.0,0.0,1.0,1.0,0.0,0.0,1.0,0
C000974,-0.36270915586401126,-0.24239518511256822,-0.2982957796259572,-0.0016295227149882177,-0.46410667241066167,-0.21139890034421666,-0.2128289624261387,-0.20705964456619616,-0.2280709641734485,1.0,0.0,0.0,1.0,0.0,0.0,0.0,0.0,0.0,1.0,0.0,1.0,1.0,0.0,0.0,1.0,1
C000975,-0.010849020830209034,0.7794221879299529,1.1040910479070374,1.953797735270828,-0.46410667241066167,4.730393575234874,-0.2128289624261387,-0.20705964456619616,-0.2280709641734485,1.0,0.0,0.0,0.0,1.0,0.0,0.0,0.0,1.0,0.0,0.0,1.0,1.0,0.0,0.0,1.0,0
C000976,1.0447313842711976,-0.22552887359054588,0.5618419503220485,-0.9793431517078963,-0.46410667241066167,-0.21139890034421666,-0.2128289624261387,-0.20705964456619616,-0.2280709641734485,1.0,0.0,0.0,1.0,0.0,0.0,0.0,1.0,0.0,0.0,0.0,1.0,0.0,1.0,1.0,0.0,0
C000977,0.5755845375594614,-1.4844116252481594,-0.14788141679956815,-0.9793431517078963,-0.46410667241066167,-0.21139890034421666,-0.2128289624261387,4.829526304341278,-0.2280709641734485,0.0,0.0,1.0,0.0,0.0,1.0,0.0,0.0,1.0,0.0,0.0,1.0,0.0,1.0,0.0,1.0,0
C000978,0.5169411817204943,-0.6841988452588762,0.018186693832465784,-0.0016295227149882177,-0.46410667241066167,-0.21139890034421666,-0.2128289624261387,-0.20705964456619616,-0.2280709641734485,1.0,0.0,0.0,1.0,0.0,0.0,1.0,0.0,0.0,0.0,1.0,0.0,1.0,0.0,1.0,0.0,0
C000979,0.8688013167542965,0.39618210945733406,0.9297719837025412,-0.0016295227149882177,-0.46410667241066167,-0.21139890034421666,-0.2128289624261387,-0.20705964456619616,-0.2280709641734485,1.0,0.0,0.0,0.0,1.0,0.0,0.0,0.0,0.0,1.0,0.0,1.0,0.0,1.0,0.0,1.0,1
C000980,0.7515146050763625,0.5536010169962093,1.0022375272514867,-0.9793431517078963,-0.46410667241066167,-0.21139890034421666,-0.2128289624261387,-0.20705964456619616,-0.2280709641734485,0.0,1.0,0.0,0.0,1.0,0.0,0.0,0.0,1.0,0.0,0.0,1.0,0.0,1.0,1.0,0.0,0
C000981,0.8101579609153294,-1.877490385441958,-0.8562879049470408,-0.0016295227149882177,-0.46410667241066167,-0.21139890034421666,-0.2128289624261387,-0.20705964456619616,-0.2280709641734485,0.0,0.0,1.0,0.0,0.0,1.0,1.0,0.0,0.0,0.0,1.0,0.0,0.0,1.0,1.0,0.0,0
C000982,1.3965915193049998,-2.0091413170444103,-0.8430967952229875,-0.0016295227149882177,-0.46410667241066167,-0.21139890034421666,-0.2128289624261387,-0.20705964456619616,4.384600221356971,0.0,1.0,0.0,0.0,0.0,1.0,1.0,0.0,0.0,0.0,0.0,1.0,1.0,0.0,1.0,0.0,0
C000983,-0.8318560025757475,0.05651333574993928,-0.6803022820408032,-0.0016295227149882177,-0.46410667241066167,-0.21139890034421666,-0.2128289624261387,-0.20705964456619616,-0.2280709641734485,1.0,0.0,0.0,1.0,0.0,0.0,0.0,0.0,0.0,1.0,0.0,1.0,1.0,0.0,1.0,0.0,0
C000984,-0.36270915586401126,-2.0091413170444103,-1.2144343459490052,-0.0016295227149882177,-0.46410667241066167,-0.21139890034421666,-0.2128289624261387,-0.20705964456619616,-0.2280709641734485,1.0,0.0,0.0,0.0,0.0,1.0,1.0,0.0,0.0,0.0,1.0,0.0,1.0,0.0,1.0,0.0,0
C000985,-0.8904993584147146,0.48473024494795147,-0.5169274493106911,-0.9793431517078963,-0.46410667241066167,-0.21139890034421666,-0.2128289624261387,-0.20705964456619616,-0.2280709641734485,1.0,0.0,0.0,0.0,1.0,0.0,1.0,0.0,0.0,0.0,0.0,1.0,1.0,0.0,1.0,0.0,1
C000986,-1.711506340160253,0.5681247852512843,-1.1621386266876566,0.9760841062779199,-0.46410667241066167,-0.21139890034421666,-0.2128289624261387,-0.20705964456619616,-0.2280709641734485,0.0,1.0,0.0,0.0,1.0,0.0,0.0,0.0,1.0,0.0,0.0,1.0,1.0,0.0,1.0,0.0,1
C000987,-0.010849020830209034,-1.5968537020616418,-0.8626937399568604,-0.0016295227149882177,-0.46410667241066167,-0.21139890034421666,-0.2128289624261387,-0.20705964456619616,-0.2280709641734485,1.0,0.0,0.0,0.0,0.0,1.0,0.0,0.0,1.0,0.0,0.0,1.0,1.0,0.0,1.0,0.0,0
C000988,0.45829782588152723,0.9026399637713944,-0.14788141679956815,-0.9793431517078963,-0.46410667241066167,-0.21139890034421666,-0.2128289624261387,4.829526304341278,-0.2280709641734485,0.0,0.0,1.0,0.0,1.0,0.0,0.0,0.0,1.0,0.0,0.0,1.0,0.0,1.0,1.0,0.0,0
C000989,-0.18677908834711016,0.3624494864132894,0.1331197242990067,-0.0016295227149882177,-0.46410667241066167,-0.21139890034421666,-0.2128289624261387,-0.20705964456619616,4.384600221356971,0.0,0.0,1.0,0.0,1.0,0.0,0.0,0.0,1.0,0.0,0.0,1.0,1.0,0.0,1.0,0.0,0
C000990,-0.30406580002504424,2.1249790404646256,0.8152927928824568,-0.0016295227149882177,-0.46410667241066167,-0.21139890034421666,-0.2128289624261387,-0.20705964456619616,4.384600221356971,0.0,1.0,0.0,0.0,1.0,0.0,1.0,0.0,0.0,0.0,1.0,0.0,0.0,1.0,0.0,1.0,0
C000991,0.6928712492373954,1.225442425956767,-0.14788141679956815,-0.0016295227149882177,2.1546770590601567,-0.21139890034421666,-0.2128289624261387,4.829526304341278,-0.2280709641734485,1.0,0.0,0.0,0.0,1.0,0.0,0.0,0.0,0.0,1.0,0.0,1.0,1.0,0.0,1.0,0.0,1
C000992,-1.711506340160253,0.94480574257645,-1.2409504852927877,-0.0016295227149882177,2.1546770590601567,-0.21139890034421666,-0.2128289624261387,-0.20705964456619616,-0.2280709641734485,0.0,0.0,1.0,0.0,1.0,0.0,0.0,0.0,0.0,1.0,1.0,0.0,0.0,1.0,1.0,0.0,0
C000993,1.689808298499835,0.09493104532787879,1.4112437686333887,-0.0016295227149882177,-0.46410667241066167,-0.21139890034421666,-0.2128289624261387,-0.20705964456619616,-0.2280709641734485,0.0,1.0,0.0,1.0,0.0,0.0,0.0,0.0,1.0,0.0,0.0,1.0,1.0,0.0,1.0,0.0,0
C000994,-0.36270915586401126,-0.7062187519681831,-0.5568206982336321,-0.0016295227149882177,-0.46410667241066167,-0.21139890034421666,-0.2128289624261387,-0.20705964456619616,-0.2280709641734485,0.0,1.0,0.0,1.0,0.0,0.0,0.0,1.0,0.0,0.0,1.0,0.0,1.0,0.0,0.0,1.0,1
C000995,-1.77014969599922,0.7836387658104587,-1.1984234784215586,0.9760841062779199,-0.46410667241066167,-0.21139890034421666,-0.2128289624261387,-0.20705964456619616,-0.2280709641734485,1.0,0.0,0.0,0.0,1.0,0.0,0.0,0.0,0.0,1.0,0.0,1.0,1.0,0.0,0.0,1.0,1
C000996,0.5169411817204943,1.03101133480012,1.1971430554190146,-0.0016295227149882177,-0.46410667241066167,-0.21139890034421666,-0.2128289624261387,-0.20705964456619616,-0.2280709641734485,0.0,1.0,0.0,0.0,1.0,0.0,0.0,0.0,1.0,0.0,0.0,1.0,0.0,1.0,0.0,1.0,1
C000997,-0.47999586754194534,0.1616935284358845,-0.6913953133992712,-0.0016295227149882177,-0.46410667241066167,-0.21139890034421666,4.698608632023215,-0.20705964456619616,-0.2280709641734485,0.0,0.0,1.0,1.0,0.0,0.0,0.0,1.0,0.0,0.0,0.0,1.0,1.0,0.0,1.0,0.0,1
C000998,1.513878230982934,-1.7280361250107046,-0.5405196709322215,-0.9793431517078963,-0.46410667241066167,-0.21139890034421666,-0.2128289624261387,-0.20705964456619616,-0.2280709641734485,1.0,0.0,0.0,0.0,0.0,1.0,0.0,1.0,0.0,0.0,1.0,0.0,0.0,1.0,1.0,0.0,0
C000999,-0.24542244418607717,1.1153428924102315,0.3224675767959944,0.9760841062779199,-0.46410667241066167,-0.21139890034421666,-0.2128289624261387,-0.20705964456619616,-0.2280709641734485,1.0,0.0,0.0,0.0,1.0,0.0,0.0,0.0,0.0,1.0,0.0,1.0,1.0,0.0,1.0,0.0,1
C001000,-0.6559259350588464,-0.06904698335844972,-0.5287496001011711,1.953797735270828,-0.46410667241066167,-0.21139890034421666,-0.2128289624261387,-0.20705964456619616,-0.2280709641734485,1.0,0.0,0.0,1.0,0.0,0.0,1.0,0.0,0.0,0.0,0.0,1.0,1.0,0.0,0.0,1.0,1
C001001,-0.7732126467367805,0.1616935284358845,-1.003123630561208,-0.9793431517078963,-0.46410667241066167,-0.21139890034421666,4.698608632023215,-0.20705964456619616,-0.2280709641734485,0.0,0.0,1.0,1.0,0.0,0.0,1.0,0.0,0.0,0.0,0.0,1.0,1.0,0.0,1.0,0.0,0
C001002,1.689808298499835,0.45755674305135996,1.8401296745289233,0.9760841062779199,-0.46410667241066167,-0.21139890034421666,-0.2128289624261387,-0.20705964456619616,-0.2280709641734485,1.0,0.0,0.0,0.0,1.0,0.0,0.0,0.0,0.0,1.0,0.0,1.0,1.0,0.0,1.0,0.0,0
C001003,-0.5386392233809124,-0.9535913209578444,-0.7995281891631697,-0.0016295227149882177,-0.46410667241066167,-0.21139890034421666,-0.2128289624261387,-0.20705964456619616,4.384600221356971,0.0,1.0,0.0,1.0,0.0,0.0,0.0,0.0,1.0,0.0,0.0,1.0,1.0,0.0,1.0,0.0,0
C001004,0.3996544700425602,1.492492358388787,1.377614994830387,-0.9793431517078963,-0.46410667241066167,-0.21139890034421666,-0.2128289624261387,-0.20705964456619616,-0.2280709641734485,0.0,1.0,0.0,0.0,1.0,0.0,0.0,0.0,1.0,0.0,0.0,1.0,0.0,1.0,1.0,0.0,1
C001005,0.22372440252565912,0.8820255830222554,0.8333198988392427,1.953797735270828,-0.46410667241066167,-0.21139890034421666,-0.2128289624261387,-0.20705964456619616,-0.2280709641734485,0.0,1.0,0.0,0.0,1.0,0.0,0.0,0.0,0.0,1.0,0.0,1.0,0.0,1.0,0.0,1.0,0
C001006,-1.594219628482319,1.3744281777346308,-0.14788141679956815,-0.0016295227149882177,-0.46410667241066167,-0.21139890034421666,-0.2128289624261387,4.829526304341278,-0.2280709641734485,1.0,0.0,0.0,0.0,1.0,0.0,1.0,0.0,0.0,0.0,0.0,1.0,0.0,1.0,1.0,0.0,0
C001007,-0.010849020830209034,-0.5970562357284274,-1.0571231084953192,0.9760841062779199,-0.46410667241066167,4.730393575234874,-0.2128289624261387,-0.20705964456619616,-0.2280709641734485,0.0,0.0,1.0,1.0,0.0,0.0,1.0,0.0,0.0,0.0,0.0,1.0,0.0,1.0,1.0,0.0,0
C001008,-0.8318560025757475,-0.1355752121397599,-0.6241228858048601,-0.0016295227149882177,-0.46410667241066167,-0.21139890034421666,-0.2128289624261387,-0.20705964456619616,-0.2280709641734485,1.0,0.0,0.0,1.0,0.0,0.0,0.0,1.0,0.0,0.0,0.0,1.0,0.0,1.0,0.0,1.0,1
C001009,1.2206614517880987,-1.946361157490216,-0.9234264126457764,-0.9793431517078963,-0.46410667241066167,-0.21139890034421666,-0.2128289624261387,-0.20705964456619616,-0.2280709641734485,0.0,0.0,1.0,0.0,0.0,1.0,0.0,0.0,0.0,1.0,0.0,1.0,1.0,0.0,1.0,0.0,0
C001010,-0.1281357325081431,-1.2426611600991722,-0.7522916659606795,-0.9793431517078963,-0.46410667241066167,-0.21139890034421666,-0.2128289624261387,-0.20705964456619616,-0.2280709641734485,1.0,0.0,0.0,0.0,0.0,1.0,0.0,0.0,0.0,1.0,0.0,1.0,1.0,0.0,1.0,0.0,0
C001011,1.2793048076270657,1.0099284453975919,2.1224328146132336,2.931511364263736,2.1546770590601567,-0.21139890034421666,-0.2128289624261387,-0.20705964456619616,-0.2280709641734485,0.0,1.0,0.0,0.0,1.0,0.0,1.0,0.0,0.0,0.0,0.0,1.0,1.0,0.0,1.0,0.0,1
C001012,0.28236775836462613,-1.7097642875285135,-0.8751929302199228,-0.0016295227149882177,-0.46410667241066167,-0.21139890034421666,-0.2128289624261387,-0.20705964456619616,-0.2280709641734485,1.0,0.0,0.0,0.0,0.0,1.0,0.0,1.0,0.0,0.0,0.0,1.0,0.0,1.0,1.0,0.0,0
C001013,-0.42135251170297827,0.637932574606321,-0.08916498253999139,-0.0016295227149882177,-0.46410667241066167,-0.21139890034421666,-0.2128289624261387,-0.20705964456619616,-0.2280709641734485,1.0,0.0,0.0,0.0,1.0,0.0,0.0,0.0,1.0,0.0,0.0,1.0,1.0,0.0,1.0,0.0,0
C001014,-1.594219628482319,0.4926948920555732,-1.1046572314659777,-0.9793431517078963,-0.46410667241066167,-0.21139890034421666,-0.2128289624261387,-0.20705964456619616,-0.2280709641734485,0.0,0.0,1.0,0.0,1.0,0.0,0.0,0.0,0.0,1.0,1.0,0.0,1.0,0.0,1.0,0.0,0
C001015,1.3965915193049998,1.0731771136051762,2.193752599054731,-0.0016295227149882177,-0.46410667241066167,-0.21139890034421666,-0.2128289624261387,-0.20705964456619616,4.384600221356971,1.0,0.0,0.0,0.0,1.0,0.0,0.0,0.0,1.0,0.0,0.0,1.0,0.0,1.0,1.0,0.0,1
C001016,-1.711506340160253,1.2343440903711675,-1.1778667744353433,0.9760841062779199,-0.46410667241066167,-0.21139890034421666,-0.2128289624261387,-0.20705964456619616,-0.2280709641734485,1.0,0.0,0.0,0.0,1.0,0.0,0.0,1.0,0.0,0.0,0.0,1.0,1.0,0.0,1.0,0.0,1
C001017,0.22372440252565912,-2.0091413170444103,-1.0817941292764592,1.953797735270828,-0.46410667241066167,-0.21139890034421666,-0.2128289624261387,-0.20705964456619616,-0.2280709641734485,0.0,1.0,0.0,0.0,0.0,1.0,0.0,1.0,0.0,0.0,1.0,0.0,1.0,0.0,1.0,0.0,0
C001018,-0.47999586754194534,1.3200811739414477,0.34954171570509207,3.909224993256644,2.1546770590601567,-0.21139890034421666,-0.2128289624261387,-0.20705964456619616,-0.2280709641734485,1.0,0.0,0.0,0.0,1.0,0.0,0.0,0.0,1.0,0.0,0.0,1.0,1.0,0.0,1.0,0.0,1
C001019,-0.1281357325081431,0.4659898988123708,0.14281403674708446,0.9760841062779199,-0.46410667241066167,-0.21139890034421666,-0.2128289624261387,-0.20705964456619616,-0.2280709641734485,0.0,1.0,0.0,0.0,1.0,0.0,0.0,0.0,1.0,0.0,0.0,1.0,0.0,1.0,1.0,0.0,0
C001020,-0.06949237666917607,-0.0760746131592923,-0.056049568337080274,-0.9793431517078963,-0.46410667241066167,-0.21139890034421666,-0.2128289624261387,-0.20705964456619616,-0.2280709641734485,0.0,0.0,1.0,1.0,0.0,0.0,1.0,0.0,0.0,0.0,0.0,1.0,1.0,0.0,0.0,1.0,1
C001021,0.5755845375594614,-1.3902413859168679,-0.5288909599910508,1.953797735270828,-0.46410667241066167,-0.21139890034421666,-0.2128289624261387,-0.20705964456619616,-0.2280709641734485,1.0,0.0,0.0,0.0,0.0,1.0,1.0,0.0,0.0,0.0,0.0,1.0,0.0,1.0,0.0,1.0,0
C001022,1.1033747401101646,1.1710954221635832,1.7810189205765232,1.953797735270828,-0.46410667241066167,-0.21139890034421666,-0.2128289624261387,-0.20705964456619616,-0.2280709641734485,0.0,0.0,1.0,0.0,1.0,0.0,1.0,0.0,0.0,0.0,0.0,1.0,0.0,1.0,0.0,1.0,0
C001023,0.9274446725932636,-2.0091413170444103,-0.995609236414962,0.9760841062779199,-0.46410667241066167,-0.21139890034421666,-0.2128289624261387,-0.20705964456619616,-0.2280709641734485,1.0,0.0,0.0,0.0,0.0,1.0,1.0,0.0,0.0,0.0,0.0,1.0,1.0,0.0,1.0,0.0,0
C001024,1.1620180959491317,0.28748810187096735,1.1689082774140611,-0.9793431517078963,-0.46410667241066167,-0.21139890034421666,-0.2128289624261387,-0.20705964456619616,-0.2280709641734485,1.0,0.0,0.0,1.0,0.0,0.0,0.0,0.0,1.0,0.0,1.0,0.0,1.0,0.0,0.0,1.0,0
C001025,1.513878230982934,-0.2794073687303395,1.0015158478136788,-0.9793431517078963,2.1546770590601567,-0.21139890034421666,-0.2128289624261387,-0.20705964456619616,-0.2280709641734485,1.0,0.0,0.0,1.0,0.0,0.0,0.0,0.0,1.0,0.0,0.0,1.0,1.0,0.0,1.0,0.0,0
C001026,1.689808298499835,-0.010483401684760968,-0.14788141679956815,-0.9793431517078963,-0.46410667241066167,-0.21139890034421666,-0.2128289624261387,4.829526304341278,-0.2280709641734485,1.0,0.0,0.0,1.0,0.0,0.0,0.0,0.0,1.0,0.0,0.0,1.0,0.0,1.0,0.0,1.0,0
C001027,-1.1837161376095497,0.1616935284358845,-0.8743075709096225,-0.9793431517078963,2.1546770590601567,-0.21139890034421666,4.698608632023215,-0.20705964456619616,-0.2280709641734485,0.0,1.0,0.0,1.0,0.0,0.0,0.0,0.0,1.0,0.0,0.0,1.0,1.0,0.0,1.0,0.0,0
C001028,1.3379481634660328,-0.23255650339138847,0.8554687615851575,-0.0016295227149882177,-0.46410667241066167,-0.21139890034421666,-0.2128289624261387,-0.20705964456619616,-0.2280709641734485,1.0,0.0,0.0,1.0,0.0,0.0,0.0,1.0,0.0,0.0,0.0,1.0,1.0,0.0,0.0,1.0,0
C001029,0.22372440252565912,0.8543835724722749,0.787191934773179,-0.0016295227149882177,-0.46410667241066167,-0.21139890034421666,-0.2128289624261387,-0.20705964456619616,-0.2280709641734485,0.0,0.0,1.0,0.0,1.0,0.0,0.0,0.0,1.0,0.0,0.0,1.0,1.0,0.0,0.0,1.0,0
C001030,-0.5972825792198794,-0.3820107638226424,-0.5130735323129135,-0.0016295227149882177,-0.46410667241066167,-0.21139890034421666,-0.2128289624261387,-0.20705964456619616,-0.2280709641734485,0.0,1.0,0.0,1.0,0.0,0.0,0.0,0.0,0.0,1.0,0.0,1.0,0.0,1.0,0.0,1.0,0
C001031,0.3996544700425602,0.48894682282845653,0.7154778306388578,-0.0016295227149882177,2.1546770590601567,-0.21139890034421666,-0.2128289624261387,-0.20705964456619616,-0.2280709641734485,1.0,0.0,0.0,0.0,1.0,0.0,0.0,0.0,1.0,0.0,0.0,1.0,1.0,0.0,1.0,0.0,0
C001032,-0.8904993584147146,0.9785383656204947,-0.2946427424716931,1.953797735270828,-0.46410667241066167,-0.21139890034421666,-0.2128289624261387,-0.20705964456619616,-0.2280709641734485,0.0,1.0,0.0,0.0,1.0,0.0,0.0,0.0,1.0,0.0,0.0,1.0,1.0,0.0,0.0,1.0,1
C001033,-1.4182895609654178,-1.4342811993354818,-1.3609427118181874,-0.9793431517078963,-0.46410667241066167,-0.21139890034421666,-0.2128289624261387,-0.20705964456619616,-0.2280709641734485,1.0,0.0,0.0,0.0,0.0,1.0,0.0,0.0,0.0,1.0,0.0,1.0,1.0,0.0,1.0,0.0,0
C001034,-0.010849020830209034,-0.16602827461007796,-0.24464598141944324,-0.9793431517078963,2.1546770590601567,4.730393575234874,-0.2128289624261387,-0.20705964456619616,-0.2280709641734485,1.0,0.0,0.0,1.0,0.0,0.0,0.0,0.0,1.0,0.0,0.0,1.0,0.0,1.0,1.0,0.0,0
C001035,-0.18677908834711016,-0.5192837992657688,-0.4598254937934267,-0.9793431517078963,2.1546770590601567,-0.21139890034421666,-0.2128289624261387,-0.20705964456619616,-0.2280709641734485,0.0,0.0,1.0,1.0,0.0,0.0,0.0,0.0,1.0,0.0,1.0,0.0,0.0,1.0,1.0,0.0,1
C001036,-1.4182895609654178,1.3303883643160168,-0.8013063477779745,0.9760841062779199,-0.46410667241066167,-0.21139890034421666,-0.2128289624261387,-0.20705964456619616,-0.2280709641734485,0.0,0.0,1.0,0.0,1.0,0.0,0.0,0.0,1.0,0.0,0.0,1.0,1.0,0.0,1.0,0.0,0
C001037,-0.010849020830209034,-0.5417722146284651,-1.0022308312567034,-0.9793431517078963,-0.46410667241066167,4.730393575234874,-0.2128289624261387,-0.20705964456619616,-0.2280709641734485,1.0,0.0,0.0,1.0,0.0,0.0,0.0,0.0,0.0,1.0,0.0,1.0,0.0,1.0,0.0,1.0,1
C001038,-0.6559259350588464,0.804253146559597,-0.10911160700146184,1.953797735270828,2.1546770590601567,-0.21139890034421666,-0.2128289624261387,-0.20705964456619616,-0.2280709641734485,1.0,0.0,0.0,0.0,1.0,0.0,0.0,1.0,0.0,0.0,0.0,1.0,0.0,1.0,1.0,0.0,1
C001039,0.5755845375594614,-0.2817499119972872,0.2574717874280696,-0.9793431517078963,-0.46410667241066167,-0.21139890034421666,-0.2128289624261387,-0.20705964456619616,-0.2280709641734485,0.0,1.0,0.0,0.0,1.0,0.0,0.0,0.0,1.0,0.0,1.0,0.0,0.0,1.0,1.0,0.0,0
C001040,1.748451654338802,-1.7078902529149556,-0.4450422253096736,-0.9793431517078963,2.1546770590601567,-0.21139890034421666,-0.2128289624261387,-0.20705964456619616,-0.2280709641734485,1.0,0.0,0.0,0.0,0.0,1.0,1.0,0.0,0.0,0.0,0.0,1.0,1.0,0.0,1.0,0.0,0
C001041,-1.711506340160253,-0.4457279406836157,-1.344686324482002,0.9760841062779199,-0.46410667241066167,-0.21139890034421666,-0.2128289624261387,-0.20705964456619616,-0.2280709641734485,0.0,0.0,1.0,1.0,0.0,0.0,1.0,0.0,0.0,0.0,1.0,0.0,1.0,0.0,1.0,0.0,0
C001042,-1.1250727817705828,0.4388163969157793,-0.5425879893209902,0.9760841062779199,-0.46410667241066167,-0.21139890034421666,-0.2128289624261387,-0.20705964456619616,-0.2280709641734485,0.0,1.0,0.0,0.0,1.0,0.0,0.0,1.0,0.0,0.0,0.0,1.0,0.0,1.0,1.0,0.0,1
C001043,0.8101579609153294,-0.8547359950926579,0.029383885109792698,-0.0016295227149882177,2.1546770590601567,-0.21139890034421666,-0.2128289624261387,-0.20705964456619616,4.384600221356971,0.0,1.0,0.0,1.0,0.0,0.0,0.0,0.0,1.0,0.0,1.0,0.0,0.0,1.0,1.0,0.0,0
C001044,1.572521586821901,1.0830157953263555,2.359143670214183,-0.9793431517078963,-0.46410667241066167,-0.21139890034421666,-0.2128289624261387,-0.20705964456619616,-0.2280709641734485,0.0,1.0,0.0,0.0,1.0,0.0,0.0,1.0,0.0,0.0,0.0,1.0,0.0,1.0,0.0,1.0,0
C001045,0.3996544700425602,-0.1107442535101158,0.21992957667365698,-0.9793431517078963,2.1546770590601567,-0.21139890034421666,-0.2128289624261387,-0.20705964456619616,-0.2280709641734485,0.0,0.0,1.0,1.0,0.0,0.0,1.0,0.0,0.0,0.0,0.0,1.0,0.0,1.0,1.0,0.0,0
C001046,-1.652862984321286,0.5325181275936813,-1.1908495643216792,-0.0016295227149882177,-0.46410667241066167,-0.21139890034421666,-0.2128289624261387,-0.20705964456619616,-0.2280709641734485,1.0,0.0,0.0,0.0,1.0,0.0,1.0,0.0,0.0,0.0,1.0,0.0,0.0,1.0,0.0,1.0,1
C001047,0.6928712492373954,-2.0091413170444103,-1.1118145058904219,-0.0016295227149882177,-0.46410667241066167,-0.21139890034421666,-0.2128289624261387,-0.20705964456619616,-0.2280709641734485,0.0,1.0,0.0,0.0,0.0,1.0,1.0,0.0,0.0,0.0,0.0,1.0,1.0,0.0,1.0,0.0,0
C001048,0.5755845375594614,-2.0091413170444103,-1.113533144551593,-0.0016295227149882177,-0.46410667241066167,-0.21139890034421666,-0.2128289624261387,-0.20705964456619616,-0.2280709641734485,1.0,0.0,0.0,0.0,0.0,1.0,0.0,0.0,1.0,0.0,0.0,1.0,0.0,1.0,1.0,0.0,0
C001049,-1.652862984321286,-0.23958413319223107,-1.273039180295519,-0.0016295227149882177,2.1546770590601567,-0.21139890034421666,-0.2128289624261387,-0.20705964456619616,-0.2280709641734485,0.0,0.0,1.0,1.0,0.0,0.0,0.0,1.0,0.0,0.0,0.0,1.0,1.0,0.0,0.0,1.0,1
C001050,-0.30406580002504424,0.5971723217614334,0.20501982828843252,-0.9793431517078963,2.1546770590601567,-0.21139890034421666,-0.2128289624261387,-0.20705964456619616,-0.2280709641734485,0.0,0.0,1.0,0.0,1.0,0.0,1.0,0.0,0.0,0.0,0.0,1.0,1.0,0.0,0.0,1.0,0
C001051,-1.1250727817705828,1.5051420920303042,-0.45401485831994354,-0.9793431517078963,-0.46410667241066167,-0.21139890034421666,-0.2128289624261387,-0.20705964456619616,-0.2280709641734485,1.0,0.0,0.0,0.0,1.0,0.0,0.0,0.0,0.0,1.0,0.0,1.0,0.0,1.0,1.0,0.0,1
C001052,-1.3010028492874839,1.0347594040272359,-0.6862691573925747,-0.9793431517078963,2.1546770590601567,-0.21139890034421666,-0.2128289624261387,-0.20705964456619616,-0.2280709641734485,1.0,0.0,0.0,0.0,1.0,0.0,0.0,0.0,0.0,1.0,0.0,1.0,0.0,1.0,1.0,0.0,1
C001053,0.28236775836462613,0.5451678612351979,0.49564832188724717,-0.0016295227149882177,-0.46410667241066167,-0.21139890034421666,-0.2128289624261387,-0.20705964456619616,-0.2280709641734485,0.0,0.0,1.0,0.0,1.0,0.0,0.0,1.0,0.0,0.0,0.0,1.0,1.0,0.0,1.0,0.0,0
C001054,0.8101579609153294,1.3772392296549678,1.6929368291929543,-0.0016295227149882177,-0.46410667241066167,-0.21139890034421666,-0.2128289624261387,-0.20705964456619616,-0.2280709641734485,0.0,1.0,0.0,0.0,1.0,0.0,0.0,0.0,0.0,1.0,1.0,0.0,1.0,0.0,1.0,0.0,0
C001055,-1.476932916804385,0.1722349731371482,-1.1318652902707511,-0.9793431517078963,-0.46410667241066167,-0.21139890034421666,-0.2128289624261387,-0.20705964456619616,-0.2280709641734485,1.0,0.0,0.0,1.0,0.0,0.0,0.0,0.0,0.0,1.0,1.0,0.0,0.0,1.0,1.0,0.0,1
C001056,1.2206614517880987,0.7025867687740732,1.585830672629236,-0.9793431517078963,2.1546770590601567,-0.21139890034421666,-0.2128289624261387,-0.20705964456619616,-0.2280709641734485,1.0,0.0,0.0,0.0,1.0,0.0,0.0,0.0,0.0,1.0,1.0,0.0,0.0,1.0,1.0,0.0,0
C001057,-0.1281357325081431,0.1616935284358845,0.8988885677608909,0.9760841062779199,-0.46410667241066167,-0.21139890034421666,4.698608632023215,-0.20705964456619616,-0.2280709641734485,0.0,1.0,0.0,0.0,1.0,0.0,0.0,0.0,1.0,0.0,0.0,1.0,1.0,0.0,0.0,1.0,1
C001058,-0.010849020830209034,-1.6760316644844688,-1.1518044747380176,-0.0016295227149882177,-0.46410667241066167,4.730393575234874,-0.2128289624261387,-0.20705964456619616,-0.2280709641734485,0.0,1.0,0.0,0.0,0.0,1.0,0.0,1.0,0.0,0.0,0.0,1.0,0.0,1.0,0.0,1.0,1
C001059,-0.010849020830209034,1.9328904925749268,1.1732011540698866,1.953797735270828,-0.46410667241066167,4.730393575234874,-0.2128289624261387,-0.20705964456619616,-0.2280709641734485,1.0,0.0,0.0,0.0,1.0,0.0,1.0,0.0,0.0,0.0,0.0,1.0,0.0,1.0,1.0,0.0,1
C001060,1.0447313842711976,-1.8137732085809848,-0.7449558316753346,0.9760841062779199,-0.46410667241066167,-0.21139890034421666,-0.2128289624261387,-0.20705964456619616,-0.2280709641734485,1.0,0.0,0.0,0.0,1.0,0.0,1.0,0.0,0.0,0.0,0.0,1.0,1.0,0.0,1.0,0.0,0
C001061,-0.30406580002504424,0.7330398312443916,0.07496128960474524,1.953797735270828,-0.46410667241066167,-0.21139890034421666,-0.2128289624261387,-0.20705964456619616,-0.2280709641734485,0.0,0.0,1.0,0.0,1.0,0.0,0.0,1.0,0.0,0.0,0.0,1.0,0.0,1.0,1.0,0.0,0
C001062,-0.6559259350588464,0.08930894148720478,-0.4749361220221647,0.9760841062779199,-0.46410667241066167,-0.21139890034421666,-0.2128289624261387,-0.20705964456619616,-0.2280709641734485,0.0,0.0,1.0,0.0,1.0,0.0,0.0,0.0,1.0,0.0,1.0,0.0,1.0,0.0,1.0,0.0,0
C001063,0.22372440252565912,-0.601272813608933,-0.2711472407748174,-0.9793431517078963,-0.46410667241066167,-0.21139890034421666,-0.2128289624261387,-0.20705964456619616,-0.2280709641734485,0.0,1.0,0.0,1.0,0.0,0.0,0.0,0.0,0.0,1.0,0.0,1.0,1.0,0.0,0.0,1.0,0
C001064,0.10643769084772503,-0.7048132260080144,-0.3975825022810573,-0.0016295227149882177,-0.46410667241066167,-0.21139890034421666,-0.2128289624261387,-0.20705964456619616,-0.2280709641734485,0.0,0.0,1.0,1.0,0.0,0.0,0.0,1.0,0.0,0.0,0.0,1.0,1.0,0.0,1.0,0.0,0
C001065,1.1620180959491317,-1.819395312421659,-0.6412051124977121,-0.0016295227149882177,2.1546770590601567,-0.21139890034421666,-0.2128289624261387,-0.20705964456619616,-0.2280709641734485,0.0,1.0,0.0,0.0,0.0,1.0,0.0,0.0,1.0,0.0,1.0,0.0,1.0,0.0,0.0,1.0,0
C001066,-0.1281357325081431,0.6913425610927252,0.3912800831906756,0.9760841062779199,-0.46410667241066167,-0.21139890034421666,-0.2128289624261387,-0.20705964456619616,-0.2280709641734485,0.0,0.0,1.0,0.0,1.0,0.0,0.0,0.0,1.0,0.0,0.0,1.0,0.0,1.0,0.0,1.0,0
C001067,-0.9491427142536816,-0.0854447862270823,-0.7050105027929642,-0.0016295227149882177,2.1546770590601567,-0.21139890034421666,-0.2128289624261387,-0.20705964456619616,4.384600221356971,1.0,0.0,0.0,1.0,0.0,0.0,1.0,0.0,0.0,0.0,1.0,0.0,0.0,1.0,0.0,1.0,0
C001068,-0.1281357325081431,1.041318525174689,0.5222314211788676,0.9760841062779199,-0.46410667241066167,-0.21139890034421666,-0.2128289624261387,-0.20705964456619616,-0.2280709641734485,1.0,0.0,0.0,0.0,1.0,0.0,0.0,0.0,1.0,0.0,1.0,0.0,1.0,0.0,1.0,0.0,0
C001069,-1.535576272643352,0.7246066754833801,-1.1028790728511728,-0.0016295227149882177,-0.46410667241066167,-0.21139890034421666,-0.2128289624261387,-0.20705964456619616,4.384600221356971,1.0,0.0,0.0,0.0,1.0,0.0,1.0,0.0,0.0,0.0,0.0,1.0,0.0,1.0,0.0,1.0,0
C001070,-1.77014969599922,0.8960808426239413,-1.3717976633621207,-0.0016295227149882177,-0.46410667241066167,-0.21139890034421666,-0.2128289624261387,-0.20705964456619616,-0.2280709641734485,0.0,1.0,0.0,0.0,1.0,0.0,0.0,0.0,1.0,0.0,0.0,1.0,0.0,1.0,0.0,1.0,0
C001071,0.7515146050763625,0.23735767595829013,0.7211471062224615,0.9760841062779199,-0.46410667241066167,-0.21139890034421666,-0.2128289624261387,-0.20705964456619616,-0.2280709641734485,1.0,0.0,0.0,0.0,1.0,0.0,0.0,0.0,1.0,0.0,1.0,0.0,0.0,1.0,1.0,0.0,1
C001072,-0.47999586754194534,0.00404036657031395,-0.4637314907506337,-0.0016295227149882177,-0.46410667241066167,-0.21139890034421666,-0.2128289624261387,-0.20705964456619616,-0.2280709641734485,0.0,0.0,1.0,0.0,1.0,0.0,0.0,1.0,0.0,0.0,0.0,1.0,1.0,0.0,1.0,0.0,1
C001073,0.9860880284322305,1.2207573394228715,1.9327129624060355,0.9760841062779199,-0.46410667241066167,-0.21139890034421666,-0.2128289624261387,-0.20705964456619616,-0.2280709641734485,1.0,0.0,0.0,0.0,1.0,0.0,0.0,1.0,0.0,0.0,0.0,1.0,1.0,0.0,0.0,1.0,1
C001074,-0.010849020830209034,-0.10090557178893639,-0.027971030210414808,-0.9793431517078963,-0.46410667241066167,4.730393575234874,-0.2128289624261387,-0.20705964456619616,-0.2280709641734485,0.0,0.0,1.0,1.0,0.0,0.0,0.0,1.0,0.0,0.0,0.0,1.0,1.0,0.0,1.0,0.0,0
C001075,-0.010849020830209034,0.7335083398977814,-0.2861165091136754,-0.9793431517078963,-0.46410667241066167,4.730393575234874,-0.2128289624261387,-0.20705964456619616,-0.2280709641734485,1.0,0.0,0.0,0.0,1.0,0.0,0.0,1.0,0.0,0.0,0.0,1.0,0.0,1.0,0.0,1.0,0
C001076,1.4552348751439668,0.0035718579169245327,1.2722349169220442,0.9760841062779199,-0.46410667241066167,-0.21139890034421666,-0.2128289624261387,-0.20705964456619616,-0.2280709641734485,1.0,0.0,0.0,0.0,1.0,0.0,1.0,0.0,0.0,0.0,0.0,1.0,0.0,1.0,1.0,0.0,0
C001077,0.28236775836462613,0.1616935284358845,0.5821233745227085,-0.9793431517078963,2.1546770590601567,-0.21139890034421666,4.698608632023215,-0.20705964456619616,-0.2280709641734485,1.0,0.0,0.0,0.0,1.0,0.0,0.0,0.0,1.0,0.0,0.0,1.0,1.0,0.0,1.0,0.0,1
C001078,-0.8318560025757475,-1.8704627556411155,-1.300381158995968,-0.0016295227149882177,-0.46410667241066167,-0.21139890034421666,-0.2128289624261387,-0.20705964456619616,-0.2280709641734485,1.0,0.0,0.0,0.0,0.0,1.0,0.0,0.0,1.0,0.0,0.0,1.0,0.0,1.0,0.0,1.0,0
C001079,-0.010849020830209034,0.9209118012535854,2.286387966891273,1.953797735270828,-0.46410667241066167,4.730393575234874,-0.2128289624261387,-0.20705964456619616,-0.2280709641734485,1.0,0.0,0.0,0.0,1.0,0.0,0.0,0.0,0.0,1.0,0.0,1.0,0.0,1.0,0.0,1.0,1
C001080,1.3965915193049998,0.25469249613370154,1.4224037599396944,-0.9793431517078963,2.1546770590601567,-0.21139890034421666,-0.2128289624261387,-0.20705964456619616,-0.2280709641734485,1.0,0.0,0.0,0.0,1.0,0.0,1.0,0.0,0.0,0.0,0.0,1.0,0.0,1.0,1.0,0.0,0
C001081,-0.47999586754194534,-0.1088702188965578,-0.480754197489852,-0.0016295227149882177,2.1546770590601567,-0.21139890034421666,-0.2128289624261387,-0.20705964456619616,-0.2280709641734485,0.0,0.0,1.0,0.0,1.0,0.0,0.0,0.0,1.0,0.0,0.0,1.0,1.0,0.0,1.0,0.0,0
C001082,0.3996544700425602,-0.3988770753446647,0.008760221175739465,-0.9793431517078963,2.1546770590601567,-0.21139890034421666,-0.2128289624261387,-0.20705964456619616,-0.2280709641734485,1.0,0.0,0.0,1.0,0.0,0.0,0.0,1.0,0.0,0.0,0.0,1.0,0.0,1.0,1.0,0.0,0
C001083,1.2206614517880987,0.6037314429088866,1.5020265779130837,1.953797735270828,-0.46410667241066167,-0.21139890034421666,-0.2128289624261387,-0.20705964456619616,-0.2280709641734485,1.0,0.0,0.0,0.0,1.0,0.0,1.0,0.0,0.0,0.0,0.0,1.0,0.0,1.0,1.0,0.0,1
C001084,-0.8318560025757475,0.34230361431754014,-0.39613914340544193,-0.0016295227149882177,-0.46410667241066167,-0.21139890034421666,-0.2128289624261387,-0.20705964456619616,4.384600221356971,1.0,0.0,0.0,1.0,0.0,0.0,1.0,0.0,0.0,0.0,0.0,1.0,1.0,0.0,1.0,0.0,0
C001085,0.9860880284322305,-0.1524415236617822,0.5509349188186858,-0.0016295227149882177,2.1546770590601567,-0.21139890034421666,-0.2128289624261387,-0.20705964456619616,4.384600221356971,1.0,0.0,0.0,1.0,0.0,0.0,0.0,0.0,1.0,0.0,1.0,0.0,1.0,0.0,1.0,0.0,1
C001086,-0.7145692908978135,0.6009203909885494,-0.35654349425066906,-0.0016295227149882177,-0.46410667241066167,-0.21139890034421666,-0.2128289624261387,-0.20705964456619616,-0.2280709641734485,0.0,1.0,0.0,0.0,1.0,0.0,0.0,0.0,0.0,1.0,0.0,1.0,0.0,1.0,1.0,0.0,0
C001087,0.45829782588152723,-2.0091413170444103,-1.1093593078030344,-0.9793431517078963,-0.46410667241066167,-0.21139890034421666,-0.2128289624261387,-0.20705964456619616,-0.2280709641734485,1.0,0.0,0.0,0.0,0.0,1.0,0.0,0.0,1.0,0.0,0.0,1.0,0.0,1.0,1.0,0.0,0
C001088,0.3410111142035932,-1.466608296419358,-0.6159835321454612,-0.0016295227149882177,-0.46410667241066167,-0.21139890034421666,-0.2128289624261387,-0.20705964456619616,-0.2280709641734485,1.0,0.0,0.0,0.0,0.0,1.0,0.0,0.0,1.0,0.0,0.0,1.0,0.0,1.0,1.0,0.0,1
C001089,-0.8904993584147146,1.2441827720923468,-0.2960117014052665,-0.0016295227149882177,-0.46410667241066167,-0.21139890034421666,-0.2128289624261387,-0.20705964456619616,-0.2280709641734485,1.0,0.0,0.0,0.0,1.0,0.0,0.0,1.0,0.0,0.0,0.0,1.0,1.0,0.0,1.0,0.0,1
C001090,1.1620180959491317,0.5278330410597865,1.3746315571545011,-0.9793431517078963,-0.46410667241066167,-0.21139890034421666,-0.2128289624261387,-0.20705964456619616,-0.2280709641734485,0.0,1.0,0.0,0.0,1.0,0.0,1.0,0.0,0.0,0.0,1.0,0.0,0.0,1.0,1.0,0.0,0
C001091,-0.010849020830209034,-0.8195978460884445,-0.5622072540374756,-0.9793431517078963,2.1546770590601567,-0.21139890034421666,-0.2128289624261387,-0.20705964456619616,-0.2280709641734485,0.0,0.0,1.0,1.0,0.0,0.0,0.0,1.0,0.0,0.0,1.0,0.0,1.0,0.0,1.0,0.0,0
C001092,-0.010849020830209034,1.0609958886170487,-0.14788141679956815,-0.0016295227149882177,-0.46410667241066167,4.730393575234874,-0.2128289624261387,4.829526304341278,-0.2280709641734485,1.0,0.0,0.0,0.0,1.0,0.0,0.0,1.0,0.0,0.0,0.0,1.0,1.0,0.0,1.0,0.0,1
C001093,-0.7732126467367805,-2.0091413170444103,-1.3725119028057242,-0.9793431517078963,2.1546770590601567,-0.21139890034421666,-0.2128289624261387,-0.20705964456619616,-0.2280709641734485,1.0,0.0,0.0,0.0,0.0,1.0,1.0,0.0,0.0,0.0,0.0,1.0,1.0,0.0,1.0,0.0,0
C001094,-0.24542244418607717,-2.0091413170444103,-1.213801946441648,-0.0016295227149882177,-0.46410667241066167,-0.21139890034421666,-0.2128289624261387,-0.20705964456619616,-0.2280709641734485,1.0,0.0,0.0,0.0,0.0,1.0,1.0,0.0,0.0,0.0,0.0,1.0,0.0,1.0,1.0,0.0,1
C001095,0.6928712492373954,-0.06295637086438596,0.5204011826046333,-0.0016295227149882177,2.1546770590601567,-0.21139890034421666,-0.2128289624261387,-0.20705964456619616,4.384600221356971,1.0,0.0,0.0,1.0,0.0,0.0,0.0,1.0,0.0,0.0,0.0,1.0,0.0,1.0,0.0,1.0,0
C001096,1.572521586821901,0.1616935284358845,0.5014515173665263,-0.0016295227149882177,-0.46410667241066167,-0.21139890034421666,4.698608632023215,-0.20705964456619616,-0.2280709641734485,1.0,0.0,0.0,1.0,0.0,0.0,1.0,0.0,0.0,0.0,1.0,0.0,1.0,0.0,0.0,1.0,0
C001097,0.45829782588152723,1.0263262482662252,1.1766309913980246,-0.0016295227149882177,-0.46410667241066167,-0.21139890034421666,-0.2128289624261387,-0.20705964456619616,-0.2280709641734485,0.0,0.0,1.0,0.0,1.0,0.0,1.0,0.0,0.0,0.0,0.0,1.0,0.0,1.0,1.0,0.0,0
C001098,0.6928712492373954,0.26172012593454447,0.8690467510078296,-0.9793431517078963,-0.46410667241066167,-0.21139890034421666,-0.2128289624261387,-0.20705964456619616,-0.2280709641734485,1.0,0.0,0.0,1.0,0.0,0.0,1.0,0.0,0.0,0.0,0.0,1.0,1.0,0.0,1.0,0.0,1
C001099,-1.77014969599922,1.4953034103091243,-0.14788141679956815,-0.9793431517078963,-0.46410667241066167,-0.21139890034421666,-0.2128289624261387,4.829526304341278,-0.2280709641734485,0.0,0.0,1.0,0.0,1.0,0.0,0.0,0.0,1.0,0.0,1.0,0.0,1.0,0.0,0.0,1.0,0
C001100,1.1033747401101646,0.8094067417468815,1.647716544419803,0.9760841062779199,-0.46410667241066167,-0.21139890034421666,-0.2128289624261387,-0.20705964456619616,-0.2280709641734485,1.0,0.0,0.0,0.0,1.0,0.0,0.0,0.0,0.0,1.0,1.0,0.0,0.0,1.0,0.0,1.0,1
C001101,-0.42135251170297827,-2.0091413170444103,-1.2724142207823659,-0.9793431517078963,-0.46410667241066167,-0.21139890034421666,-0.2128289624261387,-0.20705964456619616,-0.2280709641734485,1.0,0.0,0.0,0.0,0.0,1.0,1.0,0.0,0.0,0.0,0.0,1.0,0.0,1.0,1.0,0.0,0
C001102,0.8688013167542965,0.15208910104139894,0.778576421484711,-0.9793431517078963,-0.46410667241066167,-0.21139890034421666,-0.2128289624261387,-0.20705964456619616,-0.2280709641734485,0.0,1.0,0.0,0.0,1.0,0.0,0.0,0.0,1.0,0.0,0.0,1.0,1.0,0.0,0.0,1.0,0
C001103,-0.36270915586401126,-0.8289680191562349,-0.5966395472145312,-0.0016295227149882177,-0.46410667241066167,-0.21139890034421666,-0.2128289624261387,-0.20705964456619616,-0.2280709641734485,1.0,0.0,0.0,1.0,0.0,0.0,1.0,0.0,0.0,0.0,0.0,1.0,1.0,0.0,1.0,0.0,0
C001104,-1.1837161376095497,1.5412172583412964,-0.4438220662601842,0.9760841062779199,-0.46410667241066167,-0.21139890034421666,-0.2128289624261387,-0.20705964456619616,-0.2280709641734485,0.0,0.0,1.0,0.0,1.0,0.0,1.0,0.0,0.0,0.0,0.0,1.0,1.0,0.0,1.0,0.0,0
C001105,1.3379481634660328,-1.4328756733753132,-0.3600998114802785,-0.9793431517078963,-0.46410667241066167,-0.21139890034421666,-0.2128289624261387,-0.20705964456619616,-0.2280709641734485,0.0,1.0,0.0,0.0,0.0,1.0,1.0,0.0,0.0,0.0,0.0,1.0,1.0,0.0,1.0,0.0,0
C001106,0.047794335008758,1.2493363672796314,0.7979724863750701,-0.9793431517078963,-0.46410667241066167,-0.21139890034421666,-0.2128289624261387,-0.20705964456619616,-0.2280709641734485,0.0,1.0,0.0,0.0,1.0,0.0,0.0,0.0,1.0,0.0,0.0,1.0,0.0,1.0,1.0,0.0,0
C001107,0.22372440252565912,0.6782243187978189,0.6362046923930662,-0.0016295227149882177,-0.46410667241066167,-0.21139890034421666,-0.2128289624261387,-0.20705964456619616,-0.2280709641734485,1.0,0.0,0.0,0.0,1.0,0.0,0.0,0.0,1.0,0.0,0.0,1.0,1.0,0.0,1.0,0.0,1
C001108,-0.5972825792198794,0.8281470878824623,-0.08315346722299474,1.953797735270828,-0.46410667241066167,-0.21139890034421666,-0.2128289624261387,-0.20705964456619616,-0.2280709641734485,1.0,0.0,0.0,0.0,1.0,0.0,1.0,0.0,0.0,0.0,0.0,1.0,1.0,0.0,1.0,0.0,1
C001109,0.6342278933984283,-0.4775865291141024,0.150097791073,-0.0016295227149882177,-0.46410667241066167,-0.21139890034421666,-0.2128289624261387,-0.20705964456619616,-0.2280709641734485,0.0,1.0,0.0,1.0,0.0,0.0,0.0,1.0,0.0,0.0,1.0,0.0,1.0,0.0,1.0,0.0,0
C001110,-1.0077860700926486,0.10804928762278512,-0.6987311476846161,-0.0016295227149882177,-0.46410667241066167,-0.21139890034421666,-0.2128289624261387,-0.20705964456619616,-0.2280709641734485,1.0,0.0,0.0,0.0,1.0,0.0,0.0,1.0,0.0,0.0,0.0,1.0,0.0,1.0,1.0,0.0,0
C001111,-0.42135251170297827,0.8318951571095782,0.10267526801540454,-0.9793431517078963,-0.46410667241066167,-0.21139890034421666,-0.2128289624261387,-0.20705964456619616,-0.2280709641734485,0.0,0.0,1.0,0.0,1.0,0.0,0.0,0.0,0.0,1.0,1.0,0.0,0.0,1.0,1.0,0.0,0
C001112,1.1033747401101646,0.1616935284358845,0.10838174357002894,-0.9793431517078963,-0.46410667241066167,-0.21139890034421666,4.698608632023215,-0.20705964456619616,-0.2280709641734485,0.0,0.0,1.0,1.0,0.0,0.0,0.0,1.0,0.0,0.0,0.0,1.0,1.0,0.0,1.0,0.0,0
C001113,1.1620180959491317,-0.5731622944055624,0.3658055430354818,-0.9793431517078963,2.1546770590601567,-0.21139890034421666,-0.2128289624261387,-0.20705964456619616,-0.2280709641734485,1.0,0.0,0.0,1.0,0.0,0.0,0.0,0.0,1.0,0.0,0.0,1.0,1.0,0.0,1.0,0.0,0
C001114,0.9860880284322305,1.1303351693186963,1.7529180624672456,-0.0016295227149882177,-0.46410667241066167,-0.21139890034421666,-0.2128289624261387,-0.20705964456619616,-0.2280709641734485,0.0,1.0,0.0,0.0,1.0,0.0,0.0,0.0,1.0,0.0,0.0,1.0,0.0,1.0,1.0,0.0,1
C001115,1.1033747401101646,0.03871000692113778,1.0146251176014862,-0.0016295227149882177,-0.46410667241066167,-0.21139890034421666,-0.2128289624261387,-0.20705964456619616,4.384600221356971,0.0,1.0,0.0,1.0,0.0,0.0,0.0,0.0,0.0,1.0,0.0,1.0,0.0,1.0,1.0,0.0,0
C001116,-0.010849020830209034,0.22470794231677355,-0.5132372121854061,-0.9793431517078963,-0.46410667241066167,4.730393575234874,-0.2128289624261387,-0.20705964456619616,-0.2280709641734485,1.0,0.0,0.0,1.0,0.0,0.0,1.0,0.0,0.0,0.0,0.0,1.0,1.0,0.0,1.0,0.0,0
C001117,1.513878230982934,-2.0091413170444103,-0.7558703031729017,-0.9793431517078963,-0.46410667241066167,-0.21139890034421666,-0.2128289624261387,-0.20705964456619616,-0.2280709641734485,1.0,0.0,0.0,0.0,0.0,1.0,0.0,0.0,0.0,1.0,1.0,0.0,1.0,0.0,1.0,0.0,0
C001118,-0.6559259350588464,0.1616935284358845,-1.264795666717261,-0.9793431517078963,-0.46410667241066167,-0.21139890034421666,4.698608632023215,-0.20705964456619616,-0.2280709641734485,1.0,0.0,0.0,0.0,0.0,1.0,0.0,0.0,1.0,0.0,0.0,1.0,1.0,0.0,1.0,0.0,0
C001119,-0.36270915586401126,1.2315330384508303,0.30418751103626546,1.953797735270828,-0.46410667241066167,-0.21139890034421666,-0.2128289624261387,-0.20705964456619616,-0.2280709641734485,1.0,0.0,0.0,0.0,1.0,0.0,1.0,0.0,0.0,0.0,0.0,1.0,1.0,0.0,1.0,0.0,1
C001120,0.8688013167542965,-0.6275092981987453,0.11455693875951826,1.953797735270828,2.1546770590601567,-0.21139890034421666,-0.2128289624261387,-0.20705964456619616,-0.2280709641734485,0.0,1.0,0.0,1.0,0.0,0.0,0.0,1.0,0.0,0.0,0.0,1.0,1.0,0.0,0.0,1.0,0
C001121,-1.652862984321286,0.10898630492956428,-1.21373498649381,-0.9793431517078963,-0.46410667241066167,-0.21139890034421666,-0.2128289624261387,-0.20705964456619616,-0.2280709641734485,0.0,1.0,0.0,0.0,1.0,0.0,0.0,1.0,0.0,0.0,0.0,1.0,1.0,0.0,1.0,0.0,1
C001122,-0.5972825792198794,0.4608363036250862,-0.35855229268580396,0.9760841062779199,-0.46410667241066167,-0.21139890034421666,-0.2128289624261387,-0.20705964456619616,-0.2280709641734485,1.0,0.0,0.0,0.0,1.0,0.0,0.0,0.0,1.0,0.0,1.0,0.0,1.0,0.0,0.0,1.0,1
C001123,-0.42135251170297827,-0.3286007773362382,-0.38680939067337017,0.9760841062779199,-0.46410667241066167,-0.21139890034421666,-0.2128289624261387,-0.20705964456619616,-0.2280709641734485,0.0,0.0,1.0,1.0,0.0,0.0,1.0,0.0,0.0,0.0,1.0,0.0,1.0,0.0,1.0,0.0,0
C001124,1.4552348751439668,-0.6579623606690634,0.5771088184290748,-0.9793431517078963,-0.46410667241066167,-0.21139890034421666,-0.2128289624261387,-0.20705964456619616,-0.2280709641734485,1.0,0.0,0.0,1.0,0.0,0.0,1.0,0.0,0.0,0.0,0.0,1.0,1.0,0.0,1.0,0.0,0
C001125,-0.5972825792198794,1.4779685901337127,0.26664530028185285,-0.0016295227149882177,-0.46410667241066167,-0.21139890034421666,-0.2128289624261387,-0.20705964456619616,4.384600221356971,1.0,0.0,0.0,0.0,1.0,0.0,0.0,1.0,0.0,0.0,0.0,1.0,0.0,1.0,0.0,1.0,1
C001126,-0.7145692908978135,-0.10043706313554664,-0.5748626841788264,2.931511364263736,-0.46410667241066167,-0.21139890034421666,-0.2128289624261387,-0.20705964456619616,-0.2280709641734485,1.0,0.0,0.0,1.0,0.0,0.0,0.0,0.0,1.0,0.0,0.0,1.0,1.0,0.0,1.0,0.0,1
C001127,0.047794335008758,-1.8039345268598053,-1.0477040758327973,-0.9793431517078963,-0.46410667241066167,-0.21139890034421666,-0.2128289624261387,-0.20705964456619616,-0.2280709641734485,1.0,0.0,0.0,0.0,0.0,1.0,1.0,0.0,0.0,0.0,1.0,0.0,1.0,0.0,1.0,0.0,0
C001128,1.1033747401101646,-0.2925256110252458,0.5211600620134621,-0.9793431517078963,-0.46410667241066167,-0.21139890034421666,-0.2128289624261387,-0.20705964456619616,-0.2280709641734485,0.0,0.0,1.0,0.0,1.0,0.0,0.0,0.0,1.0,0.0,1.0,0.0,0.0,1.0,1.0,0.0,0
C001129,-0.06949237666917607,1.1378313077729283,0.5798690562788344,-0.9793431517078963,-0.46410667241066167,-0.21139890034421666,-0.2128289624261387,-0.20705964456619616,-0.2280709641734485,0.0,1.0,0.0,0.0,1.0,0.0,1.0,0.0,0.0,0.0,0.0,1.0,1.0,0.0,1.0,0.0,0
C001130,0.7515146050763625,1.7890583359843468,2.044045035677742,-0.9793431517078963,-0.46410667241066167,-0.21139890034421666,-0.2128289624261387,-0.20705964456619616,-0.2280709641734485,1.0,0.0,0.0,0.0,1.0,0.0,0.0,1.0,0.0,0.0,0.0,1.0,1.0,0.0,0.0,1.0,1
C001131,-0.47999586754194534,0.31372458646078005,-0.2652696453534963,-0.0016295227149882177,-0.46410667241066167,-0.21139890034421666,-0.2128289624261387,-0.20705964456619616,4.384600221356971,0.0,0.0,1.0,1.0,0.0,0.0,0.0,1.0,0.0,0.0,1.0,0.0,1.0,0.0,0.0,1.0,0
C001132,0.047794335008758,0.17176646448375846,0.19819735360317753,-0.9793431517078963,2.1546770590601567,-0.21139890034421666,-0.2128289624261387,-0.20705964456619616,-0.2280709641734485,0.0,0.0,1.0,0.0,1.0,0.0,0.0,0.0,1.0,0.0,1.0,0.0,1.0,0.0,1.0,0.0,0
C001133,-0.30406580002504424,-1.1897196822661573,-0.14788141679956815,-0.9793431517078963,2.1546770590601567,-0.21139890034421666,-0.2128289624261387,4.829526304341278,-0.2280709641734485,0.0,1.0,0.0,0.0,0.0,1.0,0.0,1.0,0.0,0.0,0.0,1.0,1.0,0.0,1.0,0.0,0
C001134,-1.8874364076771541,0.24344828845235353,-1.412397711734461,-0.0016295227149882177,-0.46410667241066167,-0.21139890034421666,-0.2128289624261387,-0.20705964456619616,-0.2280709641734485,0.0,1.0,0.0,0.0,1.0,0.0,0.0,0.0,1.0,0.0,0.0,1.0,0.0,1.0,1.0,0.0,0
C001135,1.2206614517880987,0.6205977544309089,1.497071541773084,-0.0016295227149882177,-0.46410667241066167,-0.21139890034421666,-0.2128289624261387,-0.20705964456619616,-0.2280709641734485,0.0,0.0,1.0,0.0,1.0,0.0,0.0,0.0,1.0,0.0,0.0,1.0,1.0,0.0,0.0,1.0,0
C001136,-0.30406580002504424,-1.2909175513982918,-0.7188860919838044,-0.9793431517078963,-0.46410667241066167,-0.21139890034421666,-0.2128289624261387,-0.20705964456619616,-0.2280709641734485,1.0,0.0,0.0,0.0,0.0,1.0,0.0,1.0,0.0,0.0,1.0,0.0,0.0,1.0,0.0,1.0,0
C001137,-0.06949237666917607,-1.4000800676380476,-0.8470399921512155,0.9760841062779199,-0.46410667241066167,-0.21139890034421666,-0.2128289624261387,-0.20705964456619616,-0.2280709641734485,0.0,1.0,0.0,0.0,0.0,1.0,0.0,0.0,1.0,0.0,0.0,1.0,0.0,1.0,0.0,1.0,0
C001138,-2.122009831033022,1.2718247826423281,-1.605614361217635,-0.0016295227149882177,-0.46410667241066167,-0.21139890034421666,-0.2128289624261387,-0.20705964456619616,-0.2280709641734485,0.0,1.0,0.0,0.0,1.0,0.0,0.0,0.0,1.0,0.0,0.0,1.0,0.0,1.0,1.0,0.0,1
C001139,-0.42135251170297827,0.886710669556151,0.2787204108752757,2.931511364263736,2.1546770590601567,-0.21139890034421666,-0.2128289624261387,-0.20705964456619616,-0.2280709641734485,1.0,0.0,0.0,0.0,1.0,0.0,0.0,0.0,1.0,0.0,1.0,0.0,0.0,1.0,1.0,0.0,1
C001140,1.8070950101777692,0.3811898325488694,1.8487228678347782,0.9760841062779199,2.1546770590601567,-0.21139890034421666,-0.2128289624261387,-0.20705964456619616,-0.2280709641734485,1.0,0.0,0.0,1.0,0.0,0.0,1.0,0.0,0.0,0.0,0.0,1.0,0.0,1.0,1.0,0.0,0
C001141,-1.0077860700926486,-0.2976792062125304,-0.7781902857855133,-0.0016295227149882177,-0.46410667241066167,-0.21139890034421666,-0.2128289624261387,-0.20705964456619616,-0.2280709641734485,1.0,0.0,0.0,1.0,0.0,0.0,0.0,0.0,1.0,0.0,0.0,1.0,1.0,0.0,0.0,1.0,0
C001142,-0.18677908834711016,-2.0091413170444103,-1.1508670354682877,-0.9793431517078963,2.1546770590601567,-0.21139890034421666,-0.2128289624261387,-0.20705964456619616,-0.2280709641734485,0.0,0.0,1.0,0.0,0.0,1.0,0.0,0.0,0.0,1.0,0.0,1.0,0.0,1.0,0.0,1.0,0
C001143,-1.476932916804385,-0.6785767414182021,-1.3575649544494788,-0.9793431517078963,2.1546770590601567,-0.21139890034421666,-0.2128289624261387,-0.20705964456619616,-0.2280709641734485,0.0,0.0,1.0,1.0,0.0,0.0,0.0,1.0,0.0,0.0,0.0,1.0,1.0,0.0,1.0,0.0,0
C001144,-0.30406580002504424,-0.16181169672957255,-0.34334494453241143,0.9760841062779199,-0.46410667241066167,-0.21139890034421666,-0.2128289624261387,-0.20705964456619616,-0.2280709641734485,1.0,0.0,0.0,0.0,1.0,0.0,0.0,1.0,0.0,0.0,1.0,0.0,1.0,0.0,1.0,0.0,0
C001145,0.6928712492373954,0.20409356156763453,0.6682636274189806,-0.9793431517078963,2.1546770590601567,-0.21139890034421666,-0.2128289624261387,-0.20705964456619616,-0.2280709641734485,0.0,1.0,0.0,0.0,1.0,0.0,1.0,0.0,0.0,0.0,0.0,1.0,0.0,1.0,0.0,1.0,0
C001146,0.16508104668669207,0.7194530802960956,0.656166196842945,-0.0016295227149882177,-0.46410667241066167,-0.21139890034421666,-0.2128289624261387,-0.20705964456619616,-0.2280709641734485,0.0,1.0,0.0,0.0,1.0,0.0,0.0,0.0,1.0,0.0,0.0,1.0,1.0,0.0,1.0,0.0,1
C001147,-0.36270915586401126,1.2961872326185824,0.4405551648051176,0.9760841062779199,-0.46410667241066167,-0.21139890034421666,-0.2128289624261387,-0.20705964456619616,-0.2280709641734485,1.0,0.0,0.0,0.0,1.0,0.0,0.0,1.0,0.0,0.0,0.0,1.0,0.0,1.0,0.0,1.0,1
C001148,-0.47999586754194534,1.1233075395178533,0.1913004789758806,-0.9793431517078963,-0.46410667241066167,-0.21139890034421666,-0.2128289624261387,-0.20705964456619616,-0.2280709641734485,1.0,0.0,0.0,0.0,1.0,0.0,0.0,0.0,1.0,0.0,1.0,0.0,1.0,0.0,0.0,1.0,0
C001149,0.45829782588152723,0.1616935284358845,1.1498842122339117,-0.9793431517078963,-0.46410667241066167,-0.21139890034421666,4.698608632023215,-0.20705964456619616,-0.2280709641734485,1.0,0.0,0.0,1.0,0.0,0.0,0.0,1.0,0.0,0.0,0.0,1.0,1.0,0.0,1.0,0.0,0
C001150,1.8070950101777692,-1.9383965103825942,-0.6665903727224557,-0.9793431517078963,2.1546770590601567,-0.21139890034421666,-0.2128289624261387,-0.20705964456619616,-0.2280709641734485,0.0,1.0,0.0,0.0,0.0,1.0,0.0,0.0,0.0,1.0,0.0,1.0,0.0,1.0,1.0,0.0,0
C001151,-0.36270915586401126,-1.0365173526077878,-0.7245404875789992,2.931511364263736,-0.46410667241066167,-0.21139890034421666,-0.2128289624261387,-0.20705964456619616,-0.2280709641734485,1.0,0.0,0.0,0.0,0.0,1.0,1.0,0.0,0.0,0.0,0.0,1.0,1.0,0.0,0.0,1.0,1
C001152,-1.652862984321286,-0.18148906017193206,-1.2449904021456706,-0.9793431517078963,2.1546770590601567,-0.21139890034421666,-0.2128289624261387,-0.20705964456619616,-0.2280709641734485,0.0,1.0,0.0,0.0,1.0,0.0,0.0,0.0,1.0,0.0,1.0,0.0,1.0,0.0,1.0,0.0,0
C001153,-0.7145692908978135,0.3619809777598996,-0.43790727086784215,-0.9793431517078963,2.1546770590601567,-0.21139890034421666,-0.2128289624261387,-0.20705964456619616,-0.2280709641734485,0.0,1.0,0.0,1.0,0.0,0.0,0.0,1.0,0.0,0.0,0.0,1.0,1.0,0.0,1.0,0.0,0
C001154,-1.0664294259316156,0.07197412131179304,-0.8113875399246707,-0.0016295227149882177,-0.46410667241066167,-0.21139890034421666,-0.2128289624261387,-0.20705964456619616,-0.2280709641734485,0.0,0.0,1.0,0.0,1.0,0.0,1.0,0.0,0.0,0.0,0.0,1.0,1.0,0.0,0.0,1.0,0
C001155,-1.0664294259316156,-1.562184061710818,-1.2809850941056087,0.9760841062779199,-0.46410667241066167,-0.21139890034421666,-0.2128289624261387,-0.20705964456619616,-0.2280709641734485,0.0,1.0,0.0,0.0,0.0,1.0,0.0,1.0,0.0,0.0,1.0,0.0,1.0,0.0,0.0,1.0,0
C001156,-0.010849020830209034,0.9710422271662627,-1.1485680772591886,-0.9793431517078963,-0.46410667241066167,4.730393575234874,-0.2128289624261387,-0.20705964456619616,-0.2280709641734485,1.0,0.0,0.0,0.0,1.0,0.0,1.0,0.0,0.0,0.0,0.0,1.0,0.0,1.0,1.0,0.0,1
C001157,-1.4182895609654178,0.36666606429379445,-1.0381064833093743,-0.9793431517078963,-0.46410667241066167,-0.21139890034421666,-0.2128289624261387,-0.20705964456619616,-0.2280709641734485,1.0,0.0,0.0,1.0,0.0,0.0,0.0,0.0,1.0,0.0,0.0,1.0,1.0,0.0,1.0,0.0,0
C001158,-1.1837161376095497,0.6697911630368081,-0.7030909842882797,0.9760841062779199,-0.46410667241066167,-0.21139890034421666,-0.2128289624261387,-0.20705964456619616,-0.2280709641734485,0.0,1.0,0.0,0.0,1.0,0.0,1.0,0.0,0.0,0.0,0.0,1.0,0.0,1.0,0.0,1.0,0
C001159,-1.0664294259316156,0.15068357508123037,-0.7435422327765359,-0.0016295227149882177,-0.46410667241066167,-0.21139890034421666,-0.2128289624261387,-0.20705964456619616,4.384600221356971,1.0,0.0,0.0,1.0,0.0,0.0,0.0,0.0,1.0,0.0,0.0,1.0,0.0,1.0,1.0,0.0,1
C001160,-1.4182895609654178,-2.0091413170444103,-1.4249266619743404,-0.0016295227149882177,-0.46410667241066167,-0.21139890034421666,-0.2128289624261387,-0.20705964456619616,-0.2280709641734485,1.0,0.0,0.0,0.0,0.0,1.0,1.0,0.0,0.0,0.0,0.0,1.0,0.0,1.0,0.0,1.0,0
C001161,0.6342278933984283,-1.4520845281642831,-0.5435551885675367,-0.0016295227149882177,-0.46410667241066167,-0.21139890034421666,-0.2128289624261387,-0.20705964456619616,-0.2280709641734485,1.0,0.0,0.0,0.0,0.0,1.0,0.0,0.0,1.0,0.0,0.0,1.0,1.0,0.0,0.0,1.0,0
C001162,0.9274446725932636,1.463444821878638,2.144514717411311,-0.9793431517078963,-0.46410667241066167,-0.21139890034421666,-0.2128289624261387,-0.20705964456619616,-0.2280709641734485,1.0,0.0,0.0,0.0,1.0,0.0,0.0,1.0,0.0,0.0,1.0,0.0,0.0,1.0,1.0,0.0,0
C001163,-1.4182895609654178,1.4437674584362783,-0.8563325449122662,-0.9793431517078963,-0.46410667241066167,-0.21139890034421666,-0.2128289624261387,-0.20705964456619616,-0.2280709641734485,1.0,0.0,0.0,0.0,1.0,0.0,1.0,0.0,0.0,0.0,0.0,1.0,0.0,1.0,1.0,0.0,1
C001164,0.5755845375594614,-0.2494228149134108,0.3201388586100785,-0.9793431517078963,-0.46410667241066167,-0.21139890034421666,-0.2128289624261387,-0.20705964456619616,-0.2280709641734485,1.0,0.0,0.0,0.0,1.0,0.0,0.0,0.0,0.0,1.0,0.0,1.0,0.0,1.0,0.0,1.0,0
C001165,-0.9491427142536816,-0.5103821348513679,-0.8639808589541876,0.9760841062779199,-0.46410667241066167,-0.21139890034421666,-0.2128289624261387,-0.20705964456619616,-0.2280709641734485,1.0,0.0,0.0,1.0,0.0,0.0,0.0,0.0,0.0,1.0,0.0,1.0,1.0,0.0,0.0,1.0,0
C001166,0.3410111142035932,-2.0091413170444103,-1.0668471809202138,-0.9793431517078963,-0.46410667241066167,-0.21139890034421666,-0.2128289624261387,-0.20705964456619616,-0.2280709641734485,0.0,0.0,1.0,0.0,0.0,1.0,0.0,1.0,0.0,0.0,0.0,1.0,1.0,0.0,0.0,1.0,0
C001167,1.2793048076270657,0.30154336147265254,1.248397175491775,1.953797735270828,-0.46410667241066167,-0.21139890034421666,-0.2128289624261387,-0.20705964456619616,-0.2280709641734485,1.0,0.0,0.0,1.0,0.0,0.0,0.0,0.0,1.0,0.0,0.0,1.0,1.0,0.0,1.0,0.0,0
C001168,-0.18677908834711016,-1.677905699098027,-1.114195304035767,0.9760841062779199,-0.46410667241066167,-0.21139890034421666,-0.2128289624261387,-0.20705964456619616,-0.2280709641734485,0.0,0.0,1.0,0.0,0.0,1.0,1.0,0.0,0.0,0.0,0.0,1.0,1.0,0.0,0.0,1.0,0
C001169,-0.06949237666917607,-0.7558806692274712,-0.4286147181067916,-0.9793431517078963,-0.46410667241066167,-0.21139890034421666,-0.2128289624261387,-0.20705964456619616,-0.2280709641734485,1.0,0.0,0.0,1.0,0.0,0.0,1.0,0.0,0.0,0.0,0.0,1.0,0.0,1.0,1.0,0.0,0
C001170,0.8688013167542965,1.0431925597882474,1.5188260848261759,-0.0016295227149882177,-0.46410667241066167,-0.21139890034421666,-0.2128289624261387,-0.20705964456619616,-0.2280709641734485,0.0,1.0,0.0,0.0,1.0,0.0,1.0,0.0,0.0,0.0,0.0,1.0,1.0,0.0,1.0,0.0,1
C001171,1.1620180959491317,-2.0091413170444103,-0.8931084362636458,-0.9793431517078963,-0.46410667241066167,-0.21139890034421666,-0.2128289624261387,-0.20705964456619616,-0.2280709641734485,1.0,0.0,0.0,0.0,0.0,1.0,0.0,1.0,0.0,0.0,1.0,0.0,1.0,0.0,1.0,0.0,0
C001172,-0.36270915586401126,0.6205977544309089,0.08450680216873871,-0.0016295227149882177,-0.46410667241066167,-0.21139890034421666,-0.2128289624261387,-0.20705964456619616,-0.2280709641734485,0.0,1.0,0.0,0.0,1.0,0.0,1.0,0.0,0.0,0.0,1.0,0.0,1.0,0.0,0.0,1.0,0
C001173,0.10643769084772503,-0.5253744117598322,-0.36996524379505275,0.9760841062779199,2.1546770590601567,-0.21139890034421666,-0.2128289624261387,-0.20705964456619616,-0.2280709641734485,0.0,0.0,1.0,1.0,0.0,0.0,0.0,0.0,0.0,1.0,0.0,1.0,1.0,0.0,1.0,0.0,0
C001174,-0.8318560025757475,-0.1266735477253593,-0.8812267655195323,-0.9793431517078963,2.1546770590601567,-0.21139890034421666,-0.2128289624261387,-0.20705964456619616,-0.2280709641734485,1.0,0.0,0.0,1.0,0.0,0.0,0.0,0.0,1.0,0.0,1.0,0.0,1.0,0.0,0.0,1.0,1
C001175,0.3410111142035932,-0.37685716863535745,0.05510394507372515,-0.0016295227149882177,2.1546770590601567,-0.21139890034421666,-0.2128289624261387,-0.20705964456619616,-0.2280709641734485,0.0,1.0,0.0,1.0,0.0,0.0,0.0,0.0,0.0,1.0,0.0,1.0,1.0,0.0,1.0,0.0,0
C001176,-1.4182895609654178,0.17410900775070587,-1.0401599217097346,-0.9793431517078963,2.1546770590601567,-0.21139890034421666,-0.2128289624261387,-0.20705964456619616,-0.2280709641734485,1.0,0.0,0.0,1.0,0.0,0.0,0.0,0.0,1.0,0.0,0.0,1.0,1.0,0.0,1.0,0.0,0
C001177,-0.30406580002504424,-1.1255339967517946,-0.7965298714988757,-0.9793431517078963,-0.46410667241066167,-0.21139890034421666,-0.2128289624261387,-0.20705964456619616,-0.2280709641734485,0.0,1.0,0.0,1.0,0.0,0.0,1.0,0.0,0.0,0.0,1.0,0.0,0.0,1.0,0.0,1.0,0
C001178,0.8688013167542965,1.4906183237752293,1.930808323889759,0.9760841062779199,-0.46410667241066167,-0.21139890034421666,-0.2128289624261387,-0.20705964456619616,-0.2280709641734485,1.0,0.0,0.0,0.0,1.0,0.0,0.0,0.0,0.0,1.0,0.0,1.0,1.0,0.0,0.0,1.0,0
C001179,1.0447313842711976,-0.5436462492420231,0.3439691600461436,-0.9793431517078963,-0.46410667241066167,-0.21139890034421666,-0.2128289624261387,-0.20705964456619616,-0.2280709641734485,1.0,0.0,0.0,1.0,0.0,0.0,0.0,0.0,0.0,1.0,0.0,1.0,0.0,1.0,0.0,1.0,0
C001180,-1.4182895609654178,-0.8092906557138754,-1.2437107231425473,-0.9793431517078963,-0.46410667241066167,-0.21139890034421666,-0.2128289624261387,-0.20705964456619616,-0.2280709641734485,1.0,0.0,0.0,1.0,0.0,0.0,0.0,0.0,1.0,0.0,0.0,1.0,0.0,1.0,1.0,0.0,0
C001181,-0.8904993584147146,1.55714655255654,-0.22424551731151626,0.9760841062779199,-0.46410667241066167,-0.21139890034421666,-0.2128289624261387,-0.20705964456619616,-0.2280709641734485,1.0,0.0,0.0,0.0,1.0,0.0,0.0,0.0,0.0,1.0,0.0,1.0,0.0,1.0,0.0,1.0,1
C001182,-0.7732126467367805,0.1616935284358845,-0.6375148753724269,-0.9793431517078963,-0.46410667241066167,-0.21139890034421666,4.698608632023215,-0.20705964456619616,-0.2280709641734485,0.0,1.0,0.0,1.0,0.0,0.0,0.0,1.0,0.0,0.0,0.0,1.0,1.0,0.0,0.0,1.0,0
C001183,-1.535576272643352,1.1350202558525913,-1.0325116076678131,0.9760841062779199,-0.46410667241066167,-0.21139890034421666,-0.2128289624261387,-0.20705964456619616,-0.2280709641734485,1.0,0.0,0.0,0.0,1.0,0.0,0.0,0.0,1.0,0.0,0.0,1.0,0.0,1.0,0.0,1.0,1
C001184,0.22372440252565912,0.24860188363963812,0.2937640791561761,0.9760841062779199,-0.46410667241066167,-0.21139890034421666,-0.2128289624261387,-0.20705964456619616,-0.2280709641734485,1.0,0.0,0.0,1.0,0.0,0.0,0.0,0.0,1.0,0.0,0.0,1.0,0.0,1.0,1.0,0.0,1
C001185,-1.3010028492874839,1.456417192077795,-0.5693198884966947,-0.0016295227149882177,2.1546770590601567,-0.21139890034421666,-0.2128289624261387,-0.20705964456619616,-0.2280709641734485,0.0,1.0,0.0,0.0,1.0,0.0,0.0,1.0,0.0,0.0,0.0,1.0,1.0,0.0,0.0,1.0,0
C001186,1.3379481634660328,1.309305474913489,-0.14788141679956815,-0.0016295227149882177,-0.46410667241066167,-0.21139890034421666,-0.2128289624261387,4.829526304341278,4.384600221356971,1.0,0.0,0.0,0.0,1.0,0.0,0.0,0.0,1.0,0.0,1.0,0.0,1.0,0.0,0.0,1.0,0
C001187,0.5169411817204943,0.2303300461574472,0.5526461174856528,0.9760841062779199,2.1546770590601567,-0.21139890034421666,-0.2128289624261387,-0.20705964456619616,-0.2280709641734485,0.0,0.0,1.0,0.0,1.0,0.0,0.0,0.0,1.0,0.0,0.0,1.0,1.0,0.0,1.0,0.0,0
C001188,-0.6559259350588464,0.825336035962125,-0.1413193419114604,-0.9793431517078963,-0.46410667241066167,-0.21139890034421666,-0.2128289624261387,-0.20705964456619616,-0.2280709641734485,0.0,1.0,0.0,0.0,1.0,0.0,0.0,0.0,0.0,1.0,0.0,1.0,1.0,0.0,1.0,0.0,0
C001189,1.689808298499835,-0.6410960491470411,0.5808883354848107,-0.9793431517078963,-0.46410667241066167,-0.21139890034421666,-0.2128289624261387,-0.20705964456619616,-0.2280709641734485,0.0,1.0,0.0,1.0,0.0,0.0,0.0,0.0,1.0,0.0,1.0,0.0,1.0,0.0,1.0,0.0,0
C001190,-0.010849020830209034,0.9494908291103454,0.6451698854091316,0.9760841062779199,-0.46410667241066167,-0.21139890034421666,-0.2128289624261387,-0.20705964456619616,-0.2280709641734485,1.0,0.0,0.0,0.0,1.0,0.0,0.0,0.0,0.0,1.0,0.0,1.0,1.0,0.0,1.0,0.0,1
C001191,1.748451654338802,1.095197020314483,2.4871264505148973,1.953797735270828,-0.46410667241066167,-0.21139890034421666,-0.2128289624261387,-0.20705964456619616,-0.2280709641734485,1.0,0.0,0.0,0.0,1.0,0.0,0.0,1.0,0.0,0.0,1.0,0.0,1.0,0.0,1.0,0.0,0
C001192,1.4552348751439668,0.5962353044546547,1.751028303939378,-0.9793431517078963,2.1546770590601567,-0.21139890034421666,-0.2128289624261387,-0.20705964456619616,-0.2280709641734485,1.0,0.0,0.0,0.0,1.0,0.0,0.0,0.0,1.0,0.0,0.0,1.0,1.0,0.0,1.0,0.0,1
C001193,-0.9491427142536816,-0.5291224809869483,-0.9342813641897098,0.9760841062779199,-0.46410667241066167,-0.21139890034421666,-0.2128289624261387,-0.20705964456619616,-0.2280709641734485,0.0,1.0,0.0,1.0,0.0,0.0,0.0,0.0,0.0,1.0,0.0,1.0,0.0,1.0,1.0,0.0,1
C001194,-1.1250727817705828,-1.7683278692022024,-1.2507563976539287,-0.9793431517078963,-0.46410667241066167,-0.21139890034421666,-0.2128289624261387,-0.20705964456619616,-0.2280709641734485,1.0,0.0,0.0,0.0,0.0,1.0,0.0,0.0,1.0,0.0,0.0,1.0,0.0,1.0,0.0,1.0,0
C001195,-1.2423594934485167,0.09118297610076279,-0.9595922244724112,-0.9793431517078963,-0.46410667241066167,-0.21139890034421666,-0.2128289624261387,-0.20705964456619616,-0.2280709641734485,1.0,0.0,0.0,1.0,0.0,0.0,0.0,0.0,1.0,0.0,1.0,0.0,1.0,0.0,1.0,0.0,1
C001196,-0.36270915586401126,-2.0091413170444103,-1.1060708303647764,0.9760841062779199,2.1546770590601567,-0.21139890034421666,-0.2128289624261387,-0.20705964456619616,-0.2280709641734485,0.0,1.0,0.0,0.0,0.0,1.0,0.0,0.0,0.0,1.0,1.0,0.0,0.0,1.0,1.0,0.0,0
C001197,-0.30406580002504424,-0.3286007773362382,-0.2697038818992018,-0.9793431517078963,-0.46410667241066167,-0.21139890034421666,-0.2128289624261387,-0.20705964456619616,-0.2280709641734485,1.0,0.0,0.0,1.0,0.0,0.0,0.0,1.0,0.0,0.0,0.0,1.0,1.0,0.0,1.0,0.0,0
C001198,0.9860880284322305,-2.0091413170444103,-1.012505463252709,0.9760841062779199,-0.46410667241066167,-0.21139890034421666,-0.2128289624261387,-0.20705964456619616,-0.2280709641734485,1.0,0.0,0.0,0.0,0.0,1.0,1.0,0.0,0.0,0.0,1.0,0.0,1.0,0.0,0.0,1.0,0
C001199,-0.9491427142536816,-1.0683759410382745,-1.0045297894658023,-0.0016295227149882177,-0.46410667241066167,-0.21139890034421666,-0.2128289624261387,-0.20705964456619616,-0.2280709641734485,1.0,0.0,0.0,1.0,0.0,0.0,1.0,0.0,0.0,0.0,1.0,0.0,0.0,1.0,0.0,1.0,0
C001200,-1.0664294259316156,-1.701799640420892,-1.1867650075035712,-0.0016295227149882177,-0.46410667241066167,-0.21139890034421666,-0.2128289624261387,-0.20705964456619616,-0.2280709641734485,1.0,0.0,0.0,0.0,0.0,1.0,1.0,0.0,0.0,0.0,1.0,0.0,0.0,1.0,1.0,0.0,0
C001201,0.047794335008758,1.0516257155492583,0.7695442685208073,0.9760841062779199,-0.46410667241066167,-0.21139890034421666,-0.2128289624261387,-0.20705964456619616,-0.2280709641734485,1.0,0.0,0.0,0.0,1.0,0.0,0.0,1.0,0.0,0.0,0.0,1.0,0.0,1.0,1.0,0.0,0
C001202,0.10643769084772503,0.37135115082768994,0.2805208894726931,-0.9793431517078963,2.1546770590601567,-0.21139890034421666,-0.2128289624261387,-0.20705964456619616,-0.2280709641734485,1.0,0.0,0.0,1.0,0.0,0.0,0.0,0.0,1.0,0.0,0.0,1.0,0.0,1.0,0.0,1.0,0
C001203,0.16508104668669207,0.20784163079475054,0.22402901348017346,-0.9793431517078963,-0.46410667241066167,-0.21139890034421666,-0.2128289624261387,-0.20705964456619616,-0.2280709641734485,0.0,0.0,1.0,0.0,1.0,0.0,0.0,1.0,0.0,0.0,0.0,1.0,0.0,1.0,1.0,0.0,0
C001204,-1.594219628482319,0.4388163969157793,-1.1501379160362757,0.9760841062779199,-0.46410667241066167,-0.21139890034421666,-0.2128289624261387,-0.20705964456619616,-0.2280709641734485,0.0,1.0,0.0,0.0,1.0,0.0,1.0,0.0,0.0,0.0,0.0,1.0,1.0,0.0,1.0,0.0,0
C001205,1.1620180959491317,0.19050681061933913,1.074003711345237,-0.0016295227149882177,-0.46410667241066167,-0.21139890034421666,-0.2128289624261387,-0.20705964456619616,-0.2280709641734485,1.0,0.0,0.0,1.0,0.0,0.0,1.0,0.0,0.0,0.0,0.0,1.0,1.0,0.0,0.0,1.0,0
C001206,0.9274446725932636,0.5451678612351979,1.1698903566490158,-0.0016295227149882177,2.1546770590601567,-0.21139890034421666,-0.2128289624261387,-0.20705964456619616,-0.2280709641734485,0.0,1.0,0.0,0.0,1.0,0.0,1.0,0.0,0.0,0.0,0.0,1.0,0.0,1.0,0.0,1.0,0
C001207,0.10643769084772503,0.1616935284358845,-1.1460310392355553,-0.9793431517078963,-0.46410667241066167,-0.21139890034421666,4.698608632023215,-0.20705964456619616,-0.2280709641734485,1.0,0.0,0.0,0.0,0.0,1.0,0.0,1.0,0.0,0.0,0.0,1.0,1.0,0.0,1.0,0.0,0
C001208,-1.1250727817705828,0.7588078071808145,-0.5476992653392782,-0.9793431517078963,-0.46410667241066167,-0.21139890034421666,-0.2128289624261387,-0.20705964456619616,-0.2280709641734485,0.0,1.0,0.0,0.0,1.0,0.0,0.0,0.0,0.0,1.0,0.0,1.0,1.0,0.0,1.0,0.0,0
C001209,1.1033747401101646,0.22564495962355238,0.9624707582300169,-0.0016295227149882177,-0.46410667241066167,-0.21139890034421666,-0.2128289624261387,-0.20705964456619616,-0.2280709641734485,1.0,0.0,0.0,0.0,1.0,0.0,0.0,1.0,0.0,0.0,0.0,1.0,1.0,0.0,1.0,0.0,0
C001210,-0.010849020830209034,0.19425487984645512,-1.0165230601229789,-0.0016295227149882177,-0.46410667241066167,4.730393575234874,-0.2128289624261387,-0.20705964456619616,-0.2280709641734485,0.0,1.0,0.0,0.0,1.0,0.0,0.0,0.0,1.0,0.0,0.0,1.0,1.0,0.0,1.0,0.0,1
C001211,0.6928712492373954,0.1616935284358845,1.0122591994445491,-0.0016295227149882177,-0.46410667241066167,-0.21139890034421666,4.698608632023215,-0.20705964456619616,-0.2280709641734485,0.0,0.0,1.0,0.0,1.0,0.0,0.0,0.0,0.0,1.0,0.0,1.0,0.0,1.0,1.0,0.0,0
C001212,0.3996544700425602,0.5732783804385689,-0.14788141679956815,1.953797735270828,-0.46410667241066167,-0.21139890034421666,-0.2128289624261387,4.829526304341278,-0.2280709641734485,0.0,0.0,1.0,0.0,1.0,0.0,1.0,0.0,0.0,0.0,0.0,1.0,1.0,0.0,0.0,1.0,0
C001213,1.0447313842711976,1.2315330384508303,1.9490586296726715,0.9760841062779199,-0.46410667241066167,-0.21139890034421666,-0.2128289624261387,-0.20705964456619616,-0.2280709641734485,1.0,0.0,0.0,0.0,1.0,0.0,1.0,0.0,0.0,0.0,0.0,1.0,1.0,0.0,0.0,1.0,0
C001214,-0.47999586754194534,0.4702064766928765,-0.11091952559308359,-0.0016295227149882177,-0.46410667241066167,-0.21139890034421666,-0.2128289624261387,-0.20705964456619616,-0.2280709641734485,1.0,0.0,0.0,0.0,1.0,0.0,0.0,0.0,1.0,0.0,1.0,0.0,0.0,1.0,0.0,1.0,1
C001215,0.22372440252565912,-0.01985357475255097,0.1820897661510765,-0.0016295227149882177,-0.46410667241066167,-0.21139890034421666,-0.2128289624261387,-0.20705964456619616,-0.2280709641734485,1.0,0.0,0.0,1.0,0.0,0.0,1.0,0.0,0.0,0.0,0.0,1.0,1.0,0.0,1.0,0.0,0
C001216,-0.30406580002504424,-0.3103289398540473,-0.39433866480802454,0.9760841062779199,2.1546770590601567,-0.21139890034421666,-0.2128289624261387,-0.20705964456619616,-0.2280709641734485,1.0,0.0,0.0,0.0,1.0,0.0,1.0,0.0,0.0,0.0,0.0,1.0,1.0,0.0,1.0,0.0,0
C001217,0.3996544700425602,0.014347556944883117,0.3638637045481845,-0.9793431517078963,-0.46410667241066167,-0.21139890034421666,-0.2128289624261387,-0.20705964456619616,-0.2280709641734485,1.0,0.0,0.0,0.0,1.0,0.0,1.0,0.0,0.0,0.0,0.0,1.0,1.0,0.0,0.0,1.0,0
C001218,0.10643769084772503,0.23970021922523754,0.3114489453795686,-0.0016295227149882177,2.1546770590601567,-0.21139890034421666,-0.2128289624261387,-0.20705964456619616,-0.2280709641734485,1.0,0.0,0.0,1.0,0.0,0.0,1.0,0.0,0.0,0.0,0.0,1.0,1.0,0.0,1.0,0.0,1
C001219,0.16508104668669207,0.2106526827150877,0.3016951129778572,0.9760841062779199,-0.46410667241066167,-0.21139890034421666,-0.2128289624261387,-0.20705964456619616,-0.2280709641734485,0.0,0.0,1.0,1.0,0.0,0.0,0.0,0.0,1.0,0.0,0.0,1.0,1.0,0.0,0.0,1.0,0
C001220,0.3410111142035932,0.1616935284358845,0.35658739021647334,-0.0016295227149882177,-0.46410667241066167,-0.21139890034421666,4.698608632023215,-0.20705964456619616,-0.2280709641734485,1.0,0.0,0.0,1.0,0.0,0.0,0.0,1.0,0.0,0.0,0.0,1.0,0.0,1.0,1.0,0.0,0
C001221,1.8657383660167361,0.31606712972772744,1.7484168659737023,0.9760841062779199,2.1546770590601567,-0.21139890034421666,-0.2128289624261387,-0.20705964456619616,-0.2280709641734485,1.0,0.0,0.0,0.0,1.0,0.0,1.0,0.0,0.0,0.0,1.0,0.0,0.0,1.0,0.0,1.0,1
C001222,1.6311649426608679,0.1342857722125978,1.4260642370881629,0.9760841062779199,-0.46410667241066167,-0.21139890034421666,-0.2128289624261387,-0.20705964456619616,-0.2280709641734485,0.0,0.0,1.0,0.0,1.0,0.0,1.0,0.0,0.0,0.0,0.0,1.0,0.0,1.0,1.0,0.0,0
C001223,0.16508104668669207,0.6594839726622382,0.5112499897334625,-0.9793431517078963,2.1546770590601567,-0.21139890034421666,-0.2128289624261387,-0.20705964456619616,-0.2280709641734485,0.0,1.0,0.0,0.0,1.0,0.0,0.0,0.0,0.0,1.0,0.0,1.0,1.0,0.0,0.0,1.0,0
C001224,-0.24542244418607717,-1.552813888643028,-0.9740555732053834,-0.9793431517078963,-0.46410667241066167,-0.21139890034421666,-0.2128289624261387,-0.20705964456619616,-0.2280709641734485,1.0,0.0,0.0,0.0,0.0,1.0,1.0,0.0,0.0,0.0,0.0,1.0,1.0,0.0,1.0,0.0,0
C001225,-1.594219628482319,0.9612035454450832,-1.0680450199870906,-0.9793431517078963,2.1546770590601567,-0.21139890034421666,-0.2128289624261387,-0.20705964456619616,-0.2280709641734485,1.0,0.0,0.0,0.0,1.0,0.0,0.0,0.0,1.0,0.0,0.0,1.0,1.0,0.0,1.0,0.0,1
C001226,-1.594219628482319,0.09774209724821595,-1.102521953129371,-0.9793431517078963,-0.46410667241066167,-0.21139890034421666,-0.2128289624261387,-0.20705964456619616,-0.2280709641734485,0.0,1.0,0.0,1.0,0.0,0.0,0.0,0.0,1.0,0.0,1.0,0.0,0.0,1.0,1.0,0.0,1
C001227,0.45829782588152723,0.8351747176833044,0.9583192414640712,-0.0016295227149882177,-0.46410667241066167,-0.21139890034421666,-0.2128289624261387,-0.20705964456619616,-0.2280709641734485,0.0,1.0,0.0,0.0,1.0,0.0,1.0,0.0,0.0,0.0,0.0,1.0,0.0,1.0,1.0,0.0,1
C001228,1.689808298499835,-1.4300646214549761,-0.15379621219191023,-0.0016295227149882177,-0.46410667241066167,-0.21139890034421666,-0.2128289624261387,-0.20705964456619616,-0.2280709641734485,1.0,0.0,0.0,0.0,0.0,1.0,1.0,0.0,0.0,0.0,1.0,0.0,0.0,1.0,1.0,0.0,1
C001229,-0.010849020830209034,-1.297476672545745,-1.2462477611661809,-0.9793431517078963,2.1546770590601567,4.730393575234874,-0.2128289624261387,-0.20705964456619616,-0.2280709641734485,0.0,1.0,0.0,0.0,0.0,1.0,0.0,0.0,0.0,1.0,0.0,1.0,0.0,1.0,1.0,0.0,0
C001230,0.22372440252565912,-0.3970030407311067,-0.14788141679956815,-0.0016295227149882177,-0.46410667241066167,-0.21139890034421666,-0.2128289624261387,4.829526304341278,-0.2280709641734485,1.0,0.0,0.0,1.0,0.0,0.0,1.0,0.0,0.0,0.0,0.0,1.0,1.0,0.0,1.0,0.0,0
C001231,0.28236775836462613,-1.4965928502362864,-0.6741345268455182,-0.0016295227149882177,-0.46410667241066167,-0.21139890034421666,-0.2128289624261387,-0.20705964456619616,-0.2280709641734485,0.0,1.0,0.0,0.0,0.0,1.0,0.0,0.0,0.0,1.0,0.0,1.0,1.0,0.0,1.0,0.0,0
C001232,-0.36270915586401126,-2.0091413170444103,-1.2747131789914647,0.9760841062779199,-0.46410667241066167,-0.21139890034421666,-0.2128289624261387,-0.20705964456619616,-0.2280709641734485,0.0,0.0,1.0,0.0,0.0,1.0,0.0,1.0,0.0,0.0,0.0,1.0,1.0,0.0,1.0,0.0,0
C001233,1.572521586821901,1.0670865011111121,2.448386400693608,-0.9793431517078963,-0.46410667241066167,-0.21139890034421666,-0.2128289624261387,-0.20705964456619616,-0.2280709641734485,1.0,0.0,0.0,0.0,1.0,0.0,0.0,0.0,1.0,0.0,0.0,1.0,1.0,0.0,1.0,0.0,0
C001234,1.572521586821901,0.28748810187096735,1.560214772584162,-0.0016295227149882177,2.1546770590601567,-0.21139890034421666,-0.2128289624261387,-0.20705964456619616,-0.2280709641734485,0.0,1.0,0.0,0.0,1.0,0.0,0.0,1.0,0.0,0.0,0.0,1.0,1.0,0.0,1.0,0.0,0
C001235,-0.8904993584147146,-1.7617687480547493,-1.312567869502454,-0.0016295227149882177,-0.46410667241066167,-0.21139890034421666,-0.2128289624261387,-0.20705964456619616,-0.2280709641734485,1.0,0.0,0.0,0.0,0.0,1.0,1.0,0.0,0.0,0.0,1.0,0.0,1.0,0.0,1.0,0.0,0
C001236,0.16508104668669207,-0.7891447836181265,-0.29022338591439595,-0.0016295227149882177,-0.46410667241066167,-0.21139890034421666,-0.2128289624261387,-0.20705964456619616,-0.2280709641734485,1.0,0.0,0.0,1.0,0.0,0.0,0.0,0.0,1.0,0.0,1.0,0.0,1.0,0.0,1.0,0.0,0
C001237,1.2206614517880987,-2.0091413170444103,-0.8044832253031695,-0.0016295227149882177,2.1546770590601567,-0.21139890034421666,-0.2128289624261387,-0.20705964456619616,-0.2280709641734485,1.0,0.0,0.0,0.0,0.0,1.0,0.0,0.0,1.0,0.0,1.0,0.0,1.0,0.0,1.0,0.0,0
C001238,0.7515146050763625,1.091448951087367,1.4856139506986104,-0.9793431517078963,-0.46410667241066167,-0.21139890034421666,-0.2128289624261387,-0.20705964456619616,-0.2280709641734485,1.0,0.0,0.0,0.0,1.0,0.0,0.0,0.0,1.0,0.0,0.0,1.0,1.0,0.0,1.0,0.0,1
C001239,-0.5386392233809124,-0.4541610964446269,-0.6549691017754892,-0.9793431517078963,-0.46410667241066167,-0.21139890034421666,-0.2128289624261387,-0.20705964456619616,-0.2280709641734485,1.0,0.0,0.0,1.0,0.0,0.0,0.0,0.0,0.0,1.0,0.0,1.0,0.0,1.0,1.0,0.0,0
C001240,-1.9460797635161213,0.24532232306591187,-1.3934703664789665,-0.0016295227149882177,-0.46410667241066167,-0.21139890034421666,-0.2128289624261387,-0.20705964456619616,-0.2280709641734485,0.0,1.0,0.0,1.0,0.0,0.0,0.0,1.0,0.0,0.0,0.0,1.0,0.0,1.0,0.0,1.0,0
C001241,0.6342278933984283,0.13803384143971378,0.671276825071683,0.9760841062779199,-0.46410667241066167,-0.21139890034421666,-0.2128289624261387,-0.20705964456619616,-0.2280709641734485,0.0,1.0,0.0,1.0,0.0,0.0,0.0,0.0,1.0,0.0,0.0,1.0,1.0,0.0,0.0,1.0,1
C001242,-1.4182895609654178,-2.0091413170444103,-1.5577528785019914,-0.9793431517078963,-0.46410667241066167,-0.21139890034421666,-0.2128289624261387,-0.20705964456619616,-0.2280709641734485,0.0,0.0,1.0,0.0,0.0,1.0,1.0,0.0,0.0,0.0,0.0,1.0,1.0,0.0,1.0,0.0,0
C001243,0.3410111142035932,-2.0091413170444103,-1.077739332435168,-0.9793431517078963,-0.46410667241066167,-0.21139890034421666,-0.2128289624261387,-0.20705964456619616,-0.2280709641734485,0.0,0.0,1.0,0.0,0.0,1.0,0.0,0.0,0.0,1.0,0.0,1.0,1.0,0.0,0.0,1.0,0
C001244,1.1620180959491317,-1.6338658856794128,-0.5171283291542047,-0.9793431517078963,2.1546770590601567,-0.21139890034421666,-0.2128289624261387,-0.20705964456619616,-0.2280709641734485,1.0,0.0,0.0,0.0,0.0,1.0,1.0,0.0,0.0,0.0,1.0,0.0,1.0,0.0,0.0,1.0,0
C001245,0.6928712492373954,0.6140386332834558,0.9562881230463236,0.9760841062779199,-0.46410667241066167,-0.21139890034421666,-0.2128289624261387,-0.20705964456619616,-0.2280709641734485,0.0,0.0,1.0,0.0,1.0,0.0,0.0,0.0,1.0,0.0,0.0,1.0,0.0,1.0,0.0,1.0,0
C001246,-1.711506340160253,0.45755674305135996,-1.1983044385142916,-0.9793431517078963,-0.46410667241066167,-0.21139890034421666,-0.2128289624261387,-0.20705964456619616,-0.2280709641734485,0.0,0.0,1.0,0.0,1.0,0.0,1.0,0.0,0.0,0.0,0.0,1.0,0.0,1.0,0.0,1.0,0
C001247,0.16508104668669207,0.6622950245825754,0.5084227919358653,-0.0016295227149882177,-0.46410667241066167,-0.21139890034421666,-0.2128289624261387,-0.20705964456619616,4.384600221356971,1.0,0.0,0.0,0.0,1.0,0.0,0.0,0.0,0.0,1.0,0.0,1.0,1.0,0.0,1.0,0.0,1
C001248,-0.24542244418607717,0.1616935284358845,0.08650816060966958,-0.0016295227149882177,-0.46410667241066167,-0.21139890034421666,4.698608632023215,-0.20705964456619616,4.384600221356971,1.0,0.0,0.0,0.0,1.0,0.0,1.0,0.0,0.0,0.0,0.0,1.0,0.0,1.0,1.0,0.0,1
C001249,-0.06949237666917607,-0.34827814077859737,-0.20028129597977584,-0.9793431517078963,-0.46410667241066167,-0.21139890034421666,-0.2128289624261387,-0.20705964456619616,-0.2280709641734485,1.0,0.0,0.0,1.0,0.0,0.0,0.0,0.0,0.0,1.0,0.0,1.0,0.0,1.0,1.0,0.0,0
C001250,-1.0077860700926486,1.2048280452076279,-0.3604792511846929,-0.9793431517078963,-0.46410667241066167,-0.21139890034421666,-0.2128289624261387,-0.20705964456619616,-0.2280709641734485,0.0,1.0,0.0,0.0,1.0,0.0,0.0,1.0,0.0,0.0,0.0,1.0,0.0,1.0,0.0,1.0,1
C001251,0.9860880284322305,1.2844745162838447,1.788191074989376,-0.9793431517078963,-0.46410667241066167,-0.21139890034421666,-0.2128289624261387,-0.20705964456619616,-0.2280709641734485,0.0,1.0,0.0,0.0,1.0,0.0,0.0,0.0,0.0,1.0,0.0,1.0,1.0,0.0,1.0,0.0,0
C001252,0.10643769084772503,-1.7617687480547493,-0.9416469584518715,-0.0016295227149882177,-0.46410667241066167,-0.21139890034421666,-0.2128289624261387,-0.20705964456619616,-0.2280709641734485,1.0,0.0,0.0,0.0,0.0,1.0,0.0,0.0,1.0,0.0,0.0,1.0,0.0,1.0,1.0,0.0,1
C001253,-0.30406580002504424,0.8379857696036417,0.2023860703401444,1.953797735270828,-0.46410667241066167,-0.21139890034421666,-0.2128289624261387,-0.20705964456619616,-0.2280709641734485,0.0,0.0,1.0,0.0,1.0,0.0,0.0,1.0,0.0,0.0,1.0,0.0,0.0,1.0,1.0,0.0,1
C001254,-0.010849020830209034,-2.0091413170444103,-0.7404769551644039,-0.9793431517078963,-0.46410667241066167,4.730393575234874,-0.2128289624261387,-0.20705964456619616,-0.2280709641734485,0.0,1.0,0.0,0.0,0.0,1.0,0.0,0.0,0.0,1.0,1.0,0.0,0.0,1.0,1.0,0.0,0
C001255,0.45829782588152723,-0.7427624269325649,-0.12817287215263218,0.9760841062779199,-0.46410667241066167,-0.21139890034421666,-0.2128289624261387,-0.20705964456619616,-0.2280709641734485,1.0,0.0,0.0,1.0,0.0,0.0,0.0,0.0,0.0,1.0,0.0,1.0,0.0,1.0,1.0,0.0,0
C001256,1.2793048076270657,0.37135115082768994,1.4415319850387025,-0.0016295227149882177,2.1546770590601567,-0.21139890034421666,-0.2128289624261387,-0.20705964456619616,-0.2280709641734485,0.0,0.0,1.0,0.0,1.0,0.0,0.0,1.0,0.0,0.0,0.0,1.0,0.0,1.0,1.0,0.0,0
C001257,0.9860880284322305,-0.2897145591049086,0.5531892370625597,-0.0016295227149882177,-0.46410667241066167,-0.21139890034421666,-0.2128289624261387,-0.20705964456619616,4.384600221356971,1.0,0.0,0.0,0.0,1.0,0.0,1.0,0.0,0.0,0.0,1.0,0.0,1.0,0.0,1.0,0.0,0
C001258,-0.47999586754194534,-0.6921634923664979,-0.6901751543497817,-0.9793431517078963,2.1546770590601567,-0.21139890034421666,-0.2128289624261387,-0.20705964456619616,-0.2280709641734485,1.0,0.0,0.0,1.0,0.0,0.0,1.0,0.0,0.0,0.0,0.0,1.0,0.0,1.0,1.0,0.0,1
C001259,-1.0664294259316156,1.2671396961084334,-0.4612018927212043,-0.0016295227149882177,-0.46410667241066167,-0.21139890034421666,-0.2128289624261387,-0.20705964456619616,-0.2280709641734485,1.0,0.0,0.0,0.0,1.0,0.0,1.0,0.0,0.0,0.0,1.0,0.0,1.0,0.0,1.0,0.0,1
C001260,0.6928712492373954,-0.9151736113799046,-0.14162438167383265,-0.9793431517078963,-0.46410667241066167,-0.21139890034421666,-0.2128289624261387,-0.20705964456619616,-0.2280709641734485,1.0,0.0,0.0,0.0,0.0,1.0,0.0,0.0,1.0,0.0,1.0,0.0,0.0,1.0,1.0,0.0,1
C001261,1.0447313842711976,-2.0091413170444103,-0.9344227240795895,1.953797735270828,-0.46410667241066167,-0.21139890034421666,-0.2128289624261387,-0.20705964456619616,-0.2280709641734485,0.0,0.0,1.0,0.0,0.0,1.0,1.0,0.0,0.0,0.0,0.0,1.0,1.0,0.0,1.0,0.0,0
C001262,1.689808298499835,0.3535478219988888,1.6310955973676122,-0.0016295227149882177,-0.46410667241066167,-0.21139890034421666,-0.2128289624261387,-0.20705964456619616,-0.2280709641734485,0.0,1.0,0.0,1.0,0.0,0.0,1.0,0.0,0.0,0.0,1.0,0.0,0.0,1.0,0.0,1.0,0
C001263,1.2206614517880987,-0.1913277418931118,0.770846267506543,-0.9793431517078963,-0.46410667241066167,-0.21139890034421666,-0.2128289624261387,-0.20705964456619616,-0.2280709641734485,1.0,0.0,0.0,1.0,0.0,0.0,1.0,0.0,0.0,0.0,0.0,1.0,1.0,0.0,0.0,1.0,0
C001264,0.22372440252565912,0.9508963550705141,0.8324642995057592,-0.0016295227149882177,-0.46410667241066167,-0.21139890034421666,-0.2128289624261387,-0.20705964456619616,-0.2280709641734485,1.0,0.0,0.0,0.0,1.0,0.0,0.0,0.0,1.0,0.0,0.0,1.0,1.0,0.0,0.0,1.0,0
C001265,-0.9491427142536816,-0.763845316335093,-1.0855736463321948,-0.0016295227149882177,-0.46410667241066167,-0.21139890034421666,-0.2128289624261387,-0.20705964456619616,-0.2280709641734485,1.0,0.0,0.0,1.0,0.0,0.0,0.0,1.0,0.0,0.0,0.0,1.0,0.0,1.0,0.0,1.0,0
C001266,-0.06949237666917607,-0.5956507097682587,-0.2718614802184208,-0.9793431517078963,-0.46410667241066167,-0.21139890034421666,-0.2128289624261387,-0.20705964456619616,-0.2280709641734485,1.0,0.0,0.0,1.0,0.0,0.0,0.0,1.0,0.0,0.0,1.0,0.0,0.0,1.0,1.0,0.0,0
C001267,0.22372440252565912,0.26218863458793423,0.26174978409548677,-0.0016295227149882177,-0.46410667241066167,-0.21139890034421666,-0.2128289624261387,-0.20705964456619616,-0.2280709641734485,0.0,0.0,1.0,0.0,1.0,0.0,1.0,0.0,0.0,0.0,0.0,1.0,0.0,1.0,0.0,1.0,0
C001268,-1.711506340160253,0.9865030127281164,-1.045501837548353,-0.0016295227149882177,-0.46410667241066167,-0.21139890034421666,-0.2128289624261387,-0.20705964456619616,-0.2280709641734485,1.0,0.0,0.0,0.0,1.0,0.0,0.0,1.0,0.0,0.0,0.0,1.0,0.0,1.0,1.0,0.0,0
C001269,0.3410111142035932,-1.3565087628728232,-0.6128512945854914,1.953797735270828,-0.46410667241066167,-0.21139890034421666,-0.2128289624261387,-0.20705964456619616,-0.2280709641734485,0.0,0.0,1.0,0.0,0.0,1.0,0.0,0.0,0.0,1.0,1.0,0.0,1.0,0.0,0.0,1.0,0
C001270,-0.18677908834711016,0.5920187265741489,0.15561826677251894,0.9760841062779199,-0.46410667241066167,-0.21139890034421666,-0.2128289624261387,-0.20705964456619616,-0.2280709641734485,1.0,0.0,0.0,0.0,1.0,0.0,0.0,1.0,0.0,0.0,0.0,1.0,0.0,1.0,0.0,1.0,1
C001271,0.28236775836462613,0.8145603369341662,0.7880028941414369,-0.9793431517078963,-0.46410667241066167,-0.21139890034421666,-0.2128289624261387,-0.20705964456619616,-0.2280709641734485,0.0,1.0,0.0,0.0,1.0,0.0,0.0,1.0,0.0,0.0,1.0,0.0,0.0,1.0,1.0,0.0,0
C001272,-0.8318560025757475,1.2305960211440514,-0.0639434021877403,1.953797735270828,-0.46410667241066167,-0.21139890034421666,-0.2128289624261387,-0.20705964456619616,-0.2280709641734485,1.0,0.0,0.0,0.0,1.0,0.0,0.0,0.0,1.0,0.0,0.0,1.0,1.0,0.0,1.0,0.0,1
C001273,1.4552348751439668,1.0075859021306446,2.1483760744032923,-0.9793431517078963,-0.46410667241066167,-0.21139890034421666,-0.2128289624261387,-0.20705964456619616,-0.2280709641734485,1.0,0.0,0.0,0.0,1.0,0.0,0.0,0.0,0.0,1.0,0.0,1.0,1.0,0.0,1.0,0.0,0
C001274,-1.2423594934485167,1.2854115335906235,-0.14788141679956815,-0.0016295227149882177,-0.46410667241066167,-0.21139890034421666,-0.2128289624261387,4.829526304341278,-0.2280709641734485,1.0,0.0,0.0,0.0,1.0,0.0,0.0,1.0,0.0,0.0,0.0,1.0,1.0,0.0,1.0,0.0,1
C001275,-0.42135251170297827,-2.0091413170444103,-0.14788141679956815,-0.9793431517078963,-0.46410667241066167,-0.21139890034421666,-0.2128289624261387,4.829526304341278,-0.2280709641734485,0.0,0.0,1.0,0.0,0.0,1.0,0.0,0.0,1.0,0.0,1.0,0.0,0.0,1.0,1.0,0.0,0
C001276,0.9274446725932636,0.33808703643703436,1.1012787300978482,0.9760841062779199,-0.46410667241066167,-0.21139890034421666,-0.2128289624261387,-0.20705964456619616,-0.2280709641734485,0.0,1.0,0.0,0.0,1.0,0.0,0.0,0.0,1.0,0.0,1.0,0.0,0.0,1.0,1.0,0.0,1
C001277,0.22372440252565912,0.6088850380961712,0.6288167781482915,-0.0016295227149882177,2.1546770590601567,-0.21139890034421666,-0.2128289624261387,-0.20705964456619616,-0.2280709641734485,1.0,0.0,0.0,0.0,1.0,0.0,1.0,0.0,0.0,0.0,0.0,1.0,0.0,1.0,1.0,0.0,1
C001278,-0.30406580002504424,0.7592763158342043,-0.14788141679956815,-0.0016295227149882177,-0.46410667241066167,-0.21139890034421666,-0.2128289624261387,4.829526304341278,-0.2280709641734485,1.0,0.0,0.0,0.0,1.0,0.0,1.0,0.0,0.0,0.0,0.0,1.0,1.0,0.0,1.0,0.0,0
C001279,-0.1281357325081431,1.503268057416746,0.683656975427478,-0.9793431517078963,-0.46410667241066167,-0.21139890034421666,-0.2128289624261387,-0.20705964456619616,-0.2280709641734485,1.0,0.0,0.0,0.0,1.0,0.0,0.0,0.0,0.0,1.0,0.0,1.0,1.0,0.0,1.0,0.0,0
C001280,-0.6559259350588464,0.1616935284358845,0.010583019755769607,0.9760841062779199,-0.46410667241066167,-0.21139890034421666,4.698608632023215,-0.20705964456619616,-0.2280709641734485,0.0,1.0,0.0,0.0,1.0,0.0,0.0,0.0,1.0,0.0,0.0,1.0,0.0,1.0,1.0,0.0,0
C001281,-1.1837161376095497,1.8480904263114253,-0.4084895337844202,-0.9793431517078963,-0.46410667241066167,-0.21139890034421666,-0.2128289624261387,-0.20705964456619616,-0.2280709641734485,0.0,0.0,1.0,0.0,1.0,0.0,0.0,0.0,0.0,1.0,0.0,1.0,1.0,0.0,0.0,1.0,0
C001282,0.6928712492373954,0.0298083425067372,0.6744239426200612,-0.0016295227149882177,-0.46410667241066167,-0.21139890034421666,-0.2128289624261387,-0.20705964456619616,-0.2280709641734485,0.0,1.0,0.0,1.0,0.0,0.0,0.0,0.0,1.0,0.0,0.0,1.0,1.0,0.0,1.0,0.0,0
C001283,0.5169411817204943,-2.0091413170444103,-1.036484564572858,-0.9793431517078963,-0.46410667241066167,-0.21139890034421666,-0.2128289624261387,-0.20705964456619616,-0.2280709641734485,0.0,1.0,0.0,0.0,0.0,1.0,1.0,0.0,0.0,0.0,0.0,1.0,0.0,1.0,1.0,0.0,0
C001284,-0.47999586754194534,0.5957667958012649,-0.032650786564859,-0.9793431517078963,2.1546770590601567,-0.21139890034421666,-0.2128289624261387,-0.20705964456619616,-0.2280709641734485,1.0,0.0,0.0,0.0,1.0,0.0,0.0,0.0,1.0,0.0,0.0,1.0,1.0,0.0,0.0,1.0,0
C001285,-0.8904993584147146,-0.48414565026155554,-0.7731236497324503,-0.0016295227149882177,-0.46410667241066167,-0.21139890034421666,-0.2128289624261387,-0.20705964456619616,-0.2280709641734485,0.0,1.0,0.0,1.0,0.0,0.0,1.0,0.0,0.0,0.0,0.0,1.0,1.0,0.0,1.0,0.0,0
C001286,-1.1250727817705828,0.274369859576061,-0.6984335479164481,-0.0016295227149882177,-0.46410667241066167,-0.21139890034421666,-0.2128289624261387,-0.20705964456619616,-0.2280709641734485,1.0,0.0,0.0,0.0,1.0,0.0,0.0,1.0,0.0,0.0,1.0,0.0,0.0,1.0,1.0,0.0,1
C001287,1.8657383660167361,-0.11496083139062155,1.2332047073267907,-0.9793431517078963,-0.46410667241066167,-0.21139890034421666,-0.2128289624261387,-0.20705964456619616,-0.2280709641734485,0.0,1.0,0.0,1.0,0.0,0.0,0.0,0.0,1.0,0.0,0.0,1.0,0.0,1.0,0.0,1.0,0
C001288,1.924381721855703,-1.5411011723082904,-0.20906792913494052,-0.0016295227149882177,2.1546770590601567,-0.21139890034421666,-0.2128289624261387,-0.20705964456619616,4.384600221356971,1.0,0.0,0.0,0.0,0.0,1.0,0.0,0.0,0.0,1.0,1.0,0.0,1.0,0.0,0.0,1.0,0
C001289,-0.18677908834711016,0.7217956235630436,0.15908530407167817,-0.9793431517078963,2.1546770590601567,-0.21139890034421666,-0.2128289624261387,-0.20705964456619616,-0.2280709641734485,0.0,1.0,0.0,0.0,1.0,0.0,0.0,1.0,0.0,0.0,1.0,0.0,1.0,0.0,1.0,0.0,0
C001290,0.5755845375594614,0.3296538806760235,0.7919237710870524,0.9760841062779199,2.1546770590601567,-0.21139890034421666,-0.2128289624261387,-0.20705964456619616,-0.2280709641734485,1.0,0.0,0.0,0.0,1.0,0.0,0.0,0.0,0.0,1.0,1.0,0.0,1.0,0.0,1.0,0.0,0
C001291,-0.010849020830209034,-2.0091413170444103,-1.1941454817541415,-0.0016295227149882177,-0.46410667241066167,-0.21139890034421666,-0.2128289624261387,-0.20705964456619616,-0.2280709641734485,1.0,0.0,0.0,0.0,0.0,1.0,0.0,0.0,1.0,0.0,0.0,1.0,0.0,1.0,0.0,1.0,0
C001292,-1.535576272643352,0.1616935284358845,-1.3670360670714303,-0.9793431517078963,-0.46410667241066167,-0.21139890034421666,4.698608632023215,-0.20705964456619616,-0.2280709641734485,1.0,0.0,0.0,1.0,0.0,0.0,0.0,0.0,1.0,0.0,1.0,0.0,0.0,1.0,1.0,0.0,0
C001293,-1.0664294259316156,1.1500125327610558,-0.14788141679956815,-0.9793431517078963,2.1546770590601567,-0.21139890034421666,-0.2128289624261387,4.829526304341278,-0.2280709641734485,1.0,0.0,0.0,0.0,1.0,0.0,1.0,0.0,0.0,0.0,0.0,1.0,1.0,0.0,1.0,0.0,1
C001294,0.5169411817204943,1.0638069405373858,1.1836915458978141,-0.0016295227149882177,2.1546770590601567,-0.21139890034421666,-0.2128289624261387,-0.20705964456619616,-0.2280709641734485,1.0,0.0,0.0,0.0,1.0,0.0,0.0,1.0,0.0,0.0,1.0,0.0,1.0,0.0,0.0,1.0,1
C001295,-0.8318560025757475,0.33199642394297096,-0.6075019387526687,0.9760841062779199,-0.46410667241066167,-0.21139890034421666,-0.2128289624261387,-0.20705964456619616,-0.2280709641734485,0.0,1.0,0.0,1.0,0.0,0.0,0.0,1.0,0.0,0.0,1.0,0.0,1.0,0.0,1.0,0.0,1
C001296,-0.7145692908978135,0.41257991232596664,-0.38654155088201886,1.953797735270828,-0.46410667241066167,-0.21139890034421666,-0.2128289624261387,-0.20705964456619616,-0.2280709641734485,0.0,1.0,0.0,1.0,0.0,0.0,1.0,0.0,0.0,0.0,1.0,0.0,1.0,0.0,1.0,0.0,1
C001297,0.3996544700425602,0.1616935284358845,1.4276712758362706,-0.9793431517078963,-0.46410667241066167,-0.21139890034421666,4.698608632023215,-0.20705964456619616,-0.2280709641734485,1.0,0.0,0.0,0.0,1.0,0.0,1.0,0.0,0.0,0.0,0.0,1.0,0.0,1.0,1.0,0.0,0
C001298,0.16508104668669207,0.7564652639138671,0.6832031357810219,-0.9793431517078963,-0.46410667241066167,-0.21139890034421666,-0.2128289624261387,-0.20705964456619616,-0.2280709641734485,0.0,1.0,0.0,0.0,1.0,0.0,0.0,1.0,0.0,0.0,0.0,1.0,0.0,1.0,0.0,1.0,0
C001299,0.45829782588152723,0.5339236535538499,0.8465110085632962,-0.9793431517078963,-0.46410667241066167,-0.21139890034421666,-0.2128289624261387,-0.20705964456619616,-0.2280709641734485,0.0,1.0,0.0,0.0,1.0,0.0,0.0,1.0,0.0,0.0,0.0,1.0,0.0,1.0,1.0,0.0,0
C001300,1.0447313842711976,0.23595214999812153,0.893048172310591,-0.9793431517078963,-0.46410667241066167,-0.21139890034421666,-0.2128289624261387,-0.20705964456619616,-0.2280709641734485,0.0,0.0,1.0,0.0,1.0,0.0,1.0,0.0,0.0,0.0,1.0,0.0,1.0,0.0,1.0,0.0,0
C001301,-0.18677908834711016,-0.5947136924614799,-0.47767403988931173,-0.0016295227149882177,-0.46410667241066167,-0.21139890034421666,-0.2128289624261387,-0.20705964456619616,-0.2280709641734485,0.0,0.0,1.0,1.0,0.0,0.0,0.0,0.0,0.0,1.0,0.0,1.0,0.0,1.0,1.0,0.0,0
C001302,0.22372440252565912,-2.0091413170444103,-1.1716692592632416,-0.9793431517078963,-0.46410667241066167,-0.21139890034421666,-0.2128289624261387,-0.20705964456619616,-0.2280709641734485,0.0,0.0,1.0,0.0,0.0,1.0,0.0,0.0,1.0,0.0,0.0,1.0,1.0,0.0,0.0,1.0,0
C001303,-1.652862984321286,-1.6821222769785324,-1.4969086059000125,-0.0016295227149882177,-0.46410667241066167,-0.21139890034421666,-0.2128289624261387,-0.20705964456619616,-0.2280709641734485,0.0,0.0,1.0,0.0,0.0,1.0,1.0,0.0,0.0,0.0,0.0,1.0,0.0,1.0,0.0,1.0,0
C001304,0.6342278933984283,1.2029540105940701,1.407977611177743,-0.0016295227149882177,-0.46410667241066167,-0.21139890034421666,-0.2128289624261387,-0.20705964456619616,-0.2280709641734485,0.0,0.0,1.0,0.0,1.0,0.0,0.0,0.0,0.0,1.0,0.0,1.0,0.0,1.0,0.0,1.0,0
C001305,1.2206614517880987,-2.0091413170444103,-0.9408136791010007,-0.0016295227149882177,-0.46410667241066167,-0.21139890034421666,-0.2128289624261387,-0.20705964456619616,-0.2280709641734485,0.0,0.0,1.0,0.0,0.0,1.0,1.0,0.0,0.0,0.0,1.0,0.0,0.0,1.0,0.0,1.0,0
C001306,1.6311649426608679,0.9836919608077792,2.284743728172144,0.9760841062779199,-0.46410667241066167,-0.21139890034421666,-0.2128289624261387,-0.20705964456619616,-0.2280709641734485,0.0,0.0,1.0,0.0,1.0,0.0,1.0,0.0,0.0,0.0,0.0,1.0,1.0,0.0,1.0,0.0,0
C001307,-0.18677908834711016,0.8267415619222936,0.20936478490368768,0.9760841062779199,-0.46410667241066167,-0.21139890034421666,-0.2128289624261387,-0.20705964456619616,-0.2280709641734485,1.0,0.0,0.0,0.0,1.0,0.0,1.0,0.0,0.0,0.0,1.0,0.0,1.0,0.0,1.0,0.0,1
C001308,-0.5386392233809124,0.11648244338379629,-0.339171107783853,-0.0016295227149882177,-0.46410667241066167,-0.21139890034421666,-0.2128289624261387,-0.20705964456619616,-0.2280709641734485,1.0,0.0,0.0,1.0,0.0,0.0,0.0,1.0,0.0,0.0,0.0,1.0,0.0,1.0,1.0,0.0,0
C001309,-0.010849020830209034,0.3226262508751806,1.127995749285144,-0.0016295227149882177,-0.46410667241066167,4.730393575234874,-0.2128289624261387,-0.20705964456619616,-0.2280709641734485,0.0,0.0,1.0,0.0,1.0,0.0,1.0,0.0,0.0,0.0,0.0,1.0,1.0,0.0,1.0,0.0,0
C001310,-0.6559259350588464,0.9429317079628923,-0.025471192157802226,-0.9793431517078963,-0.46410667241066167,-0.21139890034421666,-0.2128289624261387,-0.20705964456619616,-0.2280709641734485,1.0,0.0,0.0,0.0,1.0,0.0,1.0,0.0,0.0,0.0,1.0,0.0,1.0,0.0,1.0,0.0,0
C001311,-1.3010028492874839,0.41585947289969355,-0.7950567526464433,0.9760841062779199,-0.46410667241066167,-0.21139890034421666,-0.2128289624261387,-0.20705964456619616,-0.2280709641734485,0.0,0.0,1.0,1.0,0.0,0.0,1.0,0.0,0.0,0.0,1.0,0.0,0.0,1.0,1.0,0.0,1
C001312,0.047794335008758,-0.7769635586299993,-0.36405044840271067,-0.9793431517078963,-0.46410667241066167,-0.21139890034421666,-0.2128289624261387,-0.20705964456619616,-0.2280709641734485,0.0,0.0,1.0,1.0,0.0,0.0,0.0,1.0,0.0,0.0,1.0,0.0,0.0,1.0,1.0,0.0,0
C001313,0.22372440252565912,0.1616935284358845,-1.106933869692464,-0.9793431517078963,-0.46410667241066167,-0.21139890034421666,4.698608632023215,-0.20705964456619616,-0.2280709641734485,0.0,1.0,0.0,0.0,0.0,1.0,0.0,0.0,1.0,0.0,0.0,1.0,1.0,0.0,1.0,0.0,0
C001314,0.8688013167542965,-0.13276416021942306,0.49645184126130115,-0.0016295227149882177,-0.46410667241066167,-0.21139890034421666,-0.2128289624261387,-0.20705964456619616,-0.2280709641734485,1.0,0.0,0.0,1.0,0.0,0.0,1.0,0.0,0.0,0.0,0.0,1.0,0.0,1.0,0.0,1.0,0
C001315,1.1620180959491317,-2.0091413170444103,-0.8527315877174314,-0.0016295227149882177,-0.46410667241066167,-0.21139890034421666,-0.2128289624261387,-0.20705964456619616,-0.2280709641734485,0.0,1.0,0.0,0.0,0.0,1.0,1.0,0.0,0.0,0.0,1.0,0.0,0.0,1.0,1.0,0.0,0
C001316,1.2793048076270657,0.1616935284358845,0.8118183155890936,-0.0016295227149882177,2.1546770590601567,-0.21139890034421666,4.698608632023215,-0.20705964456619616,-0.2280709641734485,0.0,0.0,1.0,1.0,0.0,0.0,0.0,0.0,0.0,1.0,0.0,1.0,0.0,1.0,1.0,0.0,0
C001317,-0.7732126467367805,-0.03765690358135247,-0.48179579667844064,-0.0016295227149882177,-0.46410667241066167,-0.21139890034421666,-0.2128289624261387,-0.20705964456619616,-0.2280709641734485,1.0,0.0,0.0,1.0,0.0,0.0,0.0,0.0,1.0,0.0,1.0,0.0,0.0,1.0,0.0,1.0,1
C001318,-1.0077860700926486,-1.9323058978885308,-1.582557819178807,-0.9793431517078963,-0.46410667241066167,-0.21139890034421666,-0.2128289624261387,-0.20705964456619616,-0.2280709641734485,0.0,0.0,1.0,0.0,0.0,1.0,1.0,0.0,0.0,0.0,0.0,1.0,1.0,0.0,0.0,1.0,0
C001319,0.3410111142035932,-2.0091413170444103,-1.092805320698681,-0.9793431517078963,-0.46410667241066167,-0.21139890034421666,-0.2128289624261387,-0.20705964456619616,-0.2280709641734485,0.0,1.0,0.0,0.0,0.0,1.0,0.0,0.0,1.0,0.0,0.0,1.0,0.0,1.0,0.0,1.0,0
C001320,0.3996544700425602,0.6285624015385307,-0.14788141679956815,0.9760841062779199,-0.46410667241066167,-0.21139890034421666,-0.2128289624261387,4.829526304341278,-0.2280709641734485,0.0,0.0,1.0,0.0,1.0,0.0,0.0,1.0,0.0,0.0,1.0,0.0,1.0,0.0,1.0,0.0,0
C001321,0.6342278933984283,1.5285675246997799,1.6169224084086038,-0.0016295227149882177,-0.46410667241066167,-0.21139890034421666,-0.2128289624261387,-0.20705964456619616,-0.2280709641734485,1.0,0.0,0.0,0.0,1.0,0.0,0.0,1.0,0.0,0.0,0.0,1.0,1.0,0.0,1.0,0.0,1
C001322,0.9274446725932636,-0.0076723497644238005,0.8700734702080097,-0.9793431517078963,-0.46410667241066167,-0.21139890034421666,-0.2128289624261387,-0.20705964456619616,-0.2280709641734485,0.0,0.0,1.0,1.0,0.0,0.0,0.0,0.0,0.0,1.0,0.0,1.0,0.0,1.0,0.0,1.0,0
C001323,-0.36270915586401126,-0.25363939279391656,-0.47742108008636885,-0.9793431517078963,-0.46410667241066167,-0.21139890034421666,-0.2128289624261387,-0.20705964456619616,-0.2280709641734485,1.0,0.0,0.0,1.0,0.0,0.0,0.0,0.0,1.0,0.0,0.0,1.0,1.0,0.0,0.0,1.0,1
C001324,-1.4182895609654178,1.8279445542156767,-0.6213403279724878,-0.0016295227149882177,-0.46410667241066167,-0.21139890034421666,-0.2128289624261387,-0.20705964456619616,-0.2280709641734485,0.0,1.0,0.0,0.0,1.0,0.0,0.0,0.0,1.0,0.0,0.0,1.0,1.0,0.0,1.0,0.0,0
C001325,-1.0077860700926486,-2.0091413170444103,-0.14788141679956815,0.9760841062779199,-0.46410667241066167,-0.21139890034421666,-0.2128289624261387,4.829526304341278,-0.2280709641734485,0.0,0.0,1.0,0.0,0.0,1.0,0.0,1.0,0.0,0.0,0.0,1.0,1.0,0.0,1.0,0.0,0
C001326,0.45829782588152723,-0.6396905231868729,-0.13952630330824722,-0.9793431517078963,-0.46410667241066167,-0.21139890034421666,-0.2128289624261387,-0.20705964456619616,-0.2280709641734485,1.0,0.0,0.0,1.0,0.0,0.0,0.0,0.0,1.0,0.0,0.0,1.0,1.0,0.0,1.0,0.0,1
C001327,-1.0077860700926486,0.41117438636579806,-0.611742735449065,0.9760841062779199,-0.46410667241066167,-0.21139890034421666,-0.2128289624261387,-0.20705964456619616,-0.2280709641734485,1.0,0.0,0.0,0.0,1.0,0.0,1.0,0.0,0.0,0.0,0.0,1.0,0.0,1.0,0.0,1.0,1
C001328,-0.7732126467367805,-0.754943651920692,-0.9105031427130743,-0.0016295227149882177,-0.46410667241066167,-0.21139890034421666,-0.2128289624261387,-0.20705964456619616,-0.2280709641734485,0.0,0.0,1.0,1.0,0.0,0.0,0.0,0.0,0.0,1.0,0.0,1.0,1.0,0.0,1.0,0.0,0
C001329,-0.30406580002504424,0.1616935284358845,-0.052441171148041144,-0.0016295227149882177,-0.46410667241066167,-0.21139890034421666,4.698608632023215,-0.20705964456619616,-0.2280709641734485,0.0,1.0,0.0,1.0,0.0,0.0,1.0,0.0,0.0,0.0,0.0,1.0,1.0,0.0,1.0,0.0,0
C001330,-0.7145692908978135,1.4887442891616711,0.06199337970681807,-0.0016295227149882177,-0.46410667241066167,-0.21139890034421666,-0.2128289624261387,-0.20705964456619616,4.384600221356971,1.0,0.0,0.0,0.0,1.0,0.0,0.0,0.0,0.0,1.0,0.0,1.0,1.0,0.0,1.0,0.0,1
C001331,-0.06949237666917607,-0.866917220080785,-0.5376775931462158,-0.0016295227149882177,-0.46410667241066167,-0.21139890034421666,-0.2128289624261387,-0.20705964456619616,-0.2280709641734485,0.0,0.0,1.0,1.0,0.0,0.0,0.0,0.0,1.0,0.0,0.0,1.0,0.0,1.0,1.0,0.0,0
C001332,-2.122009831033022,0.8065956898265444,-1.576390063983522,-0.0016295227149882177,-0.46410667241066167,-0.21139890034421666,-0.2128289624261387,-0.20705964456619616,-0.2280709641734485,0.0,0.0,1.0,0.0,1.0,0.0,0.0,1.0,0.0,0.0,0.0,1.0,0.0,1.0,1.0,0.0,0
C001333,0.45829782588152723,-0.15618959288889855,0.43886628612076334,0.9760841062779199,-0.46410667241066167,-0.21139890034421666,-0.2128289624261387,-0.20705964456619616,-0.2280709641734485,0.0,0.0,1.0,1.0,0.0,0.0,0.0,0.0,1.0,0.0,1.0,0.0,1.0,0.0,1.0,0.0,0
C001334,0.9860880284322305,-0.796172413418969,0.15825202472080743,-0.0016295227149882177,-0.46410667241066167,-0.21139890034421666,-0.2128289624261387,-0.20705964456619616,-0.2280709641734485,0.0,1.0,0.0,1.0,0.0,0.0,1.0,0.0,0.0,0.0,0.0,1.0,0.0,1.0,1.0,0.0,0
C001335,-0.1281357325081431,0.32356326818196013,0.16718745776005606,0.9760841062779199,-0.46410667241066167,-0.21139890034421666,-0.2128289624261387,-0.20705964456619616,-0.2280709641734485,1.0,0.0,0.0,0.0,1.0,0.0,0.0,0.0,1.0,0.0,1.0,0.0,0.0,1.0,1.0,0.0,0
C001336,-0.06949237666917607,0.7152365024155904,0.43365085018361665,-0.0016295227149882177,-0.46410667241066167,-0.21139890034421666,-0.2128289624261387,-0.20705964456619616,-0.2280709641734485,0.0,1.0,0.0,0.0,1.0,0.0,0.0,0.0,1.0,0.0,1.0,0.0,0.0,1.0,1.0,0.0,0
C001337,0.5169411817204943,0.8154973542409456,1.0279873471922363,0.9760841062779199,-0.46410667241066167,-0.21139890034421666,-0.2128289624261387,-0.20705964456619616,-0.2280709641734485,1.0,0.0,0.0,0.0,1.0,0.0,0.0,1.0,0.0,0.0,1.0,0.0,1.0,0.0,1.0,0.0,1
C001338,0.3410111142035932,1.2441827720923468,1.1377867816578764,1.953797735270828,2.1546770590601567,-0.21139890034421666,-0.2128289624261387,-0.20705964456619616,-0.2280709641734485,1.0,0.0,0.0,0.0,1.0,0.0,1.0,0.0,0.0,0.0,0.0,1.0,1.0,0.0,1.0,0.0,1
C001339,-1.1250727817705828,0.7217956235630436,-0.5637398928435418,-0.0016295227149882177,2.1546770590601567,-0.21139890034421666,-0.2128289624261387,-0.20705964456619616,4.384600221356971,1.0,0.0,0.0,0.0,1.0,0.0,0.0,0.0,1.0,0.0,1.0,0.0,1.0,0.0,1.0,0.0,1
C001340,-0.8318560025757475,0.07150561265840329,-0.6264218440139592,-0.9793431517078963,-0.46410667241066167,-0.21139890034421666,-0.2128289624261387,-0.20705964456619616,-0.2280709641734485,1.0,0.0,0.0,1.0,0.0,0.0,0.0,1.0,0.0,0.0,0.0,1.0,1.0,0.0,0.0,1.0,0
C001341,-0.42135251170297827,-0.8261569672358977,-0.8028613065666531,-0.0016295227149882177,-0.46410667241066167,-0.21139890034421666,-0.2128289624261387,-0.20705964456619616,4.384600221356971,1.0,0.0,0.0,1.0,0.0,0.0,0.0,1.0,0.0,0.0,0.0,1.0,1.0,0.0,0.0,1.0,1
C001342,0.45829782588152723,0.7827017485036798,1.0677466762195014,0.9760841062779199,-0.46410667241066167,-0.21139890034421666,-0.2128289624261387,-0.20705964456619616,-0.2280709641734485,1.0,0.0,0.0,0.0,1.0,0.0,0.0,0.0,1.0,0.0,0.0,1.0,1.0,0.0,1.0,0.0,1
C001343,-0.9491427142536816,-0.031097782433899303,-0.6598497379734468,-0.0016295227149882177,2.1546770590601567,-0.21139890034421666,-0.2128289624261387,-0.20705964456619616,-0.2280709641734485,1.0,0.0,0.0,0.0,1.0,0.0,0.0,0.0,1.0,0.0,1.0,0.0,0.0,1.0,1.0,0.0,1
C001344,-0.24542244418607717,-0.7671248769088196,-0.5721545262884963,-0.0016295227149882177,-0.46410667241066167,-0.21139890034421666,-0.2128289624261387,-0.20705964456619616,-0.2280709641734485,1.0,0.0,0.0,1.0,0.0,0.0,0.0,1.0,0.0,0.0,0.0,1.0,0.0,1.0,0.0,1.0,0
C001345,-1.8874364076771541,-1.2576534370076364,-1.3970192437143718,-0.9793431517078963,-0.46410667241066167,-0.21139890034421666,-0.2128289624261387,-0.20705964456619616,-0.2280709641734485,0.0,1.0,0.0,1.0,0.0,0.0,0.0,0.0,0.0,1.0,1.0,0.0,1.0,0.0,1.0,0.0,0
C001346,-1.0077860700926486,-0.6457811356809363,-0.9001764307576394,-0.9793431517078963,-0.46410667241066167,-0.21139890034421666,-0.2128289624261387,-0.20705964456619616,-0.2280709641734485,1.0,0.0,0.0,1.0,0.0,0.0,0.0,0.0,0.0,1.0,1.0,0.0,0.0,1.0,1.0,0.0,0
C001347,-0.7732126467367805,0.9593295108315248,-0.1341769474754246,-0.9793431517078963,-0.46410667241066167,-0.21139890034421666,-0.2128289624261387,-0.20705964456619616,-0.2280709641734485,1.0,0.0,0.0,0.0,1.0,0.0,1.0,0.0,0.0,0.0,1.0,0.0,0.0,1.0,1.0,0.0,1
C001348,1.748451654338802,-0.09622048525504122,1.202380811338774,-0.0016295227149882177,-0.46410667241066167,-0.21139890034421666,-0.2128289624261387,-0.20705964456619616,-0.2280709641734485,1.0,0.0,0.0,1.0,0.0,0.0,0.0,0.0,0.0,1.0,0.0,1.0,1.0,0.0,0.0,1.0,0
C001349,-1.0664294259316156,0.8431393647909262,-0.619190169647473,-0.9793431517078963,-0.46410667241066167,-0.21139890034421666,-0.2128289624261387,-0.20705964456619616,-0.2280709641734485,1.0,0.0,0.0,0.0,1.0,0.0,0.0,1.0,0.0,0.0,1.0,0.0,1.0,0.0,0.0,1.0,1
C001350,-0.010849020830209034,-1.165357232289903,-0.6532727830969307,-0.9793431517078963,-0.46410667241066167,-0.21139890034421666,-0.2128289624261387,-0.20705964456619616,-0.2280709641734485,1.0,0.0,0.0,0.0,0.0,1.0,0.0,1.0,0.0,0.0,0.0,1.0,0.0,1.0,1.0,0.0,0
C001351,-0.47999586754194534,-1.1611406544093974,-0.866257497180674,-0.9793431517078963,-0.46410667241066167,-0.21139890034421666,-0.2128289624261387,-0.20705964456619616,-0.2280709641734485,1.0,0.0,0.0,0.0,0.0,1.0,0.0,0.0,0.0,1.0,0.0,1.0,0.0,1.0,1.0,0.0,0
C001352,0.3410111142035932,0.8698443580341286,-0.14788141679956815,-0.0016295227149882177,-0.46410667241066167,-0.21139890034421666,-0.2128289624261387,4.829526304341278,4.384600221356971,1.0,0.0,0.0,0.0,1.0,0.0,0.0,0.0,0.0,1.0,1.0,0.0,0.0,1.0,1.0,0.0,0
C001353,-0.5972825792198794,-0.23911562453884164,-0.5907396318105975,-0.9793431517078963,-0.46410667241066167,-0.21139890034421666,-0.2128289624261387,-0.20705964456619616,-0.2280709641734485,1.0,0.0,0.0,1.0,0.0,0.0,1.0,0.0,0.0,0.0,0.0,1.0,0.0,1.0,1.0,0.0,0
C001354,0.6928712492373954,-0.023133135326277553,0.7128887126557949,1.953797735270828,2.1546770590601567,-0.21139890034421666,-0.2128289624261387,-0.20705964456619616,-0.2280709641734485,1.0,0.0,0.0,0.0,1.0,0.0,0.0,0.0,1.0,0.0,0.0,1.0,0.0,1.0,1.0,0.0,0
C001355,1.513878230982934,-0.2995532408260884,0.7832040978797256,-0.9793431517078963,2.1546770590601567,-0.21139890034421666,-0.2128289624261387,-0.20705964456619616,-0.2280709641734485,1.0,0.0,0.0,1.0,0.0,0.0,1.0,0.0,0.0,0.0,0.0,1.0,0.0,1.0,1.0,0.0,0
C001356,-1.652862984321286,-1.7303786682776519,-1.4286243390938296,-0.0016295227149882177,-0.46410667241066167,-0.21139890034421666,-0.2128289624261387,-0.20705964456619616,-0.2280709641734485,0.0,1.0,0.0,0.0,0.0,1.0,0.0,0.0,1.0,0.0,0.0,1.0,0.0,1.0,1.0,0.0,0
C001357,1.1033747401101646,0.2045620702210243,1.0143126378449094,-0.9793431517078963,-0.46410667241066167,-0.21139890034421666,-0.2128289624261387,-0.20705964456619616,-0.2280709641734485,1.0,0.0,0.0,1.0,0.0,0.0,0.0,0.0,0.0,1.0,1.0,0.0,1.0,0.0,1.0,0.0,0
C001358,-1.2423594934485167,0.1616935284358845,-1.1465443988356452,0.9760841062779199,2.1546770590601567,-0.21139890034421666,4.698608632023215,-0.20705964456619616,-0.2280709641734485,1.0,0.0,0.0,1.0,0.0,0.0,0.0,1.0,0.0,0.0,0.0,1.0,0.0,1.0,1.0,0.0,0
C001359,-0.5972825792198794,1.5885366323336372,0.19558591563750216,1.953797735270828,-0.46410667241066167,-0.21139890034421666,-0.2128289624261387,-0.20705964456619616,-0.2280709641734485,0.0,1.0,0.0,0.0,1.0,0.0,1.0,0.0,0.0,0.0,0.0,1.0,0.0,1.0,1.0,0.0,0
C001360,-0.6559259350588464,-1.2407871254856142,-1.0544000706165808,0.9760841062779199,2.1546770590601567,-0.21139890034421666,-0.2128289624261387,-0.20705964456619616,-0.2280709641734485,0.0,1.0,0.0,0.0,0.0,1.0,0.0,0.0,1.0,0.0,0.0,1.0,1.0,0.0,0.0,1.0,0
C001361,0.16508104668669207,0.9691681925527043,0.8781012239543456,-0.0016295227149882177,-0.46410667241066167,-0.21139890034421666,-0.2128289624261387,-0.20705964456619616,-0.2280709641734485,0.0,1.0,0.0,0.0,1.0,0.0,0.0,1.0,0.0,0.0,1.0,0.0,0.0,1.0,1.0,0.0,0
C001362,-1.77014969599922,0.7986310427189233,-1.1156014629403614,-0.0016295227149882177,-0.46410667241066167,-0.21139890034421666,-0.2128289624261387,-0.20705964456619616,-0.2280709641734485,0.0,1.0,0.0,0.0,1.0,0.0,0.0,0.0,0.0,1.0,0.0,1.0,1.0,0.0,1.0,0.0,0
C001363,1.513878230982934,-0.4218339993607505,0.7259384624899687,-0.0016295227149882177,-0.46410667241066167,-0.21139890034421666,-0.2128289624261387,-0.20705964456619616,-0.2280709641734485,1.0,0.0,0.0,1.0,0.0,0.0,0.0,0.0,0.0,1.0,0.0,1.0,0.0,1.0,0.0,1.0,0
C001364,1.8070950101777692,0.008725453104209116,1.4117273682566618,-0.9793431517078963,-0.46410667241066167,-0.21139890034421666,-0.2128289624261387,-0.20705964456619616,-0.2280709641734485,0.0,0.0,1.0,1.0,0.0,0.0,1.0,0.0,0.0,0.0,0.0,1.0,1.0,0.0,1.0,0.0,0
C001365,-0.36270915586401126,1.1523550760280032,0.2750748137152161,0.9760841062779199,-0.46410667241066167,-0.21139890034421666,-0.2128289624261387,-0.20705964456619616,-0.2280709641734485,0.0,1.0,0.0,0.0,1.0,0.0,0.0,0.0,0.0,1.0,0.0,1.0,0.0,1.0,1.0,0.0,1
C001366,-1.2423594934485167,0.6435546784469954,-0.7868950790044316,-0.0016295227149882177,-0.46410667241066167,-0.21139890034421666,-0.2128289624261387,-0.20705964456619616,4.384600221356971,0.0,0.0,1.0,0.0,1.0,0.0,0.0,1.0,0.0,0.0,1.0,0.0,1.0,0.0,1.0,0.0,0
C001367,1.3379481634660328,-0.46446828681919605,0.6685686671813529,-0.0016295227149882177,-0.46410667241066167,-0.21139890034421666,-0.2128289624261387,-0.20705964456619616,-0.2280709641734485,1.0,0.0,0.0,1.0,0.0,0.0,1.0,0.0,0.0,0.0,0.0,1.0,1.0,0.0,1.0,0.0,1
C001368,-0.010849020830209034,0.7485006168062454,0.1492124317626997,0.9760841062779199,-0.46410667241066167,4.730393575234874,-0.2128289624261387,-0.20705964456619616,-0.2280709641734485,1.0,0.0,0.0,0.0,1.0,0.0,1.0,0.0,0.0,0.0,0.0,1.0,0.0,1.0,1.0,0.0,1
C001369,-1.2423594934485167,0.15208910104139894,-0.8540782266683924,-0.9793431517078963,-0.46410667241066167,-0.21139890034421666,-0.2128289624261387,-0.20705964456619616,-0.2280709641734485,0.0,0.0,1.0,1.0,0.0,0.0,1.0,0.0,0.0,0.0,1.0,0.0,0.0,1.0,0.0,1.0,0
C001370,-1.3010028492874839,0.15817971353546303,-1.0083613864809673,-0.0016295227149882177,-0.46410667241066167,-0.21139890034421666,-0.2128289624261387,-0.20705964456619616,-0.2280709641734485,1.0,0.0,0.0,1.0,0.0,0.0,0.0,0.0,1.0,0.0,1.0,0.0,1.0,0.0,1.0,0.0,1
C001371,-0.7732126467367805,0.9537074069908505,-0.18093731104884586,-0.0016295227149882177,-0.46410667241066167,-0.21139890034421666,-0.2128289624261387,-0.20705964456619616,-0.2280709641734485,0.0,0.0,1.0,0.0,1.0,0.0,0.0,0.0,1.0,0.0,0.0,1.0,1.0,0.0,1.0,0.0,0
C001372,0.6342278933984283,0.6041999515622763,-0.14788141679956815,-0.0016295227149882177,2.1546770590601567,-0.21139890034421666,-0.2128289624261387,4.829526304341278,-0.2280709641734485,0.0,1.0,0.0,0.0,1.0,0.0,0.0,0.0,1.0,0.0,0.0,1.0,1.0,0.0,1.0,0.0,0
C001373,0.9860880284322305,-0.3735776080616312,0.44429004189562793,-0.0016295227149882177,-0.46410667241066167,-0.21139890034421666,-0.2128289624261387,-0.20705964456619616,4.384600221356971,1.0,0.0,0.0,1.0,0.0,0.0,0.0,1.0,0.0,0.0,0.0,1.0,0.0,1.0,0.0,1.0,0
C001374,0.9860880284322305,1.0000897636764126,1.7681477306032511,-0.0016295227149882177,-0.46410667241066167,-0.21139890034421666,-0.2128289624261387,-0.20705964456619616,-0.2280709641734485,0.0,1.0,0.0,0.0,1.0,0.0,0.0,0.0,1.0,0.0,0.0,1.0,0.0,1.0,1.0,0.0,0
C001375,-0.5972825792198794,0.7695835062087735,-0.11478088258506508,-0.9793431517078963,-0.46410667241066167,-0.21139890034421666,-0.2128289624261387,-0.20705964456619616,-0.2280709641734485,1.0,0.0,0.0,0.0,1.0,0.0,1.0,0.0,0.0,0.0,1.0,0.0,1.0,0.0,0.0,1.0,0
C001376,1.689808298499835,-2.0091413170444103,-0.6481987070496638,-0.0016295227149882177,2.1546770590601567,-0.21139890034421666,-0.2128289624261387,-0.20705964456619616,-0.2280709641734485,0.0,0.0,1.0,0.0,0.0,1.0,0.0,0.0,0.0,1.0,1.0,0.0,1.0,0.0,1.0,0.0,0
C001377,-1.476932916804385,-0.9451581651968333,-1.2452433619486134,-0.9793431517078963,-0.46410667241066167,-0.21139890034421666,-0.2128289624261387,-0.20705964456619616,-0.2280709641734485,0.0,1.0,0.0,1.0,0.0,0.0,0.0,1.0,0.0,0.0,0.0,1.0,0.0,1.0,0.0,1.0,0
C001378,-1.1837161376095497,0.12678963375836577,-0.8220118516482737,0.9760841062779199,-0.46410667241066167,-0.21139890034421666,-0.2128289624261387,-0.20705964456619616,-0.2280709641734485,0.0,1.0,0.0,0.0,1.0,0.0,1.0,0.0,0.0,0.0,0.0,1.0,1.0,0.0,1.0,0.0,1
C001379,0.9860880284322305,1.2751043432160545,1.8553891026417448,-0.9793431517078963,2.1546770590601567,-0.21139890034421666,-0.2128289624261387,-0.20705964456619616,-0.2280709641734485,1.0,0.0,0.0,0.0,1.0,0.0,0.0,0.0,0.0,1.0,0.0,1.0,0.0,1.0,1.0,0.0,1
C001380,0.9860880284322305,-0.07654312181268172,0.5634117890991357,-0.9793431517078963,-0.46410667241066167,-0.21139890034421666,-0.2128289624261387,-0.20705964456619616,-0.2280709641734485,1.0,0.0,0.0,1.0,0.0,0.0,1.0,0.0,0.0,0.0,0.0,1.0,1.0,0.0,1.0,0.0,1
C001381,0.45829782588152723,0.5320496189402916,0.6885078516486189,-0.9793431517078963,-0.46410667241066167,-0.21139890034421666,-0.2128289624261387,-0.20705964456619616,-0.2280709641734485,1.0,0.0,0.0,1.0,0.0,0.0,0.0,0.0,0.0,1.0,0.0,1.0,1.0,0.0,1.0,0.0,0
C001382,-0.010849020830209034,0.4495920959437382,0.34405843997659397,-0.9793431517078963,-0.46410667241066167,-0.21139890034421666,-0.2128289624261387,-0.20705964456619616,-0.2280709641734485,1.0,0.0,0.0,0.0,1.0,0.0,0.0,0.0,0.0,1.0,0.0,1.0,1.0,0.0,0.0,1.0,0
C001383,-0.010849020830209034,0.20034549234051854,0.08671648044738745,-0.9793431517078963,-0.46410667241066167,-0.21139890034421666,-0.2128289624261387,-0.20705964456619616,-0.2280709641734485,0.0,0.0,1.0,0.0,1.0,0.0,0.0,0.0,1.0,0.0,1.0,0.0,1.0,0.0,1.0,0.0,1
C001384,-0.8904993584147146,0.6646375678495228,-0.360628051068777,-0.9793431517078963,-0.46410667241066167,-0.21139890034421666,-0.2128289624261387,-0.20705964456619616,-0.2280709641734485,1.0,0.0,0.0,0.0,1.0,0.0,1.0,0.0,0.0,0.0,0.0,1.0,1.0,0.0,1.0,0.0,0
C001385,-0.24542244418607717,-1.9074749392588868,-1.1178260212074185,-0.9793431517078963,-0.46410667241066167,-0.21139890034421666,-0.2128289624261387,-0.20705964456619616,-0.2280709641734485,1.0,0.0,0.0,0.0,0.0,1.0,0.0,0.0,0.0,1.0,0.0,1.0,0.0,1.0,1.0,0.0,0
C001386,1.4552348751439668,-0.2653521091286543,0.7842382570741098,-0.9793431517078963,-0.46410667241066167,-0.21139890034421666,-0.2128289624261387,-0.20705964456619616,-0.2280709641734485,0.0,0.0,1.0,1.0,0.0,0.0,1.0,0.0,0.0,0.0,0.0,1.0,0.0,1.0,1.0,0.0,0
C001387,-1.0664294259316156,-1.7416228759590002,-1.3522081586224521,-0.9793431517078963,2.1546770590601567,-0.21139890034421666,-0.2128289624261387,-0.20705964456619616,-0.2280709641734485,1.0,0.0,0.0,0.0,0.0,1.0,0.0,0.0,1.0,0.0,1.0,0.0,1.0,0.0,0.0,1.0,0
C001388,1.689808298499835,-1.073529536225559,0.11364181947240118,-0.0016295227149882177,-0.46410667241066167,-0.21139890034421666,-0.2128289624261387,-0.20705964456619616,4.384600221356971,0.0,1.0,0.0,1.0,0.0,0.0,1.0,0.0,0.0,0.0,0.0,1.0,1.0,0.0,1.0,0.0,0
C001389,0.16508104668669207,-0.3693610301811255,0.022248930667961107,-0.0016295227149882177,-0.46410667241066167,-0.21139890034421666,-0.2128289624261387,-0.20705964456619616,-0.2280709641734485,0.0,0.0,1.0,1.0,0.0,0.0,0.0,1.0,0.0,0.0,0.0,1.0,1.0,0.0,1.0,0.0,0
C001390,-1.476932916804385,-1.561247044404039,-1.4190118665819984,-0.9793431517078963,-0.46410667241066167,-0.21139890034421666,-0.2128289624261387,-0.20705964456619616,-0.2280709641734485,0.0,1.0,0.0,0.0,0.0,1.0,0.0,0.0,1.0,0.0,1.0,0.0,0.0,1.0,0.0,1.0,0
C001391,-0.5386392233809124,-0.19085923323972206,-0.39263490613526186,1.953797735270828,-0.46410667241066167,-0.21139890034421666,-0.2128289624261387,-0.20705964456619616,-0.2280709641734485,1.0,0.0,0.0,1.0,0.0,0.0,1.0,0.0,0.0,0.0,1.0,0.0,1.0,0.0,1.0,0.0,0
C001392,0.5169411817204943,0.9883770473416748,1.1198043156663158,-0.0016295227149882177,-0.46410667241066167,-0.21139890034421666,-0.2128289624261387,-0.20705964456619616,-0.2280709641734485,0.0,1.0,0.0,0.0,1.0,0.0,0.0,0.0,1.0,0.0,0.0,1.0,0.0,1.0,1.0,0.0,0
C001393,-0.47999586754194534,1.1842136644584895,0.20166439090233676,1.953797735270828,-0.46410667241066167,-0.21139890034421666,-0.2128289624261387,-0.20705964456619616,-0.2280709641734485,1.0,0.0,0.0,0.0,1.0,0.0,1.0,0.0,0.0,0.0,1.0,0.0,0.0,1.0,1.0,0.0,0
C001394,0.3410111142035932,-0.351557701352324,0.05664402387399547,-0.9793431517078963,-0.46410667241066167,-0.21139890034421666,-0.2128289624261387,-0.20705964456619616,-0.2280709641734485,1.0,0.0,0.0,1.0,0.0,0.0,0.0,1.0,0.0,0.0,0.0,1.0,1.0,0.0,0.0,1.0,0
C001395,-0.6559259350588464,-1.83766714990385,-1.3208709030343453,-0.0016295227149882177,-0.46410667241066167,-0.21139890034421666,-0.2128289624261387,-0.20705964456619616,-0.2280709641734485,0.0,0.0,1.0,0.0,0.0,1.0,0.0,1.0,0.0,0.0,0.0,1.0,1.0,0.0,1.0,0.0,0
C001396,-0.010849020830209034,0.7990995513723124,-0.541226470381621,0.9760841062779199,-0.46410667241066167,4.730393575234874,-0.2128289624261387,-0.20705964456619616,-0.2280709641734485,0.0,1.0,0.0,0.0,1.0,0.0,0.0,0.0,1.0,0.0,0.0,1.0,0.0,1.0,1.0,0.0,0
C001397,-0.06949237666917607,-0.2222493130168193,-0.11128408530908941,-0.9793431517078963,-0.46410667241066167,-0.21139890034421666,-0.2128289624261387,-0.20705964456619616,-0.2280709641734485,1.0,0.0,0.0,1.0,0.0,0.0,0.0,1.0,0.0,0.0,0.0,1.0,0.0,1.0,0.0,1.0,1
C001398,-1.3010028492874839,1.5824460198395731,-0.5616938944373857,-0.9793431517078963,-0.46410667241066167,-0.21139890034421666,-0.2128289624261387,-0.20705964456619616,-0.2280709641734485,0.0,1.0,0.0,0.0,1.0,0.0,0.0,0.0,0.0,1.0,0.0,1.0,0.0,1.0,1.0,0.0,1
C001399,1.572521586821901,-0.24239518511256822,0.9666594749669838,-0.0016295227149882177,-0.46410667241066167,-0.21139890034421666,-0.2128289624261387,-0.20705964456619616,-0.2280709641734485,0.0,1.0,0.0,1.0,0.0,0.0,1.0,0.0,0.0,0.0,0.0,1.0,0.0,1.0,1.0,0.0,0
C001400,-1.1250727817705828,0.16145927410918928,-0.8128160188118779,-0.0016295227149882177,2.1546770590601567,-0.21139890034421666,-0.2128289624261387,-0.20705964456619616,-0.2280709641734485,0.0,0.0,1.0,0.0,1.0,0.0,0.0,0.0,0.0,1.0,0.0,1.0,0.0,1.0,1.0,0.0,0
C001401,-0.6559259350588464,0.41960754212680956,-0.34180486573214114,-0.9793431517078963,-0.46410667241066167,-0.21139890034421666,-0.2128289624261387,-0.20705964456619616,-0.2280709641734485,0.0,1.0,0.0,0.0,1.0,0.0,0.0,0.0,0.0,1.0,0.0,1.0,0.0,1.0,1.0,0.0,0
C001402,-1.0077860700926486,-2.0091413170444103,-1.4560035177653,-0.0016295227149882177,-0.46410667241066167,-0.21139890034421666,-0.2128289624261387,-0.20705964456619616,-0.2280709641734485,0.0,0.0,1.0,0.0,0.0,1.0,1.0,0.0,0.0,0.0,0.0,1.0,0.0,1.0,1.0,0.0,0
C001403,1.748451654338802,-0.2494228149134108,1.170001956562079,-0.9793431517078963,-0.46410667241066167,-0.21139890034421666,-0.2128289624261387,-0.20705964456619616,-0.2280709641734485,0.0,1.0,0.0,1.0,0.0,0.0,0.0,0.0,1.0,0.0,1.0,0.0,0.0,1.0,1.0,0.0,0
C001404,1.924381721855703,-0.3684240128743463,1.0577770839858684,-0.9793431517078963,-0.46410667241066167,-0.21139890034421666,-0.2128289624261387,-0.20705964456619616,-0.2280709641734485,1.0,0.0,0.0,1.0,0.0,0.0,1.0,0.0,0.0,0.0,1.0,0.0,0.0,1.0,1.0,0.0,0
C001405,-0.6559259350588464,1.3317938902761854,0.2514677121052773,-0.9793431517078963,-0.46410667241066167,-0.21139890034421666,-0.2128289624261387,-0.20705964456619616,-0.2280709641734485,1.0,0.0,0.0,0.0,1.0,0.0,0.0,1.0,0.0,0.0,1.0,0.0,0.0,1.0,0.0,1.0,0
C001406,0.8688013167542965,-1.099297512161982,-0.15998628736980777,-0.9793431517078963,-0.46410667241066167,-0.21139890034421666,-0.2128289624261387,-0.20705964456619616,-0.2280709641734485,1.0,0.0,0.0,0.0,0.0,1.0,1.0,0.0,0.0,0.0,0.0,1.0,0.0,1.0,0.0,1.0,0
C001407,-0.47999586754194534,1.6564703870751156,0.45218387574628827,0.9760841062779199,2.1546770590601567,-0.21139890034421666,-0.2128289624261387,-0.20705964456619616,-0.2280709641734485,1.0,0.0,0.0,0.0,1.0,0.0,0.0,1.0,0.0,0.0,0.0,1.0,1.0,0.0,1.0,0.0,1
C001408,0.9860880284322305,0.5418883006614716,1.1658206798193165,-0.9793431517078963,-0.46410667241066167,-0.21139890034421666,-0.2128289624261387,-0.20705964456619616,-0.2280709641734485,1.0,0.0,0.0,0.0,1.0,0.0,1.0,0.0,0.0,0.0,0.0,1.0,0.0,1.0,0.0,1.0,1
C001409,0.3410111142035932,0.9893140646484535,-0.14788141679956815,0.9760841062779199,-0.46410667241066167,-0.21139890034421666,-0.2128289624261387,4.829526304341278,-0.2280709641734485,1.0,0.0,0.0,0.0,1.0,0.0,0.0,1.0,0.0,0.0,0.0,1.0,1.0,0.0,1.0,0.0,1
C001410,-0.7145692908978135,1.4475155276633944,0.23652820374323572,-0.0016295227149882177,-0.46410667241066167,-0.21139890034421666,-0.2128289624261387,-0.20705964456619616,-0.2280709641734485,1.0,0.0,0.0,0.0,1.0,0.0,0.0,0.0,1.0,0.0,0.0,1.0,0.0,1.0,1.0,0.0,1
C001411,0.3410111142035932,0.1235100731846392,-0.14788141679956815,1.953797735270828,-0.46410667241066167,-0.21139890034421666,-0.2128289624261387,4.829526304341278,-0.2280709641734485,1.0,0.0,0.0,1.0,0.0,0.0,1.0,0.0,0.0,0.0,0.0,1.0,0.0,1.0,0.0,1.0,0
C001412,0.9274446725932636,-1.9168451123266772,-0.8780722079769498,-0.9793431517078963,-0.46410667241066167,-0.21139890034421666,-0.2128289624261387,-0.20705964456619616,-0.2280709641734485,0.0,0.0,1.0,0.0,0.0,1.0,0.0,1.0,0.0,0.0,0.0,1.0,1.0,0.0,1.0,0.0,0
C001413,-0.5972825792198794,-1.223452305310202,-1.0019481114769437,1.953797735270828,-0.46410667241066167,-0.21139890034421666,-0.2128289624261387,-0.20705964456619616,-0.2280709641734485,1.0,0.0,0.0,1.0,0.0,0.0,0.0,0.0,0.0,1.0,0.0,1.0,1.0,0.0,1.0,0.0,0
C001414,-0.5386392233809124,0.1616935284358845,0.0017368666469709992,-0.0016295227149882177,2.1546770590601567,-0.21139890034421666,4.698608632023215,-0.20705964456619616,-0.2280709641734485,1.0,0.0,0.0,0.0,1.0,0.0,0.0,0.0,1.0,0.0,0.0,1.0,0.0,1.0,1.0,0.0,1
C001415,1.4552348751439668,1.7562627302470817,2.9873619008287466,-0.0016295227149882177,2.1546770590601567,-0.21139890034421666,-0.2128289624261387,-0.20705964456619616,-0.2280709641734485,0.0,1.0,0.0,0.0,1.0,0.0,0.0,1.0,0.0,0.0,0.0,1.0,0.0,1.0,0.0,1.0,0
C001416,-0.5386392233809124,0.12023051261091262,-0.37759123785436166,-0.0016295227149882177,-0.46410667241066167,-0.21139890034421666,-0.2128289624261387,-0.20705964456619616,-0.2280709641734485,1.0,0.0,0.0,1.0,0.0,0.0,0.0,0.0,1.0,0.0,0.0,1.0,1.0,0.0,1.0,0.0,0
C001417,1.1620180959491317,0.97338477043321,1.8297434426198547,1.953797735270828,-0.46410667241066167,-0.21139890034421666,-0.2128289624261387,-0.20705964456619616,-0.2280709641734485,1.0,0.0,0.0,0.0,1.0,0.0,0.0,0.0,1.0,0.0,1.0,0.0,0.0,1.0,0.0,1.0,1
C001418,-0.010849020830209034,-0.4705588993132595,-0.6033429819925188,-0.9793431517078963,-0.46410667241066167,4.730393575234874,-0.2128289624261387,-0.20705964456619616,-0.2280709641734485,1.0,0.0,0.0,1.0,0.0,0.0,0.0,0.0,1.0,0.0,0.0,1.0,0.0,1.0,1.0,0.0,0
C001419,-1.1837161376095497,0.6374640659529313,-0.7545906241697786,-0.0016295227149882177,-0.46410667241066167,-0.21139890034421666,-0.2128289624261387,-0.20705964456619616,-0.2280709641734485,0.0,0.0,1.0,0.0,1.0,0.0,0.0,0.0,1.0,0.0,0.0,1.0,1.0,0.0,0.0,1.0,0
C001420,1.3965915193049998,-0.45884618297852175,0.6287944581656791,-0.9793431517078963,-0.46410667241066167,-0.21139890034421666,-0.2128289624261387,-0.20705964456619616,-0.2280709641734485,1.0,0.0,0.0,1.0,0.0,0.0,0.0,0.0,1.0,0.0,0.0,1.0,1.0,0.0,1.0,0.0,0
C001421,0.9274446725932636,0.6191922284707404,1.1723381147421992,-0.0016295227149882177,2.1546770590601567,-0.21139890034421666,-0.2128289624261387,-0.20705964456619616,4.384600221356971,1.0,0.0,0.0,1.0,0.0,0.0,1.0,0.0,0.0,0.0,0.0,1.0,0.0,1.0,0.0,1.0,0
C001422,-0.36270915586401126,0.7175790456825378,0.002823105800784787,2.931511364263736,-0.46410667241066167,-0.21139890034421666,-0.2128289624261387,-0.20705964456619616,-0.2280709641734485,1.0,0.0,0.0,0.0,1.0,0.0,0.0,1.0,0.0,0.0,0.0,1.0,0.0,1.0,1.0,0.0,0
C001423,-0.6559259350588464,-0.07841715642623973,-0.4319031955450497,-0.0016295227149882177,-0.46410667241066167,-0.21139890034421666,-0.2128289624261387,-0.20705964456619616,-0.2280709641734485,0.0,1.0,0.0,0.0,1.0,0.0,0.0,0.0,1.0,0.0,0.0,1.0,0.0,1.0,0.0,1.0,0
C001424,-1.711506340160253,-1.0252731449264394,-1.478896379931635,-0.9793431517078963,-0.46410667241066167,-0.21139890034421666,-0.2128289624261387,-0.20705964456619616,-0.2280709641734485,0.0,0.0,1.0,1.0,0.0,0.0,0.0,0.0,1.0,0.0,0.0,1.0,1.0,0.0,1.0,0.0,0
C001425,-0.36270915586401126,-1.1503649553814388,-0.8241173700080636,-0.0016295227149882177,-0.46410667241066167,-0.21139890034421666,-0.2128289624261387,-0.20705964456619616,4.384600221356971,1.0,0.0,0.0,1.0,0.0,0.0,0.0,0.0,1.0,0.0,0.0,1.0,0.0,1.0,1.0,0.0,0
C001426,-0.010849020830209034,-0.33609691579047024,0.4564172324484803,-0.9793431517078963,-0.46410667241066167,4.730393575234874,-0.2128289624261387,-0.20705964456619616,-0.2280709641734485,0.0,0.0,1.0,0.0,1.0,0.0,1.0,0.0,0.0,0.0,1.0,0.0,1.0,0.0,1.0,0.0,0
C001427,-2.0047231193550883,0.1616935284358845,-1.514734832013285,2.931511364263736,2.1546770590601567,-0.21139890034421666,4.698608632023215,-0.20705964456619616,-0.2280709641734485,0.0,1.0,0.0,0.0,1.0,0.0,0.0,0.0,1.0,0.0,0.0,1.0,0.0,1.0,1.0,0.0,1
C001428,-0.24542244418607717,-0.7240220807969846,-0.6258266444776227,0.9760841062779199,2.1546770590601567,-0.21139890034421666,-0.2128289624261387,-0.20705964456619616,-0.2280709641734485,0.0,0.0,1.0,1.0,0.0,0.0,0.0,0.0,0.0,1.0,0.0,1.0,0.0,1.0,1.0,0.0,0
C001429,-1.77014969599922,0.5048761170437001,-1.3130142691547062,0.9760841062779199,2.1546770590601567,-0.21139890034421666,-0.2128289624261387,-0.20705964456619616,-0.2280709641734485,0.0,0.0,1.0,0.0,1.0,0.0,0.0,1.0,0.0,0.0,0.0,1.0,1.0,0.0,0.0,1.0,0
C001430,1.924381721855703,-0.5642606299911614,0.8011568038944695,-0.9793431517078963,-0.46410667241066167,-0.21139890034421666,-0.2128289624261387,-0.20705964456619616,-0.2280709641734485,0.0,0.0,1.0,1.0,0.0,0.0,1.0,0.0,0.0,0.0,1.0,0.0,0.0,1.0,1.0,0.0,0
C001431,-0.5972825792198794,0.9021714551180047,-0.08828706322389546,1.953797735270828,-0.46410667241066167,-0.21139890034421666,-0.2128289624261387,-0.20705964456619616,-0.2280709641734485,1.0,0.0,0.0,0.0,1.0,0.0,1.0,0.0,0.0,0.0,0.0,1.0,1.0,0.0,1.0,0.0,0
C001432,0.3410111142035932,0.01996966078555745,0.20728158652651046,-0.9793431517078963,-0.46410667241066167,-0.21139890034421666,-0.2128289624261387,-0.20705964456619616,-0.2280709641734485,0.0,0.0,1.0,1.0,0.0,0.0,1.0,0.0,0.0,0.0,0.0,1.0,0.0,1.0,1.0,0.0,0
C001433,1.1620180959491317,-1.3818082301558565,-0.3646679679216595,-0.0016295227149882177,-0.46410667241066167,-0.21139890034421666,-0.2128289624261387,-0.20705964456619616,-0.2280709641734485,0.0,1.0,0.0,0.0,0.0,1.0,1.0,0.0,0.0,0.0,1.0,0.0,1.0,0.0,1.0,0.0,0
C001434,-0.010849020830209034,1.0652124664975544,-0.500790101881773,-0.0016295227149882177,-0.46410667241066167,4.730393575234874,-0.2128289624261387,-0.20705964456619616,-0.2280709641734485,1.0,0.0,0.0,0.0,1.0,0.0,0.0,1.0,0.0,0.0,0.0,1.0,1.0,0.0,1.0,0.0,0
C001435,-1.1250727817705828,-1.9163766036732874,-1.3745876611886971,-0.0016295227149882177,-0.46410667241066167,-0.21139890034421666,-0.2128289624261387,-0.20705964456619616,-0.2280709641734485,1.0,0.0,0.0,0.0,0.0,1.0,0.0,0.0,1.0,0.0,0.0,1.0,0.0,1.0,0.0,1.0,0
C001436,1.4552348751439668,-1.22579484857715,0.04773091081735926,1.953797735270828,-0.46410667241066167,-0.21139890034421666,-0.2128289624261387,-0.20705964456619616,-0.2280709641734485,1.0,0.0,0.0,0.0,0.0,1.0,0.0,0.0,1.0,0.0,0.0,1.0,0.0,1.0,0.0,1.0,0
C001437,0.10643769084772503,-0.3881013763167058,-0.052448611142245506,-0.9793431517078963,-0.46410667241066167,-0.21139890034421666,-0.2128289624261387,-0.20705964456619616,-0.2280709641734485,1.0,0.0,0.0,1.0,0.0,0.0,0.0,1.0,0.0,0.0,0.0,1.0,1.0,0.0,1.0,0.0,0
C001438,0.9860880284322305,1.7211245812428684,2.387750447929346,-0.9793431517078963,-0.46410667241066167,-0.21139890034421666,-0.2128289624261387,-0.20705964456619616,-0.2280709641734485,1.0,0.0,0.0,0.0,1.0,0.0,0.0,0.0,0.0,1.0,1.0,0.0,1.0,0.0,0.0,1.0,0
C001439,0.22372440252565912,0.23595214999812153,0.3833490493689944,0.9760841062779199,-0.46410667241066167,-0.21139890034421666,-0.2128289624261387,-0.20705964456619616,-0.2280709641734485,1.0,0.0,0.0,1.0,0.0,0.0,0.0,0.0,1.0,0.0,0.0,1.0,0.0,1.0,1.0,0.0,1
C001440,-0.24542244418607717,0.03777298961435862,-0.1919410624768633,-0.0016295227149882177,-0.46410667241066167,-0.21139890034421666,-0.2128289624261387,-0.20705964456619616,4.384600221356971,1.0,0.0,0.0,1.0,0.0,0.0,0.0,0.0,0.0,1.0,1.0,0.0,1.0,0.0,1.0,0.0,0
C001441,0.8101579609153294,0.09867911455499512,0.735111975343752,-0.0016295227149882177,-0.46410667241066167,-0.21139890034421666,-0.2128289624261387,-0.20705964456619616,-0.2280709641734485,1.0,0.0,0.0,0.0,1.0,0.0,0.0,1.0,0.0,0.0,0.0,1.0,1.0,0.0,1.0,0.0,0
C001442,0.10643769084772503,0.6084165294427821,0.4224610989004941,-0.0016295227149882177,-0.46410667241066167,-0.21139890034421666,-0.2128289624261387,-0.20705964456619616,-0.2280709641734485,1.0,0.0,0.0,0.0,1.0,0.0,0.0,0.0,0.0,1.0,0.0,1.0,1.0,0.0,0.0,1.0,1
C001443,0.22372440252565912,0.4875412968682886,0.5049185546656851,-0.9793431517078963,-0.46410667241066167,-0.21139890034421666,-0.2128289624261387,-0.20705964456619616,-0.2280709641734485,1.0,0.0,0.0,0.0,1.0,0.0,0.0,0.0,0.0,1.0,1.0,0.0,0.0,1.0,1.0,0.0,0
C001444,-0.5386392233809124,0.03449342904063203,-0.43177671564357817,1.953797735270828,-0.46410667241066167,-0.21139890034421666,-0.2128289624261387,-0.20705964456619616,-0.2280709641734485,0.0,0.0,1.0,0.0,1.0,0.0,0.0,0.0,1.0,0.0,1.0,0.0,0.0,1.0,1.0,0.0,0
C001445,-0.42135251170297827,0.5503214564224824,0.03183164320297573,-0.9793431517078963,-0.46410667241066167,-0.21139890034421666,-0.2128289624261387,-0.20705964456619616,-0.2280709641734485,0.0,1.0,0.0,0.0,1.0,0.0,1.0,0.0,0.0,0.0,1.0,0.0,1.0,0.0,1.0,0.0,0
C001446,1.1620180959491317,0.8047216552129867,1.536146391333563,-0.9793431517078963,-0.46410667241066167,-0.21139890034421666,-0.2128289624261387,-0.20705964456619616,-0.2280709641734485,0.0,1.0,0.0,0.0,1.0,0.0,0.0,0.0,0.0,1.0,1.0,0.0,1.0,0.0,1.0,0.0,0
C001447,-0.5972825792198794,-0.42839312050820366,-0.6056345002074136,-0.0016295227149882177,-0.46410667241066167,-0.21139890034421666,-0.2128289624261387,-0.20705964456619616,4.384600221356971,0.0,0.0,1.0,1.0,0.0,0.0,0.0,1.0,0.0,0.0,0.0,1.0,0.0,1.0,0.0,1.0,0
C001448,-1.0077860700926486,0.013410539638104282,-0.8229269709353908,-0.9793431517078963,-0.46410667241066167,-0.21139890034421666,-0.2128289624261387,-0.20705964456619616,-0.2280709641734485,1.0,0.0,0.0,1.0,0.0,0.0,0.0,1.0,0.0,0.0,0.0,1.0,1.0,0.0,0.0,1.0,0
C001449,0.9860880284322305,0.5967038131080444,1.3410399833225213,-0.0016295227149882177,-0.46410667241066167,-0.21139890034421666,-0.2128289624261387,-0.20705964456619616,-0.2280709641734485,0.0,0.0,1.0,0.0,1.0,0.0,1.0,0.0,0.0,0.0,0.0,1.0,0.0,1.0,1.0,0.0,0
C001450,-1.4182895609654178,-0.6748286721910861,-1.2325209718594248,-0.0016295227149882177,2.1546770590601567,-0.21139890034421666,-0.2128289624261387,-0.20705964456619616,-0.2280709641734485,0.0,1.0,0.0,1.0,0.0,0.0,1.0,0.0,0.0,0.0,1.0,0.0,0.0,1.0,0.0,1.0,1
C001451,-0.18677908834711016,1.060527379963659,0.4656502652558972,-0.9793431517078963,2.1546770590601567,-0.21139890034421666,-0.2128289624261387,-0.20705964456619616,-0.2280709641734485,1.0,0.0,0.0,0.0,1.0,0.0,1.0,0.0,0.0,0.0,0.0,1.0,0.0,1.0,1.0,0.0,0
C001452,-0.7145692908978135,0.5133092728047115,-0.23801694658349756,-0.0016295227149882177,-0.46410667241066167,-0.21139890034421666,-0.2128289624261387,-0.20705964456619616,4.384600221356971,0.0,1.0,0.0,0.0,1.0,0.0,0.0,0.0,1.0,0.0,0.0,1.0,0.0,1.0,1.0,0.0,0
C001453,1.1033747401101646,0.9443372339230609,1.737487514487727,-0.0016295227149882177,2.1546770590601567,-0.21139890034421666,-0.2128289624261387,-0.20705964456619616,-0.2280709641734485,1.0,0.0,0.0,0.0,1.0,0.0,0.0,0.0,0.0,1.0,0.0,1.0,1.0,0.0,1.0,0.0,0
C001454,-0.36270915586401126,0.2799919634167354,0.01977885259216531,-0.9793431517078963,-0.46410667241066167,-0.21139890034421666,-0.2128289624261387,-0.20705964456619616,-0.2280709641734485,1.0,0.0,0.0,0.0,1.0,0.0,0.0,0.0,1.0,0.0,0.0,1.0,0.0,1.0,1.0,0.0,1
C001455,0.22372440252565912,0.3071654653133269,0.40351143366238673,-0.0016295227149882177,-0.46410667241066167,-0.21139890034421666,-0.2128289624261387,-0.20705964456619616,-0.2280709641734485,1.0,0.0,0.0,1.0,0.0,0.0,0.0,1.0,0.0,0.0,0.0,1.0,0.0,1.0,1.0,0.0,0
C001456,-0.42135251170297827,-0.04843260260931105,-0.3635817287678459,-0.0016295227149882177,-0.46410667241066167,-0.21139890034421666,-0.2128289624261387,-0.20705964456619616,-0.2280709641734485,1.0,0.0,0.0,1.0,0.0,0.0,1.0,0.0,0.0,0.0,0.0,1.0,0.0,1.0,1.0,0.0,0
C001457,-0.010849020830209034,-0.5211578338793268,-1.0633578236384422,-0.9793431517078963,-0.46410667241066167,4.730393575234874,-0.2128289624261387,-0.20705964456619616,-0.2280709641734485,1.0,0.0,0.0,1.0,0.0,0.0,0.0,1.0,0.0,0.0,1.0,0.0,0.0,1.0,1.0,0.0,1
C001458,0.28236775836462613,-0.6621789385495692,-0.26629636455367633,-0.0016295227149882177,-0.46410667241066167,-0.21139890034421666,-0.2128289624261387,-0.20705964456619616,-0.2280709641734485,0.0,0.0,1.0,1.0,0.0,0.0,0.0,0.0,0.0,1.0,0.0,1.0,0.0,1.0,0.0,1.0,0
C001459,-0.5972825792198794,-1.499872410810013,-1.052584712030755,-0.0016295227149882177,2.1546770590601567,-0.21139890034421666,-0.2128289624261387,-0.20705964456619616,-0.2280709641734485,1.0,0.0,0.0,0.0,0.0,1.0,0.0,1.0,0.0,0.0,0.0,1.0,0.0,1.0,1.0,0.0,0
C001460,-0.6559259350588464,-1.4581751406583467,-1.0943677194815637,-0.9793431517078963,-0.46410667241066167,-0.21139890034421666,-0.2128289624261387,-0.20705964456619616,-0.2280709641734485,1.0,0.0,0.0,0.0,0.0,1.0,0.0,0.0,1.0,0.0,0.0,1.0,1.0,0.0,0.0,1.0,0
C001461,-0.010849020830209034,0.4969114699360783,-1.6262603451343005,-0.0016295227149882177,-0.46410667241066167,4.730393575234874,-0.2128289624261387,-0.20705964456619616,4.384600221356971,1.0,0.0,0.0,0.0,1.0,0.0,1.0,0.0,0.0,0.0,0.0,1.0,0.0,1.0,0.0,1.0,0
C001462,0.9274446725932636,-0.24895430626002138,0.6142790294732773,-0.9793431517078963,-0.46410667241066167,-0.21139890034421666,-0.2128289624261387,-0.20705964456619616,-0.2280709641734485,1.0,0.0,0.0,1.0,0.0,0.0,1.0,0.0,0.0,0.0,0.0,1.0,1.0,0.0,0.0,1.0,0
C001463,-1.0077860700926486,1.545433836221802,-0.1941135407844907,-0.0016295227149882177,-0.46410667241066167,-0.21139890034421666,-0.2128289624261387,-0.20705964456619616,-0.2280709641734485,0.0,1.0,0.0,0.0,1.0,0.0,0.0,0.0,1.0,0.0,0.0,1.0,0.0,1.0,1.0,0.0,1
C001464,0.6342278933984283,-0.2836239466108452,-0.14788141679956815,-0.9793431517078963,-0.46410667241066167,-0.21139890034421666,-0.2128289624261387,4.829526304341278,-0.2280709641734485,1.0,0.0,0.0,1.0,0.0,0.0,0.0,0.0,1.0,0.0,1.0,0.0,1.0,0.0,1.0,0.0,1
C001465,-2.0047231193550883,0.5053446256970898,-1.5703041487244835,-0.0016295227149882177,-0.46410667241066167,-0.21139890034421666,-0.2128289624261387,-0.20705964456619616,-0.2280709641734485,0.0,1.0,0.0,0.0,1.0,0.0,0.0,1.0,0.0,0.0,0.0,1.0,0.0,1.0,1.0,0.0,0
C001466,0.45829782588152723,0.6693226543834183,0.7898256927214671,-0.9793431517078963,-0.46410667241066167,-0.21139890034421666,-0.2128289624261387,-0.20705964456619616,-0.2280709641734485,1.0,0.0,0.0,0.0,1.0,0.0,0.0,1.0,0.0,0.0,0.0,1.0,1.0,0.0,1.0,0.0,1
C001467,-1.0664294259316156,-1.5387586290413424,-1.2792218154792123,-0.9793431517078963,-0.46410667241066167,-0.21139890034421666,-0.2128289624261387,-0.20705964456619616,-0.2280709641734485,1.0,0.0,0.0,0.0,0.0,1.0,0.0,0.0,0.0,1.0,1.0,0.0,1.0,0.0,1.0,0.0,0
C001468,-0.010849020830209034,0.8862421609027612,0.4645119461426542,0.9760841062779199,-0.46410667241066167,4.730393575234874,-0.2128289624261387,-0.20705964456619616,-0.2280709641734485,1.0,0.0,0.0,0.0,1.0,0.0,0.0,0.0,0.0,1.0,1.0,0.0,0.0,1.0,1.0,0.0,0
C001469,-2.122009831033022,0.1616935284358845,-1.4702957466315754,-0.0016295227149882177,-0.46410667241066167,-0.21139890034421666,4.698608632023215,-0.20705964456619616,-0.2280709641734485,0.0,0.0,1.0,1.0,0.0,0.0,1.0,0.0,0.0,0.0,0.0,1.0,1.0,0.0,0.0,1.0,0
C001470,-1.0077860700926486,0.3095080085802743,-0.5101793745674783,-0.9793431517078963,-0.46410667241066167,-0.21139890034421666,-0.2128289624261387,-0.20705964456619616,-0.2280709641734485,1.0,0.0,0.0,1.0,0.0,0.0,0.0,0.0,0.0,1.0,0.0,1.0,0.0,1.0,1.0,0.0,1
C001471,0.9860880284322305,-0.2203752784032613,0.6488378025518043,-0.9793431517078963,-0.46410667241066167,-0.21139890034421666,-0.2128289624261387,-0.20705964456619616,-0.2280709641734485,0.0,1.0,0.0,1.0,0.0,0.0,0.0,1.0,0.0,0.0,0.0,1.0,0.0,1.0,1.0,0.0,0
C001472,-0.010849020830209034,-2.0091413170444103,-1.3124413896009826,-0.9793431517078963,-0.46410667241066167,4.730393575234874,-0.2128289624261387,-0.20705964456619616,-0.2280709641734485,1.0,0.0,0.0,0.0,0.0,1.0,1.0,0.0,0.0,0.0,1.0,0.0,1.0,0.0,1.0,0.0,0
C001473,1.748451654338802,0.39009149696326995,1.6937552285554165,-0.9793431517078963,-0.46410667241066167,-0.21139890034421666,-0.2128289624261387,-0.20705964456619616,-0.2280709641734485,1.0,0.0,0.0,0.0,1.0,0.0,0.0,0.0,1.0,0.0,0.0,1.0,0.0,1.0,1.0,0.0,0
C001474,1.3965915193049998,0.34792571815821444,1.4847434713767185,-0.0016295227149882177,-0.46410667241066167,-0.21139890034421666,-0.2128289624261387,-0.20705964456619616,4.384600221356971,1.0,0.0,0.0,0.0,1.0,0.0,0.0,0.0,1.0,0.0,0.0,1.0,0.0,1.0,1.0,0.0,0
C001475,-0.42135251170297827,1.4329917594083195,0.43257205102400687,-0.9793431517078963,-0.46410667241066167,-0.21139890034421666,-0.2128289624261387,-0.20705964456619616,-0.2280709641734485,0.0,1.0,0.0,0.0,1.0,0.0,0.0,0.0,1.0,0.0,0.0,1.0,0.0,1.0,1.0,0.0,0
C001476,1.924381721855703,-0.6200131597445134,0.7536226809238109,-0.0016295227149882177,-0.46410667241066167,-0.21139890034421666,-0.2128289624261387,-0.20705964456619616,-0.2280709641734485,1.0,0.0,0.0,1.0,0.0,0.0,0.0,0.0,1.0,0.0,0.0,1.0,0.0,1.0,1.0,0.0,0
C001477,0.45829782588152723,0.018564134825388868,0.32719941310986816,0.9760841062779199,-0.46410667241066167,-0.21139890034421666,-0.2128289624261387,-0.20705964456619616,-0.2280709641734485,0.0,0.0,1.0,1.0,0.0,0.0,0.0,0.0,1.0,0.0,1.0,0.0,0.0,1.0,0.0,1.0,0
C001478,-1.8287930518381872,0.8993604031976675,-1.336844570590771,-0.0016295227149882177,-0.46410667241066167,-0.21139890034421666,-0.2128289624261387,-0.20705964456619616,-0.2280709641734485,0.0,0.0,1.0,0.0,1.0,0.0,0.0,0.0,0.0,1.0,1.0,0.0,1.0,0.0,0.0,1.0,0
C001479,0.5169411817204943,0.5990463563749918,0.8512502848713739,2.931511364263736,2.1546770590601567,-0.21139890034421666,-0.2128289624261387,-0.20705964456619616,-0.2280709641734485,0.0,0.0,1.0,0.0,1.0,0.0,0.0,0.0,1.0,0.0,0.0,1.0,0.0,1.0,0.0,1.0,0
C001480,0.7515146050763625,-0.3791997119023052,0.3836764091139794,-0.9793431517078963,-0.46410667241066167,-0.21139890034421666,-0.2128289624261387,-0.20705964456619616,-0.2280709641734485,1.0,0.0,0.0,1.0,0.0,0.0,0.0,0.0,0.0,1.0,0.0,1.0,1.0,0.0,1.0,0.0,0
C001481,0.8101579609153294,-1.6638504394963414,-0.7631242975220005,-0.9793431517078963,-0.46410667241066167,-0.21139890034421666,-0.2128289624261387,-0.20705964456619616,-0.2280709641734485,1.0,0.0,0.0,0.0,0.0,1.0,0.0,0.0,0.0,1.0,1.0,0.0,0.0,1.0,0.0,1.0,0
C001482,-1.652862984321286,0.8988918945442778,-1.0608059056264003,-0.0016295227149882177,-0.46410667241066167,-0.21139890034421666,-0.2128289624261387,-0.20705964456619616,-0.2280709641734485,1.0,0.0,0.0,0.0,1.0,0.0,0.0,1.0,0.0,0.0,0.0,1.0,0.0,1.0,1.0,0.0,1
C001483,-1.1250727817705828,0.23923171057184778,-0.7938440335911581,-0.0016295227149882177,2.1546770590601567,-0.21139890034421666,-0.2128289624261387,-0.20705964456619616,-0.2280709641734485,0.0,0.0,1.0,0.0,1.0,0.0,0.0,1.0,0.0,0.0,0.0,1.0,0.0,1.0,1.0,0.0,1
C001484,0.7515146050763625,-2.0091413170444103,-0.9383212810425925,-0.9793431517078963,-0.46410667241066167,-0.21139890034421666,-0.2128289624261387,-0.20705964456619616,-0.2280709641734485,1.0,0.0,0.0,0.0,0.0,1.0,1.0,0.0,0.0,0.0,0.0,1.0,1.0,0.0,0.0,1.0,0
C001485,0.8688013167542965,0.09024595879398395,0.825738544745159,-0.9793431517078963,-0.46410667241066167,-0.21139890034421666,-0.2128289624261387,-0.20705964456619616,-0.2280709641734485,1.0,0.0,0.0,1.0,0.0,0.0,0.0,0.0,1.0,0.0,0.0,1.0,0.0,1.0,1.0,0.0,0
C001486,-0.9491427142536816,-0.7090298038885202,-0.9352262434536437,-0.9793431517078963,-0.46410667241066167,-0.21139890034421666,-0.2128289624261387,-0.20705964456619616,-0.2280709641734485,1.0,0.0,0.0,1.0,0.0,0.0,0.0,0.0,1.0,0.0,0.0,1.0,1.0,0.0,1.0,0.0,0
C001487,-0.6559259350588464,0.2350151326913427,-0.3988324213073636,-0.0016295227149882177,-0.46410667241066167,-0.21139890034421666,-0.2128289624261387,-0.20705964456619616,-0.2280709641734485,1.0,0.0,0.0,1.0,0.0,0.0,0.0,0.0,1.0,0.0,0.0,1.0,1.0,0.0,1.0,0.0,1
C001488,-1.594219628482319,0.3868119363895437,-0.9844715650912688,1.953797735270828,-0.46410667241066167,-0.21139890034421666,-0.2128289624261387,-0.20705964456619616,-0.2280709641734485,0.0,0.0,1.0,0.0,1.0,0.0,0.0,0.0,1.0,0.0,1.0,0.0,0.0,1.0,0.0,1.0,0
C001489,-1.4182895609654178,-0.37685716863535745,-1.014514261687844,-0.9793431517078963,-0.46410667241066167,-0.21139890034421666,-0.2128289624261387,-0.20705964456619616,-0.2280709641734485,0.0,1.0,0.0,1.0,0.0,0.0,1.0,0.0,0.0,0.0,0.0,1.0,0.0,1.0,1.0,0.0,0
C001490,-0.06949237666917607,1.1279926260517483,0.7590017967334504,1.953797735270828,-0.46410667241066167,-0.21139890034421666,-0.2128289624261387,-0.20705964456619616,-0.2280709641734485,1.0,0.0,0.0,0.0,1.0,0.0,0.0,0.0,1.0,0.0,0.0,1.0,0.0,1.0,0.0,1.0,0
C001491,-0.30406580002504424,1.3702115998541249,0.5043605551003699,-0.9793431517078963,-0.46410667241066167,-0.21139890034421666,-0.2128289624261387,-0.20705964456619616,-0.2280709641734485,0.0,1.0,0.0,0.0,1.0,0.0,0.0,0.0,0.0,1.0,1.0,0.0,0.0,1.0,1.0,0.0,0
C001492,1.513878230982934,0.16145927410918928,1.4646926869963885,-0.0016295227149882177,-0.46410667241066167,-0.21139890034421666,-0.2128289624261387,-0.20705964456619616,-0.2280709641734485,1.0,0.0,0.0,1.0,0.0,0.0,1.0,0.0,0.0,0.0,0.0,1.0,0.0,1.0,1.0,0.0,0
C001493,-0.42135251170297827,-0.7727469807494936,-0.7656464555572254,-0.0016295227149882177,-0.46410667241066167,-0.21139890034421666,-0.2128289624261387,-0.20705964456619616,-0.2280709641734485,0.0,0.0,1.0,1.0,0.0,0.0,0.0,1.0,0.0,0.0,1.0,0.0,0.0,1.0,0.0,1.0,0
C001494,-0.010849020830209034,-1.654948775081941,-1.2974795612563286,-0.9793431517078963,-0.46410667241066167,4.730393575234874,-0.2128289624261387,-0.20705964456619616,-0.2280709641734485,1.0,0.0,0.0,0.0,0.0,1.0,1.0,0.0,0.0,0.0,0.0,1.0,0.0,1.0,1.0,0.0,0
C001495,-0.7145692908978135,-0.1032481150558838,-0.5370600736272667,-0.9793431517078963,2.1546770590601567,-0.21139890034421666,-0.2128289624261387,-0.20705964456619616,-0.2280709641734485,1.0,0.0,0.0,1.0,0.0,0.0,0.0,0.0,0.0,1.0,0.0,1.0,1.0,0.0,1.0,0.0,0
C001496,-0.9491427142536816,-0.531465024253896,-0.9024902689551467,-0.0016295227149882177,-0.46410667241066167,-0.21139890034421666,-0.2128289624261387,-0.20705964456619616,-0.2280709641734485,1.0,0.0,0.0,1.0,0.0,0.0,1.0,0.0,0.0,0.0,0.0,1.0,0.0,1.0,1.0,0.0,0
C001497,-1.0664294259316156,-1.1086676852297723,-1.1267316942698504,-0.0016295227149882177,-0.46410667241066167,-0.21139890034421666,-0.2128289624261387,-0.20705964456619616,-0.2280709641734485,1.0,0.0,0.0,0.0,0.0,1.0,0.0,0.0,0.0,1.0,0.0,1.0,1.0,0.0,0.0,1.0,0
C001498,1.3965915193049998,-1.6118459789701058,-0.313071608115506,-0.0016295227149882177,-0.46410667241066167,-0.21139890034421666,-0.2128289624261387,-0.20705964456619616,-0.2280709641734485,1.0,0.0,0.0,0.0,0.0,1.0,0.0,0.0,1.0,0.0,1.0,0.0,0.0,1.0,1.0,0.0,0
C001499,0.7515146050763625,0.3052914306997692,0.9359918188572557,0.9760841062779199,-0.46410667241066167,-0.21139890034421666,-0.2128289624261387,-0.20705964456619616,-0.2280709641734485,1.0,0.0,0.0,1.0,0.0,0.0,1.0,0.0,0.0,0.0,0.0,1.0,1.0,0.0,1.0,0.0,0
C001500,-0.9491427142536816,0.7855128004240169,-0.5483986247944733,-0.0016295227149882177,-0.46410667241066167,-0.21139890034421666,-0.2128289624261387,-0.20705964456619616,-0.2280709641734485,0.0,1.0,0.0,0.0,1.0,0.0,0.0,1.0,0.0,0.0,0.0,1.0,1.0,0.0,1.0,0.0,1
C001501,-0.30406580002504424,0.7241381668299911,0.18648680272576085,-0.0016295227149882177,-0.46410667241066167,-0.21139890034421666,-0.2128289624261387,-0.20705964456619616,-0.2280709641734485,1.0,0.0,0.0,0.0,1.0,0.0,0.0,0.0,1.0,0.0,0.0,1.0,1.0,0.0,1.0,0.0,1
C001502,-0.010849020830209034,0.2828030153370725,-1.3317407345666874,-0.9793431517078963,-0.46410667241066167,4.730393575234874,-0.2128289624261387,-0.20705964456619616,-0.2280709641734485,0.0,1.0,0.0,0.0,1.0,0.0,1.0,0.0,0.0,0.0,1.0,0.0,0.0,1.0,0.0,1.0,0
C001503,-1.3596462051264508,0.9729162617798209,-0.8880641201931955,-0.0016295227149882177,-0.46410667241066167,-0.21139890034421666,-0.2128289624261387,-0.20705964456619616,-0.2280709641734485,1.0,0.0,0.0,0.0,1.0,0.0,0.0,0.0,1.0,0.0,1.0,0.0,1.0,0.0,1.0,0.0,1
C001504,-0.7732126467367805,-0.04843260260931105,-0.5173292089977182,1.953797735270828,-0.46410667241066167,-0.21139890034421666,-0.2128289624261387,-0.20705964456619616,-0.2280709641734485,0.0,0.0,1.0,0.0,1.0,0.0,0.0,0.0,1.0,0.0,1.0,0.0,0.0,1.0,0.0,1.0,0
C001505,-0.47999586754194534,-0.38669585035653725,-0.536449994102522,0.9760841062779199,-0.46410667241066167,-0.21139890034421666,-0.2128289624261387,-0.20705964456619616,-0.2280709641734485,0.0,0.0,1.0,1.0,0.0,0.0,1.0,0.0,0.0,0.0,0.0,1.0,1.0,0.0,1.0,0.0,0
C001506,-0.18677908834711016,0.4556827084378016,0.21655925929915285,0.9760841062779199,-0.46410667241066167,-0.21139890034421666,-0.2128289624261387,-0.20705964456619616,-0.2280709641734485,1.0,0.0,0.0,0.0,1.0,0.0,0.0,0.0,0.0,1.0,0.0,1.0,1.0,0.0,1.0,0.0,0
C001507,-0.6559259350588464,0.9597980194849146,-0.1394444633720009,0.9760841062779199,-0.46410667241066167,-0.21139890034421666,-0.2128289624261387,-0.20705964456619616,-0.2280709641734485,0.0,1.0,0.0,0.0,1.0,0.0,1.0,0.0,0.0,0.0,0.0,1.0,0.0,1.0,1.0,0.0,0
C001508,1.1620180959491317,-0.1777409909448157,0.6708378654136349,-0.9793431517078963,-0.46410667241066167,-0.21139890034421666,-0.2128289624261387,-0.20705964456619616,-0.2280709641734485,1.0,0.0,0.0,1.0,0.0,0.0,0.0,0.0,0.0,1.0,1.0,0.0,0.0,1.0,0.0,1.0,0
C001509,0.9860880284322305,0.10992332223634312,0.9738613893566533,-0.9793431517078963,-0.46410667241066167,-0.21139890034421666,-0.2128289624261387,-0.20705964456619616,-0.2280709641734485,0.0,1.0,0.0,0.0,1.0,0.0,0.0,1.0,0.0,0.0,0.0,1.0,1.0,0.0,0.0,1.0,0
C001510,1.1620180959491317,-2.0091413170444103,-0.9888462816833407,0.9760841062779199,-0.46410667241066167,-0.21139890034421666,-0.2128289624261387,-0.20705964456619616,-0.2280709641734485,1.0,0.0,0.0,0.0,0.0,1.0,0.0,1.0,0.0,0.0,0.0,1.0,0.0,1.0,1.0,0.0,0
C001511,1.2793048076270657,1.0160190578916553,1.9840638024034507,-0.9793431517078963,-0.46410667241066167,-0.21139890034421666,-0.2128289624261387,-0.20705964456619616,-0.2280709641734485,1.0,0.0,0.0,0.0,1.0,0.0,0.0,0.0,1.0,0.0,1.0,0.0,0.0,1.0,0.0,1.0,0
C001512,0.3410111142035932,0.731634305284223,0.7890816933010467,0.9760841062779199,-0.46410667241066167,-0.21139890034421666,-0.2128289624261387,-0.20705964456619616,-0.2280709641734485,0.0,0.0,1.0,0.0,1.0,0.0,0.0,0.0,1.0,0.0,0.0,1.0,0.0,1.0,0.0,1.0,0
C001513,0.16508104668669207,-1.643236058747203,-0.8490190306095337,-0.0016295227149882177,-0.46410667241066167,-0.21139890034421666,-0.2128289624261387,-0.20705964456619616,-0.2280709641734485,0.0,0.0,1.0,0.0,0.0,1.0,0.0,0.0,1.0,0.0,1.0,0.0,0.0,1.0,1.0,0.0,0
C001514,-1.3596462051264508,0.8956123339705515,-0.8289161662697749,0.9760841062779199,-0.46410667241066167,-0.21139890034421666,-0.2128289624261387,-0.20705964456619616,-0.2280709641734485,1.0,0.0,0.0,0.0,1.0,0.0,0.0,0.0,1.0,0.0,1.0,0.0,0.0,1.0,0.0,1.0,1
C001515,0.047794335008758,0.7063348380011892,0.49341632362598603,-0.9793431517078963,2.1546770590601567,-0.21139890034421666,-0.2128289624261387,-0.20705964456619616,-0.2280709641734485,1.0,0.0,0.0,0.0,1.0,0.0,0.0,0.0,0.0,1.0,0.0,1.0,0.0,1.0,1.0,0.0,0
C001516,0.047794335008758,-1.4708248742998635,-0.8854080422622947,0.9760841062779199,-0.46410667241066167,-0.21139890034421666,-0.2128289624261387,-0.20705964456619616,-0.2280709641734485,1.0,0.0,0.0,0.0,0.0,1.0,0.0,0.0,1.0,0.0,0.0,1.0,1.0,0.0,1.0,0.0,1
C001517,0.5169411817204943,-1.535010559814226,-0.7411837546138034,0.9760841062779199,-0.46410667241066167,-0.21139890034421666,-0.2128289624261387,-0.20705964456619616,-0.2280709641734485,1.0,0.0,0.0,0.0,0.0,1.0,0.0,1.0,0.0,0.0,0.0,1.0,0.0,1.0,1.0,0.0,1
C001518,-0.6559259350588464,1.5013940228031883,-0.14788141679956815,2.931511364263736,-0.46410667241066167,-0.21139890034421666,-0.2128289624261387,4.829526304341278,-0.2280709641734485,1.0,0.0,0.0,0.0,1.0,0.0,0.0,0.0,0.0,1.0,0.0,1.0,0.0,1.0,0.0,1.0,1
C001519,-1.9460797635161213,-1.7275676163573148,-1.6059938009220491,-0.0016295227149882177,-0.46410667241066167,-0.21139890034421666,-0.2128289624261387,-0.20705964456619616,-0.2280709641734485,1.0,0.0,0.0,0.0,0.0,1.0,0.0,0.0,0.0,1.0,0.0,1.0,1.0,0.0,1.0,0.0,0
C001520,0.7515146050763625,0.8014420946392598,1.2557925297307533,-0.0016295227149882177,-0.46410667241066167,-0.21139890034421666,-0.2128289624261387,-0.20705964456619616,-0.2280709641734485,1.0,0.0,0.0,0.0,1.0,0.0,0.0,0.0,1.0,0.0,1.0,0.0,0.0,1.0,1.0,0.0,0
C001521,-1.1250727817705828,-1.9234042334741304,-1.3314877747637444,-0.0016295227149882177,2.1546770590601567,-0.21139890034421666,-0.2128289624261387,-0.20705964456619616,-0.2280709641734485,1.0,0.0,0.0,0.0,0.0,1.0,1.0,0.0,0.0,0.0,1.0,0.0,1.0,0.0,1.0,0.0,0
C001522,0.3996544700425602,-2.0091413170444103,-1.10393555202817,0.9760841062779199,-0.46410667241066167,-0.21139890034421666,-0.2128289624261387,-0.20705964456619616,-0.2280709641734485,1.0,0.0,0.0,0.0,0.0,1.0,0.0,0.0,0.0,1.0,1.0,0.0,0.0,1.0,1.0,0.0,0
C001523,1.2206614517880987,1.2118556750084708,2.1559425485089676,1.953797735270828,2.1546770590601567,-0.21139890034421666,-0.2128289624261387,-0.20705964456619616,-0.2280709641734485,0.0,0.0,1.0,0.0,1.0,0.0,0.0,0.0,1.0,0.0,1.0,0.0,0.0,1.0,1.0,0.0,0
C001524,-1.1250727817705828,-0.6321943847326406,-0.14788141679956815,-0.9793431517078963,-0.46410667241066167,-0.21139890034421666,-0.2128289624261387,4.829526304341278,-0.2280709641734485,0.0,1.0,0.0,1.0,0.0,0.0,0.0,0.0,1.0,0.0,0.0,1.0,0.0,1.0,1.0,0.0,0
C001525,0.5755845375594614,1.934764527188485,1.9471911911274162,-0.0016295227149882177,2.1546770590601567,-0.21139890034421666,-0.2128289624261387,-0.20705964456619616,-0.2280709641734485,0.0,1.0,0.0,0.0,1.0,0.0,1.0,0.0,0.0,0.0,0.0,1.0,1.0,0.0,0.0,1.0,1
C001526,1.513878230982934,-0.4888307367954504,0.8952652905834437,-0.9793431517078963,-0.46410667241066167,-0.21139890034421666,-0.2128289624261387,-0.20705964456619616,-0.2280709641734485,0.0,1.0,0.0,1.0,0.0,0.0,1.0,0.0,0.0,0.0,0.0,1.0,0.0,1.0,1.0,0.0,0
C001527,-2.0633664751940555,0.8764034791815818,-1.601976204051779,-0.0016295227149882177,-0.46410667241066167,-0.21139890034421666,-0.2128289624261387,-0.20705964456619616,-0.2280709641734485,1.0,0.0,0.0,0.0,1.0,0.0,0.0,0.0,0.0,1.0,0.0,1.0,1.0,0.0,1.0,0.0,1
C001528,0.45829782588152723,1.3481916931448181,1.2908200224441453,-0.0016295227149882177,-0.46410667241066167,-0.21139890034421666,-0.2128289624261387,-0.20705964456619616,-0.2280709641734485,0.0,1.0,0.0,0.0,1.0,0.0,0.0,1.0,0.0,0.0,0.0,1.0,0.0,1.0,1.0,0.0,0
C001529,0.45829782588152723,1.559957604476877,1.4258856772272614,-0.9793431517078963,2.1546770590601567,-0.21139890034421666,-0.2128289624261387,-0.20705964456619616,-0.2280709641734485,1.0,0.0,0.0,0.0,1.0,0.0,0.0,0.0,1.0,0.0,0.0,1.0,0.0,1.0,1.0,0.0,0
C001530,-0.18677908834711016,0.872186901301076,0.40809447009217653,-0.0016295227149882177,-0.46410667241066167,-0.21139890034421666,-0.2128289624261387,-0.20705964456619616,-0.2280709641734485,0.0,0.0,1.0,0.0,1.0,0.0,0.0,0.0,0.0,1.0,0.0,1.0,1.0,0.0,0.0,1.0,1
C001531,-1.0664294259316156,-0.016574014178824384,-0.9638776611340326,-0.0016295227149882177,-0.46410667241066167,-0.21139890034421666,-0.2128289624261387,-0.20705964456619616,4.384600221356971,1.0,0.0,0.0,1.0,0.0,0.0,0.0,0.0,1.0,0.0,0.0,1.0,1.0,0.0,1.0,0.0,0
C001532,-0.010849020830209034,0.7803592052367324,-1.30381843631831,-0.0016295227149882177,-0.46410667241066167,4.730393575234874,-0.2128289624261387,-0.20705964456619616,-0.2280709641734485,0.0,0.0,1.0,0.0,1.0,0.0,1.0,0.0,0.0,0.0,0.0,1.0,0.0,1.0,0.0,1.0,0
C001533,-0.5972825792198794,1.0984765808882093,-0.045455016590293836,-0.9793431517078963,-0.46410667241066167,-0.21139890034421666,-0.2128289624261387,-0.20705964456619616,-0.2280709641734485,0.0,1.0,0.0,0.0,1.0,0.0,0.0,0.0,0.0,1.0,0.0,1.0,1.0,0.0,1.0,0.0,0
C001534,1.2793048076270657,0.6023259169487181,1.5029788971712215,0.9760841062779199,-0.46410667241066167,-0.21139890034421666,-0.2128289624261387,-0.20705964456619616,-0.2280709641734485,1.0,0.0,0.0,0.0,1.0,0.0,1.0,0.0,0.0,0.0,0.0,1.0,1.0,0.0,1.0,0.0,0
C001535,-1.8287930518381872,-0.857547047012995,-1.3322168941957562,-0.0016295227149882177,-0.46410667241066167,-0.21139890034421666,-0.2128289624261387,-0.20705964456619616,-0.2280709641734485,0.0,1.0,0.0,1.0,0.0,0.0,0.0,1.0,0.0,0.0,1.0,0.0,1.0,0.0,1.0,0.0,0
C001536,-0.30406580002504424,-0.41527487821329734,-0.3807085954259231,-0.9793431517078963,-0.46410667241066167,-0.21139890034421666,-0.2128289624261387,-0.20705964456619616,-0.2280709641734485,1.0,0.0,0.0,1.0,0.0,0.0,0.0,0.0,1.0,0.0,0.0,1.0,1.0,0.0,1.0,0.0,0
C001537,0.6928712492373954,1.0577163280433217,1.3699964407652823,-0.0016295227149882177,-0.46410667241066167,-0.21139890034421666,-0.2128289624261387,-0.20705964456619616,-0.2280709641734485,1.0,0.0,0.0,0.0,1.0,0.0,0.0,0.0,1.0,0.0,1.0,0.0,1.0,0.0,1.0,0.0,1
C001538,0.9860880284322305,0.48379322764117194,1.1057948065798,-0.9793431517078963,-0.46410667241066167,-0.21139890034421666,-0.2128289624261387,-0.20705964456619616,-0.2280709641734485,1.0,0.0,0.0,0.0,1.0,0.0,0.0,0.0,1.0,0.0,1.0,0.0,1.0,0.0,0.0,1.0,0
C001539,-0.8318560025757475,-0.43682627626921483,-0.7248157673645549,-0.9793431517078963,-0.46410667241066167,-0.21139890034421666,-0.2128289624261387,-0.20705964456619616,-0.2280709641734485,0.0,1.0,0.0,1.0,0.0,0.0,1.0,0.0,0.0,0.0,1.0,0.0,1.0,0.0,0.0,1.0,0
C001540,-1.0664294259316156,0.25937758266759703,-0.8028910665434699,-0.0016295227149882177,-0.46410667241066167,-0.21139890034421666,-0.2128289624261387,-0.20705964456619616,-0.2280709641734485,1.0,0.0,0.0,1.0,0.0,0.0,0.0,0.0,1.0,0.0,1.0,0.0,0.0,1.0,1.0,0.0,1
C001541,0.7515146050763625,0.746158073539298,-0.14788141679956815,-0.0016295227149882177,-0.46410667241066167,-0.21139890034421666,-0.2128289624261387,4.829526304341278,-0.2280709641734485,1.0,0.0,0.0,0.0,1.0,0.0,0.0,1.0,0.0,0.0,0.0,1.0,1.0,0.0,0.0,1.0,0
C001542,0.16508104668669207,0.7719260494757209,0.6720803444457369,0.9760841062779199,-0.46410667241066167,-0.21139890034421666,-0.2128289624261387,-0.20705964456619616,-0.2280709641734485,1.0,0.0,0.0,0.0,1.0,0.0,0.0,1.0,0.0,0.0,1.0,0.0,1.0,0.0,1.0,0.0,0
C001543,-1.1837161376095497,-0.3651444523006197,-0.9017239495521138,-0.9793431517078963,-0.46410667241066167,-0.21139890034421666,-0.2128289624261387,-0.20705964456619616,-0.2280709641734485,1.0,0.0,0.0,1.0,0.0,0.0,0.0,0.0,0.0,1.0,1.0,0.0,1.0,0.0,0.0,1.0,0
C001544,-2.0047231193550883,0.8426708561375371,-1.4456619258214565,-0.0016295227149882177,-0.46410667241066167,-0.21139890034421666,-0.2128289624261387,-0.20705964456619616,-0.2280709641734485,0.0,1.0,0.0,0.0,1.0,0.0,1.0,0.0,0.0,0.0,1.0,0.0,1.0,0.0,1.0,0.0,0
C001545,-0.7145692908978135,-0.8406807354909727,-0.9492134325575469,-0.0016295227149882177,-0.46410667241066167,-0.21139890034421666,-0.2128289624261387,-0.20705964456619616,-0.2280709641734485,1.0,0.0,0.0,1.0,0.0,0.0,1.0,0.0,0.0,0.0,0.0,1.0,0.0,1.0,1.0,0.0,0
C001546,0.8688013167542965,-0.4026251445717807,0.31988589880713586,-0.9793431517078963,-0.46410667241066167,-0.21139890034421666,-0.2128289624261387,-0.20705964456619616,-0.2280709641734485,0.0,1.0,0.0,1.0,0.0,0.0,0.0,0.0,0.0,1.0,0.0,1.0,1.0,0.0,1.0,0.0,0
C001547,-0.9491427142536816,-0.8341216143435195,-0.8929893963563784,-0.9793431517078963,-0.46410667241066167,-0.21139890034421666,-0.2128289624261387,-0.20705964456619616,-0.2280709641734485,0.0,0.0,1.0,1.0,0.0,0.0,0.0,0.0,1.0,0.0,1.0,0.0,0.0,1.0,1.0,0.0,0
C001548,0.5755845375594614,-0.8481768739452047,-0.1597705275378859,-0.9793431517078963,-0.46410667241066167,-0.21139890034421666,-0.2128289624261387,-0.20705964456619616,-0.2280709641734485,0.0,0.0,1.0,1.0,0.0,0.0,1.0,0.0,0.0,0.0,0.0,1.0,0.0,1.0,1.0,0.0,0
C001549,-0.5386392233809124,-2.0091413170444103,-1.3347539322193898,0.9760841062779199,-0.46410667241066167,-0.21139890034421666,-0.2128289624261387,-0.20705964456619616,-0.2280709641734485,1.0,0.0,0.0,0.0,0.0,1.0,0.0,0.0,1.0,0.0,0.0,1.0,1.0,0.0,0.0,1.0,0
C001550,-0.36270915586401126,1.1008191241551568,0.2478444349278298,-0.0016295227149882177,-0.46410667241066167,-0.21139890034421666,-0.2128289624261387,-0.20705964456619616,-0.2280709641734485,1.0,0.0,0.0,0.0,1.0,0.0,0.0,0.0,1.0,0.0,0.0,1.0,1.0,0.0,0.0,1.0,1
C001551,-1.0664294259316156,-2.0091413170444103,-1.4084619548004371,3.909224993256644,-0.46410667241066167,-0.21139890034421666,-0.2128289624261387,-0.20705964456619616,-0.2280709641734485,1.0,0.0,0.0,0.0,0.0,1.0,0.0,0.0,0.0,1.0,0.0,1.0,0.0,1.0,1.0,0.0,0
C001552,1.689808298499835,0.7681779802486048,2.0784624488663885,0.9760841062779199,2.1546770590601567,-0.21139890034421666,-0.2128289624261387,-0.20705964456619616,-0.2280709641734485,1.0,0.0,0.0,0.0,1.0,0.0,0.0,1.0,0.0,0.0,0.0,1.0,0.0,1.0,1.0,0.0,1
C001553,-0.7145692908978135,1.557615061209929,-0.017860078086901685,-0.0016295227149882177,2.1546770590601567,-0.21139890034421666,-0.2128289624261387,-0.20705964456619616,-0.2280709641734485,1.0,0.0,0.0,0.0,1.0,0.0,0.0,1.0,0.0,0.0,0.0,1.0,0.0,1.0,1.0,0.0,1
C001554,1.0447313842711976,-0.3154825350413319,0.6445077259249575,-0.0016295227149882177,-0.46410667241066167,-0.21139890034421666,-0.2128289624261387,-0.20705964456619616,4.384600221356971,0.0,1.0,0.0,1.0,0.0,0.0,0.0,0.0,1.0,0.0,0.0,1.0,0.0,1.0,0.0,1.0,0
C001555,-0.24542244418607717,-1.37852866958213,-0.8178156949171029,-0.0016295227149882177,-0.46410667241066167,-0.21139890034421666,-0.2128289624261387,-0.20705964456619616,-0.2280709641734485,1.0,0.0,0.0,0.0,0.0,1.0,0.0,0.0,1.0,0.0,0.0,1.0,0.0,1.0,0.0,1.0,0
C001556,0.5755845375594614,-0.48601968487511354,0.17589225097897443,-0.9793431517078963,-0.46410667241066167,-0.21139890034421666,-0.2128289624261387,-0.20705964456619616,-0.2280709641734485,1.0,0.0,0.0,1.0,0.0,0.0,0.0,0.0,0.0,1.0,0.0,1.0,0.0,1.0,1.0,0.0,0
C001557,-2.122009831033022,-1.812836191274206,-1.6509760058806655,-0.0016295227149882177,-0.46410667241066167,-0.21139890034421666,-0.2128289624261387,-0.20705964456619616,-0.2280709641734485,1.0,0.0,0.0,0.0,0.0,1.0,0.0,0.0,0.0,1.0,1.0,0.0,0.0,1.0,1.0,0.0,1
C001558,-1.9460797635161213,1.0047748502103073,-1.3732633422203488,-0.9793431517078963,2.1546770590601567,-0.21139890034421666,-0.2128289624261387,-0.20705964456619616,-0.2280709641734485,1.0,0.0,0.0,0.0,1.0,0.0,1.0,0.0,0.0,0.0,0.0,1.0,0.0,1.0,1.0,0.0,1
C001559,-0.9491427142536816,0.9569869675645775,-0.46081501302258576,-0.0016295227149882177,-0.46410667241066167,-0.21139890034421666,-0.2128289624261387,-0.20705964456619616,-0.2280709641734485,0.0,1.0,0.0,0.0,1.0,0.0,0.0,0.0,1.0,0.0,0.0,1.0,1.0,0.0,1.0,0.0,1
C001560,1.2793048076270657,-0.17165037845075232,0.8213787081414954,-0.0016295227149882177,-0.46410667241066167,-0.21139890034421666,-0.2128289624261387,-0.20705964456619616,4.384600221356971,1.0,0.0,0.0,1.0,0.0,0.0,0.0,0.0,0.0,1.0,0.0,1.0,0.0,1.0,0.0,1.0,0
C001561,1.1620180959491317,0.8464189253646531,1.7083078572188395,2.931511364263736,-0.46410667241066167,-0.21139890034421666,-0.2128289624261387,-0.20705964456619616,-0.2280709641734485,1.0,0.0,0.0,0.0,1.0,0.0,1.0,0.0,0.0,0.0,1.0,0.0,1.0,0.0,1.0,0.0,1
C001562,1.513878230982934,0.5793689929326323,1.7932949110134595,-0.9793431517078963,-0.46410667241066167,-0.21139890034421666,-0.2128289624261387,-0.20705964456619616,-0.2280709641734485,0.0,1.0,0.0,0.0,1.0,0.0,0.0,0.0,1.0,0.0,0.0,1.0,1.0,0.0,0.0,1.0,0
C001563,0.45829782588152723,0.1616935284358845,-1.111896345826668,1.953797735270828,-0.46410667241066167,-0.21139890034421666,4.698608632023215,-0.20705964456619616,-0.2280709641734485,1.0,0.0,0.0,0.0,0.0,1.0,1.0,0.0,0.0,0.0,1.0,0.0,1.0,0.0,1.0,0.0,0
C001564,-0.36270915586401126,-1.9355854584622574,-1.1586343894174764,-0.0016295227149882177,-0.46410667241066167,-0.21139890034421666,-0.2128289624261387,-0.20705964456619616,-0.2280709641734485,0.0,1.0,0.0,0.0,0.0,1.0,1.0,0.0,0.0,0.0,0.0,1.0,0.0,1.0,1.0,0.0,0
C001565,0.8688013167542965,0.14599848854733555,0.8890454554287296,-0.0016295227149882177,-0.46410667241066167,-0.21139890034421666,-0.2128289624261387,-0.20705964456619616,-0.2280709641734485,1.0,0.0,0.0,1.0,0.0,0.0,0.0,0.0,1.0,0.0,0.0,1.0,0.0,1.0,1.0,0.0,1
C001566,0.9274446725932636,0.1670813779498636,0.8967458494300804,-0.0016295227149882177,-0.46410667241066167,-0.21139890034421666,-0.2128289624261387,-0.20705964456619616,-0.2280709641734485,0.0,1.0,0.0,0.0,1.0,0.0,0.0,0.0,1.0,0.0,0.0,1.0,1.0,0.0,0.0,1.0,0
C001567,0.16508104668669207,-0.08075969969318747,0.05878674220480626,-0.0016295227149882177,-0.46410667241066167,-0.21139890034421666,-0.2128289624261387,-0.20705964456619616,-0.2280709641734485,1.0,0.0,0.0,0.0,1.0,0.0,1.0,0.0,0.0,0.0,0.0,1.0,0.0,1.0,0.0,1.0,0
C001568,1.2206614517880987,-2.0091413170444103,-1.0396391221154402,-0.9793431517078963,-0.46410667241066167,-0.21139890034421666,-0.2128289624261387,-0.20705964456619616,-0.2280709641734485,1.0,0.0,0.0,0.0,0.0,1.0,1.0,0.0,0.0,0.0,0.0,1.0,0.0,1.0,1.0,0.0,0
C001569,1.924381721855703,-2.0091413170444103,-0.14788141679956815,0.9760841062779199,2.1546770590601567,-0.21139890034421666,-0.2128289624261387,4.829526304341278,-0.2280709641734485,0.0,1.0,0.0,0.0,0.0,1.0,0.0,0.0,0.0,1.0,0.0,1.0,0.0,1.0,1.0,0.0,0
C001570,0.6928712492373954,-0.254107901447306,0.23674396357515792,-0.0016295227149882177,2.1546770590601567,-0.21139890034421666,-0.2128289624261387,-0.20705964456619616,-0.2280709641734485,1.0,0.0,0.0,1.0,0.0,0.0,0.0,1.0,0.0,0.0,0.0,1.0,1.0,0.0,1.0,0.0,0
C001571,0.9274446725932636,1.217477778849145,1.677491401225027,-0.9793431517078963,-0.46410667241066167,-0.21139890034421666,-0.2128289624261387,-0.20705964456619616,-0.2280709641734485,0.0,1.0,0.0,0.0,1.0,0.0,0.0,1.0,0.0,0.0,0.0,1.0,0.0,1.0,1.0,0.0,0
C001572,0.047794335008758,0.35167378738533045,0.28502952596044057,1.953797735270828,-0.46410667241066167,-0.21139890034421666,-0.2128289624261387,-0.20705964456619616,-0.2280709641734485,0.0,0.0,1.0,0.0,1.0,0.0,0.0,0.0,0.0,1.0,0.0,1.0,1.0,0.0,0.0,1.0,0
C001573,-0.010849020830209034,1.1884302423389954,-0.1815548305677947,-0.9793431517078963,-0.46410667241066167,4.730393575234874,-0.2128289624261387,-0.20705964456619616,-0.2280709641734485,1.0,0.0,0.0,0.0,1.0,0.0,0.0,1.0,0.0,0.0,0.0,1.0,1.0,0.0,1.0,0.0,1
C001574,0.6342278933984283,0.7269492187503283,1.126135750734093,-0.0016295227149882177,-0.46410667241066167,-0.21139890034421666,-0.2128289624261387,-0.20705964456619616,-0.2280709641734485,1.0,0.0,0.0,0.0,1.0,0.0,1.0,0.0,0.0,0.0,0.0,1.0,0.0,1.0,1.0,0.0,0
C001575,0.6342278933984283,-2.0091413170444103,-1.0667727809781717,-0.9793431517078963,-0.46410667241066167,-0.21139890034421666,-0.2128289624261387,-0.20705964456619616,-0.2280709641734485,0.0,1.0,0.0,0.0,0.0,1.0,0.0,0.0,1.0,0.0,0.0,1.0,1.0,0.0,1.0,0.0,0
C001576,0.5755845375594614,1.0043063415569176,1.1306369472276365,-0.9793431517078963,2.1546770590601567,-0.21139890034421666,-0.2128289624261387,-0.20705964456619616,-0.2280709641734485,1.0,0.0,0.0,0.0,1.0,0.0,1.0,0.0,0.0,0.0,0.0,1.0,1.0,0.0,0.0,1.0,0
C001577,1.0447313842711976,0.796757008105365,1.5086184127780087,-0.0016295227149882177,-0.46410667241066167,-0.21139890034421666,-0.2128289624261387,-0.20705964456619616,-0.2280709641734485,0.0,1.0,0.0,0.0,1.0,0.0,1.0,0.0,0.0,0.0,1.0,0.0,1.0,0.0,0.0,1.0,0
C001578,-1.535576272643352,0.836580243643473,-1.0971874772849568,0.9760841062779199,-0.46410667241066167,-0.21139890034421666,-0.2128289624261387,-0.20705964456619616,-0.2280709641734485,1.0,0.0,0.0,0.0,1.0,0.0,1.0,0.0,0.0,0.0,0.0,1.0,1.0,0.0,1.0,0.0,1
C001579,-0.42135251170297827,-0.5769103636326784,-0.5454672670780171,0.9760841062779199,-0.46410667241066167,-0.21139890034421666,-0.2128289624261387,-0.20705964456619616,-0.2280709641734485,1.0,0.0,0.0,1.0,0.0,0.0,0.0,1.0,0.0,0.0,0.0,1.0,0.0,1.0,0.0,1.0,0
C001580,0.6342278933984283,0.3277798460624652,0.7209313463905396,-0.0016295227149882177,-0.46410667241066167,-0.21139890034421666,-0.2128289624261387,-0.20705964456619616,-0.2280709641734485,1.0,0.0,0.0,1.0,0.0,0.0,1.0,0.0,0.0,0.0,0.0,1.0,0.0,1.0,0.0,1.0,1
C001581,1.2793048076270657,1.0319483521068988,2.0098731422978338,-0.9793431517078963,-0.46410667241066167,-0.21139890034421666,-0.2128289624261387,-0.20705964456619616,-0.2280709641734485,0.0,1.0,0.0,0.0,1.0,0.0,1.0,0.0,0.0,0.0,0.0,1.0,1.0,0.0,0.0,1.0,1
C001582,-0.5972825792198794,1.3950425584837691,0.12348493180456287,1.953797735270828,2.1546770590601567,-0.21139890034421666,-0.2128289624261387,-0.20705964456619616,-0.2280709641734485,0.0,1.0,0.0,0.0,1.0,0.0,1.0,0.0,0.0,0.0,0.0,1.0,0.0,1.0,1.0,0.0,1
C001583,1.689808298499835,0.5606286467970516,1.962993738817145,1.953797735270828,2.1546770590601567,-0.21139890034421666,-0.2128289624261387,-0.20705964456619616,-0.2280709641734485,0.0,1.0,0.0,0.0,1.0,0.0,0.0,0.0,0.0,1.0,1.0,0.0,1.0,0.0,0.0,1.0,0
C001584,-0.9491427142536816,0.2645311778548816,-0.7000480266587602,-0.0016295227149882177,-0.46410667241066167,-0.21139890034421666,-0.2128289624261387,-0.20705964456619616,-0.2280709641734485,0.0,0.0,1.0,1.0,0.0,0.0,0.0,1.0,0.0,0.0,1.0,0.0,1.0,0.0,1.0,0.0,0
C001585,1.4552348751439668,0.6220032803910776,1.6360580735018162,-0.0016295227149882177,2.1546770590601567,-0.21139890034421666,-0.2128289624261387,-0.20705964456619616,-0.2280709641734485,0.0,0.0,1.0,0.0,1.0,0.0,1.0,0.0,0.0,0.0,1.0,0.0,1.0,0.0,1.0,0.0,1
C001586,-0.47999586754194534,-1.6708780692971843,-1.1185105006742053,-0.0016295227149882177,-0.46410667241066167,-0.21139890034421666,-0.2128289624261387,-0.20705964456619616,-0.2280709641734485,1.0,0.0,0.0,0.0,0.0,1.0,1.0,0.0,0.0,0.0,0.0,1.0,1.0,0.0,0.0,1.0,0
C001587,1.1620180959491317,-2.0091413170444103,-1.0371392840628277,-0.9793431517078963,-0.46410667241066167,-0.21139890034421666,-0.2128289624261387,-0.20705964456619616,-0.2280709641734485,0.0,1.0,0.0,0.0,0.0,1.0,1.0,0.0,0.0,0.0,0.0,1.0,0.0,1.0,0.0,1.0,0
C001588,-1.3010028492874839,1.4142514132727388,-0.6480424671713755,-0.0016295227149882177,2.1546770590601567,-0.21139890034421666,-0.2128289624261387,-0.20705964456619616,-0.2280709641734485,1.0,0.0,0.0,0.0,1.0,0.0,0.0,1.0,0.0,0.0,1.0,0.0,0.0,1.0,1.0,0.0,1
C001589,-1.711506340160253,-0.37404611671502064,-1.3551767163099293,-0.0016295227149882177,-0.46410667241066167,-0.21139890034421666,-0.2128289624261387,-0.20705964456619616,-0.2280709641734485,1.0,0.0,0.0,1.0,0.0,0.0,1.0,0.0,0.0,0.0,0.0,1.0,1.0,0.0,1.0,0.0,1
C001590,-0.06949237666917607,0.9743217877399896,0.4305483726004636,-0.0016295227149882177,-0.46410667241066167,-0.21139890034421666,-0.2128289624261387,-0.20705964456619616,-0.2280709641734485,0.0,0.0,1.0,0.0,1.0,0.0,0.0,1.0,0.0,0.0,1.0,0.0,0.0,1.0,0.0,1.0,0
C001591,-0.42135251170297827,-0.03999944684829988,-0.3287030359385382,-0.9793431517078963,-0.46410667241066167,-0.21139890034421666,-0.2128289624261387,-0.20705964456619616,-0.2280709641734485,1.0,0.0,0.0,0.0,1.0,0.0,0.0,1.0,0.0,0.0,0.0,1.0,0.0,1.0,1.0,0.0,1
C001592,-0.1281357325081431,0.7756741187028369,0.39520840013049535,-0.0016295227149882177,2.1546770590601567,-0.21139890034421666,-0.2128289624261387,-0.20705964456619616,-0.2280709641734485,1.0,0.0,0.0,0.0,1.0,0.0,0.0,0.0,1.0,0.0,1.0,0.0,0.0,1.0,1.0,0.0,0
C001593,-0.6559259350588464,-0.35671129653960854,-0.5535991807432119,-0.9793431517078963,2.1546770590601567,-0.21139890034421666,-0.2128289624261387,-0.20705964456619616,-0.2280709641734485,1.0,0.0,0.0,1.0,0.0,0.0,0.0,0.0,0.0,1.0,0.0,1.0,0.0,1.0,0.0,1.0,0
C001594,-0.010849020830209034,0.1616935284358845,0.05857098237288437,-0.9793431517078963,-0.46410667241066167,4.730393575234874,4.698608632023215,-0.20705964456619616,-0.2280709641734485,0.0,1.0,0.0,0.0,1.0,0.0,0.0,1.0,0.0,0.0,1.0,0.0,1.0,0.0,1.0,0.0,0
C001595,-0.36270915586401126,-1.542038189615069,-0.9622557423975161,-0.9793431517078963,-0.46410667241066167,-0.21139890034421666,-0.2128289624261387,-0.20705964456619616,-0.2280709641734485,0.0,0.0,1.0,0.0,0.0,1.0,0.0,0.0,0.0,1.0,1.0,0.0,0.0,1.0,1.0,0.0,0
C001596,-1.0664294259316156,0.1616935284358845,-0.14788141679956815,-0.0016295227149882177,-0.46410667241066167,-0.21139890034421666,4.698608632023215,4.829526304341278,-0.2280709641734485,0.0,1.0,0.0,1.0,0.0,0.0,0.0,0.0,0.0,1.0,0.0,1.0,1.0,0.0,1.0,0.0,0
C001597,-0.1281357325081431,-1.5635895876709862,-0.14788141679956815,-0.9793431517078963,-0.46410667241066167,-0.21139890034421666,-0.2128289624261387,4.829526304341278,-0.2280709641734485,0.0,1.0,0.0,0.0,0.0,1.0,1.0,0.0,0.0,0.0,0.0,1.0,1.0,0.0,1.0,0.0,0
C001598,-1.535576272643352,-1.439903303176156,-0.14788141679956815,-0.9793431517078963,-0.46410667241066167,-0.21139890034421666,-0.2128289624261387,4.829526304341278,-0.2280709641734485,1.0,0.0,0.0,0.0,0.0,1.0,1.0,0.0,0.0,0.0,0.0,1.0,0.0,1.0,0.0,1.0,0
C001599,0.16508104668669207,1.3074314402999312,0.9707589117735003,-0.0016295227149882177,-0.46410667241066167,-0.21139890034421666,-0.2128289624261387,-0.20705964456619616,-0.2280709641734485,1.0,0.0,0.0,0.0,1.0,0.0,1.0,0.0,0.0,0.0,0.0,1.0,1.0,0.0,1.0,0.0,1
C001600,-0.9491427142536816,0.6060739861758341,-0.5199332069691895,-0.0016295227149882177,-0.46410667241066167,-0.21139890034421666,-0.2128289624261387,-0.20705964456619616,-0.2280709641734485,1.0,0.0,0.0,1.0,0.0,0.0,1.0,0.0,0.0,0.0,0.0,1.0,1.0,0.0,1.0,0.0,0
C001601,1.8070950101777692,0.3474572095048247,1.8214404090879626,-0.0016295227149882177,2.1546770590601567,-0.21139890034421666,-0.2128289624261387,-0.20705964456619616,-0.2280709641734485,0.0,1.0,0.0,0.0,1.0,0.0,0.0,1.0,0.0,0.0,1.0,0.0,0.0,1.0,1.0,0.0,0
C001602,-0.010849020830209034,0.7620873677545414,-0.48454115453979185,-0.0016295227149882177,-0.46410667241066167,4.730393575234874,-0.2128289624261387,-0.20705964456619616,-0.2280709641734485,1.0,0.0,0.0,0.0,1.0,0.0,0.0,0.0,1.0,0.0,0.0,1.0,0.0,1.0,1.0,0.0,1
C001603,0.8101579609153294,0.03964702422791662,0.7274115813424011,1.953797735270828,-0.46410667241066167,-0.21139890034421666,-0.2128289624261387,-0.20705964456619616,-0.2280709641734485,1.0,0.0,0.0,1.0,0.0,0.0,0.0,1.0,0.0,0.0,0.0,1.0,0.0,1.0,1.0,0.0,1
C001604,-0.8904993584147146,0.2626571432413233,-0.5896533926567837,0.9760841062779199,-0.46410667241066167,-0.21139890034421666,-0.2128289624261387,-0.20705964456619616,-0.2280709641734485,0.0,0.0,1.0,0.0,1.0,0.0,0.0,1.0,0.0,0.0,0.0,1.0,1.0,0.0,1.0,0.0,0
C001605,-0.36270915586401126,0.2884251191777469,-0.14788141679956815,0.9760841062779199,-0.46410667241066167,-0.21139890034421666,-0.2128289624261387,4.829526304341278,-0.2280709641734485,1.0,0.0,0.0,0.0,1.0,0.0,0.0,0.0,0.0,1.0,0.0,1.0,0.0,1.0,1.0,0.0,1
C001606,1.8070950101777692,-0.11121276216350555,1.3456155797581062,-0.9793431517078963,-0.46410667241066167,-0.21139890034421666,-0.2128289624261387,-0.20705964456619616,-0.2280709641734485,0.0,1.0,0.0,1.0,0.0,0.0,0.0,1.0,0.0,0.0,1.0,0.0,1.0,0.0,1.0,0.0,0
C001607,-0.010849020830209034,0.37509922005480595,0.14358035615011727,-0.0016295227149882177,2.1546770590601567,-0.21139890034421666,-0.2128289624261387,-0.20705964456619616,-0.2280709641734485,1.0,0.0,0.0,1.0,0.0,0.0,1.0,0.0,0.0,0.0,0.0,1.0,1.0,0.0,1.0,0.0,1
C001608,0.28236775836462613,0.8970178599307201,0.7782565017339299,-0.9793431517078963,-0.46410667241066167,-0.21139890034421666,-0.2128289624261387,-0.20705964456619616,-0.2280709641734485,0.0,0.0,1.0,0.0,1.0,0.0,0.0,0.0,1.0,0.0,1.0,0.0,1.0,0.0,1.0,0.0,0
C001609,1.4552348751439668,-0.7155889250359734,0.3620632259507671,-0.0016295227149882177,2.1546770590601567,-0.21139890034421666,-0.2128289624261387,-0.20705964456619616,4.384600221356971,1.0,0.0,0.0,1.0,0.0,0.0,0.0,0.0,0.0,1.0,0.0,1.0,0.0,1.0,0.0,1.0,0
C001610,-0.18677908834711016,0.8838996176358138,0.3623980256899565,-0.0016295227149882177,-0.46410667241066167,-0.21139890034421666,-0.2128289624261387,-0.20705964456619616,4.384600221356971,0.0,1.0,0.0,0.0,1.0,0.0,0.0,0.0,0.0,1.0,0.0,1.0,0.0,1.0,1.0,0.0,0
C001611,0.5755845375594614,-0.7502585653867972,-0.006156967203689031,-0.0016295227149882177,2.1546770590601567,-0.21139890034421666,-0.2128289624261387,-0.20705964456619616,-0.2280709641734485,0.0,0.0,1.0,1.0,0.0,0.0,1.0,0.0,0.0,0.0,1.0,0.0,1.0,0.0,1.0,0.0,0
C001612,-1.4182895609654178,0.2982638008989263,-0.9934367581073344,-0.0016295227149882177,-0.46410667241066167,-0.21139890034421666,-0.2128289624261387,-0.20705964456619616,4.384600221356971,0.0,1.0,0.0,0.0,1.0,0.0,0.0,0.0,0.0,1.0,0.0,1.0,1.0,0.0,1.0,0.0,0
C001613,0.6928712492373954,0.5320496189402916,0.9876551386112472,2.931511364263736,-0.46410667241066167,-0.21139890034421666,-0.2128289624261387,-0.20705964456619616,-0.2280709641734485,1.0,0.0,0.0,0.0,1.0,0.0,0.0,1.0,0.0,0.0,0.0,1.0,0.0,1.0,0.0,1.0,1
C001614,-1.0664294259316156,-1.6924294673531015,-1.2747131789914647,0.9760841062779199,-0.46410667241066167,-0.21139890034421666,-0.2128289624261387,-0.20705964456619616,-0.2280709641734485,0.0,0.0,1.0,0.0,0.0,1.0,0.0,0.0,1.0,0.0,0.0,1.0,1.0,0.0,1.0,0.0,0
C001615,0.9274446725932636,-2.0091413170444103,-0.9230544129355662,-0.9793431517078963,-0.46410667241066167,-0.21139890034421666,-0.2128289624261387,-0.20705964456619616,-0.2280709641734485,0.0,0.0,1.0,0.0,0.0,1.0,0.0,0.0,0.0,1.0,1.0,0.0,0.0,1.0,1.0,0.0,0
C001616,-1.652862984321286,0.4509976219039068,-1.2094346698437803,-0.0016295227149882177,-0.46410667241066167,-0.21139890034421666,-0.2128289624261387,-0.20705964456619616,-0.2280709641734485,0.0,1.0,0.0,0.0,1.0,0.0,0.0,0.0,1.0,0.0,0.0,1.0,0.0,1.0,1.0,0.0,0
C001617,1.2793048076270657,1.8059246475063697,2.59162116911294,2.931511364263736,-0.46410667241066167,-0.21139890034421666,-0.2128289624261387,-0.20705964456619616,-0.2280709641734485,1.0,0.0,0.0,0.0,1.0,0.0,1.0,0.0,0.0,0.0,0.0,1.0,0.0,1.0,0.0,1.0,0
C001618,1.8070950101777692,0.508155677617427,1.9458743121532718,0.9760841062779199,-0.46410667241066167,-0.21139890034421666,-0.2128289624261387,-0.20705964456619616,-0.2280709641734485,0.0,1.0,0.0,0.0,1.0,0.0,0.0,0.0,0.0,1.0,0.0,1.0,1.0,0.0,0.0,1.0,0
C001619,-0.7145692908978135,-0.11542934004401097,-0.569148768629998,-0.0016295227149882177,2.1546770590601567,-0.21139890034421666,-0.2128289624261387,-0.20705964456619616,-0.2280709641734485,0.0,0.0,1.0,1.0,0.0,0.0,0.0,0.0,1.0,0.0,1.0,0.0,0.0,1.0,1.0,0.0,0
C001620,1.1620180959491317,0.04480061941520153,0.970535711947374,0.9760841062779199,-0.46410667241066167,-0.21139890034421666,-0.2128289624261387,-0.20705964456619616,-0.2280709641734485,0.0,1.0,0.0,1.0,0.0,0.0,1.0,0.0,0.0,0.0,0.0,1.0,1.0,0.0,0.0,1.0,1
C001621,0.9860880284322305,0.5760894323589061,1.2539622911565191,2.931511364263736,-0.46410667241066167,-0.21139890034421666,-0.2128289624261387,-0.20705964456619616,-0.2280709641734485,1.0,0.0,0.0,0.0,1.0,0.0,1.0,0.0,0.0,0.0,0.0,1.0,0.0,1.0,0.0,1.0,0
C001622,-0.7732126467367805,0.1616935284358845,-1.1986764382245017,1.953797735270828,-0.46410667241066167,-0.21139890034421666,4.698608632023215,-0.20705964456619616,-0.2280709641734485,0.0,0.0,1.0,0.0,0.0,1.0,1.0,0.0,0.0,0.0,0.0,1.0,0.0,1.0,1.0,0.0,0
C001623,0.047794335008758,0.1616935284358845,-0.20504289227046618,-0.9793431517078963,-0.46410667241066167,-0.21139890034421666,4.698608632023215,-0.20705964456619616,-0.2280709641734485,1.0,0.0,0.0,0.0,1.0,0.0,1.0,0.0,0.0,0.0,1.0,0.0,1.0,0.0,1.0,0.0,1
C001624,1.4552348751439668,-1.6554172837353307,-0.36158781032111925,0.9760841062779199,-0.46410667241066167,-0.21139890034421666,-0.2128289624261387,-0.20705964456619616,-0.2280709641734485,1.0,0.0,0.0,0.0,0.0,1.0,0.0,1.0,0.0,0.0,0.0,1.0,1.0,0.0,1.0,0.0,0
C001625,-1.1837161376095497,-2.0091413170444103,-0.14788141679956815,1.953797735270828,2.1546770590601567,-0.21139890034421666,-0.2128289624261387,4.829526304341278,-0.2280709641734485,0.0,0.0,1.0,0.0,0.0,1.0,0.0,1.0,0.0,0.0,0.0,1.0,1.0,0.0,1.0,0.0,0
C001626,0.8688013167542965,-0.11917740927112697,0.559409072217274,-0.9793431517078963,-0.46410667241066167,-0.21139890034421666,-0.2128289624261387,-0.20705964456619616,-0.2280709641734485,1.0,0.0,0.0,1.0,0.0,0.0,1.0,0.0,0.0,0.0,0.0,1.0,1.0,0.0,1.0,0.0,0
C001627,0.9274446725932636,1.0942600030077037,1.6623658930078806,-0.0016295227149882177,2.1546770590601567,-0.21139890034421666,-0.2128289624261387,-0.20705964456619616,-0.2280709641734485,1.0,0.0,0.0,0.0,1.0,0.0,0.0,0.0,0.0,1.0,0.0,1.0,0.0,1.0,1.0,0.0,0
C001628,-1.0077860700926486,0.5334551449004601,-0.5947349086982548,1.953797735270828,2.1546770590601567,-0.21139890034421666,-0.2128289624261387,-0.20705964456619616,-0.2280709641734485,0.0,1.0,0.0,1.0,0.0,0.0,0.0,0.0,0.0,1.0,0.0,1.0,0.0,1.0,1.0,0.0,0
C001629,-1.9460797635161213,0.4744230545733823,-1.6509760058806655,1.953797735270828,2.1546770590601567,-0.21139890034421666,-0.2128289624261387,-0.20705964456619616,-0.2280709641734485,0.0,0.0,1.0,0.0,1.0,0.0,0.0,1.0,0.0,0.0,1.0,0.0,1.0,0.0,1.0,0.0,0
C001630,-0.010849020830209034,-0.6054893914894385,-0.35919213218736556,-0.0016295227149882177,-0.46410667241066167,-0.21139890034421666,-0.2128289624261387,-0.20705964456619616,-0.2280709641734485,0.0,0.0,1.0,1.0,0.0,0.0,0.0,0.0,1.0,0.0,0.0,1.0,0.0,1.0,0.0,1.0,0
C001631,0.5755845375594614,0.1616935284358845,1.256610929093216,0.9760841062779199,-0.46410667241066167,-0.21139890034421666,4.698608632023215,-0.20705964456619616,-0.2280709641734485,1.0,0.0,0.0,0.0,1.0,0.0,0.0,1.0,0.0,0.0,0.0,1.0,1.0,0.0,1.0,0.0,1
C001632,-1.1837161376095497,0.7897293783045221,-0.690256994286028,-0.9793431517078963,-0.46410667241066167,-0.21139890034421666,-0.2128289624261387,-0.20705964456619616,-0.2280709641734485,1.0,0.0,0.0,0.0,1.0,0.0,0.0,0.0,0.0,1.0,0.0,1.0,1.0,0.0,1.0,0.0,1
C001633,0.28236775836462613,0.4805136670674457,0.5994660010127075,1.953797735270828,-0.46410667241066167,-0.21139890034421666,-0.2128289624261387,-0.20705964456619616,-0.2280709641734485,1.0,0.0,0.0,0.0,1.0,0.0,1.0,0.0,0.0,0.0,0.0,1.0,0.0,1.0,0.0,1.0,1
C001634,-0.42135251170297827,0.9551129329510192,0.13954787929143872,1.953797735270828,-0.46410667241066167,-0.21139890034421666,-0.2128289624261387,-0.20705964456619616,-0.2280709641734485,1.0,0.0,0.0,0.0,1.0,0.0,0.0,0.0,1.0,0.0,0.0,1.0,1.0,0.0,1.0,0.0,0
C001635,-1.476932916804385,-2.0091413170444103,-1.3649751886768657,-0.9793431517078963,-0.46410667241066167,-0.21139890034421666,-0.2128289624261387,-0.20705964456619616,-0.2280709641734485,1.0,0.0,0.0,0.0,0.0,1.0,0.0,0.0,0.0,1.0,0.0,1.0,0.0,1.0,1.0,0.0,0
C001636,-0.010849020830209034,0.9002974205044464,-0.14788141679956815,0.9760841062779199,-0.46410667241066167,-0.21139890034421666,-0.2128289624261387,4.829526304341278,-0.2280709641734485,1.0,0.0,0.0,0.0,1.0,0.0,0.0,1.0,0.0,0.0,1.0,0.0,0.0,1.0,1.0,0.0,0
C001637,-0.010849020830209034,0.9204432926001956,1.332930389639939,1.953797735270828,-0.46410667241066167,4.730393575234874,-0.2128289624261387,-0.20705964456619616,-0.2280709641734485,0.0,1.0,0.0,0.0,1.0,0.0,0.0,0.0,1.0,0.0,1.0,0.0,0.0,1.0,0.0,1.0,0
C001638,1.4552348751439668,0.8370487522968628,-0.14788141679956815,-0.9793431517078963,-0.46410667241066167,-0.21139890034421666,-0.2128289624261387,4.829526304341278,-0.2280709641734485,1.0,0.0,0.0,0.0,1.0,0.0,1.0,0.0,0.0,0.0,0.0,1.0,1.0,0.0,1.0,0.0,1
C001639,0.047794335008758,-0.2419266764591788,-0.18636850681791461,1.953797735270828,-0.46410667241066167,-0.21139890034421666,-0.2128289624261387,-0.20705964456619616,-0.2280709641734485,1.0,0.0,0.0,1.0,0.0,0.0,0.0,1.0,0.0,0.0,1.0,0.0,0.0,1.0,1.0,0.0,1
C001640,-0.7732126467367805,-2.0091413170444103,-1.3230285013535645,-0.9793431517078963,-0.46410667241066167,-0.21139890034421666,-0.2128289624261387,-0.20705964456619616,-0.2280709641734485,0.0,0.0,1.0,0.0,0.0,1.0,1.0,0.0,0.0,0.0,0.0,1.0,1.0,0.0,0.0,1.0,0
C001641,-1.1837161376095497,0.7517801773799723,-0.6480871071366007,-0.9793431517078963,-0.46410667241066167,-0.21139890034421666,-0.2128289624261387,-0.20705964456619616,-0.2280709641734485,1.0,0.0,0.0,0.0,1.0,0.0,1.0,0.0,0.0,0.0,0.0,1.0,1.0,0.0,0.0,1.0,1
C001642,0.10643769084772503,0.9686996838993153,0.8626185960153971,1.953797735270828,-0.46410667241066167,-0.21139890034421666,-0.2128289624261387,-0.20705964456619616,-0.2280709641734485,1.0,0.0,0.0,0.0,1.0,0.0,0.0,0.0,0.0,1.0,0.0,1.0,1.0,0.0,1.0,0.0,1
C001643,0.7515146050763625,1.2216943567296503,1.7089104967493796,-0.0016295227149882177,-0.46410667241066167,-0.21139890034421666,-0.2128289624261387,-0.20705964456619616,4.384600221356971,0.0,1.0,0.0,0.0,1.0,0.0,1.0,0.0,0.0,0.0,0.0,1.0,1.0,0.0,1.0,0.0,1
C001644,-0.8318560025757475,-1.6938349933132701,-1.1703151803180765,-0.0016295227149882177,-0.46410667241066167,-0.21139890034421666,-0.2128289624261387,-0.20705964456619616,-0.2280709641734485,1.0,0.0,0.0,0.0,0.0,1.0,0.0,0.0,0.0,1.0,1.0,0.0,0.0,1.0,1.0,0.0,1
C001645,-1.3010028492874839,0.8885847041697086,-0.8754384500286615,-0.9793431517078963,-0.46410667241066167,-0.21139890034421666,-0.2128289624261387,-0.20705964456619616,-0.2280709641734485,1.0,0.0,0.0,0.0,1.0,0.0,0.0,0.0,1.0,0.0,1.0,0.0,1.0,0.0,1.0,0.0,1
C001646,-1.3596462051264508,0.41585947289969355,-0.9545776683787778,-0.9793431517078963,-0.46410667241066167,-0.21139890034421666,-0.2128289624261387,-0.20705964456619616,-0.2280709641734485,0.0,1.0,0.0,0.0,1.0,0.0,1.0,0.0,0.0,0.0,0.0,1.0,1.0,0.0,1.0,0.0,0
C001647,-1.1837161376095497,0.1616935284358845,-0.859539182414278,-0.0016295227149882177,-0.46410667241066167,-0.21139890034421666,4.698608632023215,-0.20705964456619616,-0.2280709641734485,1.0,0.0,0.0,0.0,1.0,0.0,0.0,1.0,0.0,0.0,1.0,0.0,1.0,0.0,1.0,0.0,1
C001648,0.9860880284322305,-0.5872175540072475,0.21795053821533886,-0.0016295227149882177,-0.46410667241066167,-0.21139890034421666,-0.2128289624261387,-0.20705964456619616,-0.2280709641734485,0.0,1.0,0.0,1.0,0.0,0.0,0.0,0.0,0.0,1.0,1.0,0.0,0.0,1.0,1.0,0.0,0
C001649,-0.30406580002504424,0.49503743532252065,0.11950453490531354,-0.9793431517078963,-0.46410667241066167,-0.21139890034421666,-0.2128289624261387,-0.20705964456619616,-0.2280709641734485,1.0,0.0,0.0,0.0,1.0,0.0,1.0,0.0,0.0,0.0,0.0,1.0,1.0,0.0,0.0,1.0,1
C001650,1.513878230982934,-2.0091413170444103,-0.8803637261918446,-0.0016295227149882177,-0.46410667241066167,-0.21139890034421666,-0.2128289624261387,-0.20705964456619616,-0.2280709641734485,0.0,0.0,1.0,0.0,0.0,1.0,0.0,1.0,0.0,0.0,0.0,1.0,0.0,1.0,1.0,0.0,0
C001651,-0.7732126467367805,-0.567540190564888,-0.8874391606800424,-0.0016295227149882177,-0.46410667241066167,-0.21139890034421666,-0.2128289624261387,-0.20705964456619616,4.384600221356971,1.0,0.0,0.0,1.0,0.0,0.0,1.0,0.0,0.0,0.0,0.0,1.0,1.0,0.0,1.0,0.0,0
C001652,-1.8874364076771541,-0.8448973133714781,-1.4694401472980918,-0.9793431517078963,2.1546770590601567,-0.21139890034421666,-0.2128289624261387,-0.20705964456619616,-0.2280709641734485,0.0,0.0,1.0,1.0,0.0,0.0,0.0,1.0,0.0,0.0,1.0,0.0,1.0,0.0,1.0,0.0,0
C001653,0.45829782588152723,0.941057673349334,1.241031581229613,-0.0016295227149882177,-0.46410667241066167,-0.21139890034421666,-0.2128289624261387,-0.20705964456619616,-0.2280709641734485,0.0,1.0,0.0,0.0,1.0,0.0,0.0,0.0,0.0,1.0,0.0,1.0,1.0,0.0,1.0,0.0,0
C001654,-1.1250727817705828,-0.5469258098157498,-1.057770387991085,-0.0016295227149882177,-0.46410667241066167,-0.21139890034421666,-0.2128289624261387,-0.20705964456619616,-0.2280709641734485,0.0,0.0,1.0,1.0,0.0,0.0,0.0,1.0,0.0,0.0,0.0,1.0,1.0,0.0,0.0,1.0,0
C001655,-1.1837161376095497,-1.564058096324376,-1.326473218670111,-0.9793431517078963,-0.46410667241066167,-0.21139890034421666,-0.2128289624261387,-0.20705964456619616,-0.2280709641734485,1.0,0.0,0.0,0.0,0.0,1.0,0.0,1.0,0.0,0.0,0.0,1.0,0.0,1.0,1.0,0.0,0
C001656,-0.30406580002504424,-1.4726989089134215,-0.9370564820278776,-0.0016295227149882177,-0.46410667241066167,-0.21139890034421666,-0.2128289624261387,-0.20705964456619616,-0.2280709641734485,1.0,0.0,0.0,0.0,0.0,1.0,0.0,1.0,0.0,0.0,0.0,1.0,1.0,0.0,0.0,1.0,1
C001657,-0.24542244418607717,0.6060739861758341,0.19458895641413876,-0.9793431517078963,-0.46410667241066167,-0.21139890034421666,-0.2128289624261387,-0.20705964456619616,-0.2280709641734485,1.0,0.0,0.0,0.0,1.0,0.0,0.0,1.0,0.0,0.0,0.0,1.0,0.0,1.0,1.0,0.0,1
C001658,-1.8287930518381872,1.2207573394228715,-1.3461296833576175,-0.0016295227149882177,2.1546770590601567,-0.21139890034421666,-0.2128289624261387,-0.20705964456619616,4.384600221356971,0.0,0.0,1.0,0.0,1.0,0.0,0.0,1.0,0.0,0.0,0.0,1.0,1.0,0.0,0.0,1.0,0
C001659,0.28236775836462613,-0.21006808802869215,0.08135224462615645,-0.0016295227149882177,-0.46410667241066167,-0.21139890034421666,-0.2128289624261387,-0.20705964456619616,4.384600221356971,1.0,0.0,0.0,1.0,0.0,0.0,1.0,0.0,0.0,0.0,0.0,1.0,0.0,1.0,1.0,0.0,0
C001660,-1.77014969599922,1.2929076720448562,-1.2168597840595758,-0.0016295227149882177,-0.46410667241066167,-0.21139890034421666,-0.2128289624261387,-0.20705964456619616,-0.2280709641734485,1.0,0.0,0.0,0.0,1.0,0.0,0.0,1.0,0.0,0.0,1.0,0.0,0.0,1.0,0.0,1.0,0
C001661,-0.8318560025757475,1.1148743837568427,-0.17563259518124844,-0.0016295227149882177,-0.46410667241066167,-0.21139890034421666,-0.2128289624261387,-0.20705964456619616,-0.2280709641734485,1.0,0.0,0.0,0.0,1.0,0.0,0.0,1.0,0.0,0.0,1.0,0.0,1.0,0.0,0.0,1.0,1
C001662,-1.3010028492874839,0.6979016822401783,-0.7837256414734408,-0.9793431517078963,-0.46410667241066167,-0.21139890034421666,-0.2128289624261387,-0.20705964456619616,-0.2280709641734485,0.0,0.0,1.0,0.0,1.0,0.0,0.0,0.0,1.0,0.0,0.0,1.0,1.0,0.0,1.0,0.0,0
C001663,1.8070950101777692,0.9246598704807014,2.4871934104627353,-0.0016295227149882177,-0.46410667241066167,-0.21139890034421666,-0.2128289624261387,-0.20705964456619616,-0.2280709641734485,1.0,0.0,0.0,0.0,1.0,0.0,1.0,0.0,0.0,0.0,0.0,1.0,1.0,0.0,0.0,1.0,0
C001664,-0.8318560025757475,0.24719635767946954,-0.5640300526175056,-0.9793431517078963,-0.46410667241066167,-0.21139890034421666,-0.2128289624261387,-0.20705964456619616,-0.2280709641734485,1.0,0.0,0.0,1.0,0.0,0.0,0.0,0.0,0.0,1.0,0.0,1.0,0.0,1.0,1.0,0.0,0
C001665,0.9274446725932636,1.5815090025327943,1.983431402896093,-0.9793431517078963,-0.46410667241066167,-0.21139890034421666,-0.2128289624261387,-0.20705964456619616,-0.2280709641734485,1.0,0.0,0.0,0.0,1.0,0.0,1.0,0.0,0.0,0.0,1.0,0.0,1.0,0.0,1.0,0.0,1
C001666,-0.47999586754194534,0.6997757168537361,-0.14788141679956815,2.931511364263736,-0.46410667241066167,-0.21139890034421666,-0.2128289624261387,4.829526304341278,-0.2280709641734485,0.0,1.0,0.0,0.0,1.0,0.0,0.0,0.0,0.0,1.0,0.0,1.0,0.0,1.0,1.0,0.0,1
C001667,-1.77014969599922,0.6290309101919205,-1.153106473723753,-0.0016295227149882177,-0.46410667241066167,-0.21139890034421666,-0.2128289624261387,-0.20705964456619616,-0.2280709641734485,1.0,0.0,0.0,0.0,1.0,0.0,0.0,1.0,0.0,0.0,0.0,1.0,1.0,0.0,1.0,0.0,1
C001668,0.7515146050763625,0.1616935284358845,0.43340533037487794,-0.9793431517078963,-0.46410667241066167,-0.21139890034421666,4.698608632023215,-0.20705964456619616,-0.2280709641734485,1.0,0.0,0.0,1.0,0.0,0.0,0.0,0.0,0.0,1.0,0.0,1.0,0.0,1.0,1.0,0.0,0
C001669,-0.18677908834711016,0.2045620702210243,-0.026520231340595196,-0.0016295227149882177,-0.46410667241066167,-0.21139890034421666,-0.2128289624261387,-0.20705964456619616,-0.2280709641734485,1.0,0.0,0.0,0.0,1.0,0.0,0.0,0.0,1.0,0.0,0.0,1.0,1.0,0.0,0.0,1.0,0
C001670,-0.7145692908978135,0.7714575408223311,-0.1774851537380952,0.9760841062779199,-0.46410667241066167,-0.21139890034421666,-0.2128289624261387,-0.20705964456619616,-0.2280709641734485,1.0,0.0,0.0,0.0,1.0,0.0,0.0,0.0,0.0,1.0,1.0,0.0,0.0,1.0,1.0,0.0,1
C001671,0.3996544700425602,-1.1536445159551654,-0.3658806869769448,-0.0016295227149882177,-0.46410667241066167,-0.21139890034421666,-0.2128289624261387,-0.20705964456619616,-0.2280709641734485,1.0,0.0,0.0,0.0,0.0,1.0,0.0,0.0,0.0,1.0,0.0,1.0,0.0,1.0,1.0,0.0,0
C001672,-0.36270915586401126,-0.18757967266599548,-0.31555656617971,0.9760841062779199,-0.46410667241066167,-0.21139890034421666,-0.2128289624261387,-0.20705964456619616,-0.2280709641734485,0.0,1.0,0.0,1.0,0.0,0.0,0.0,0.0,0.0,1.0,0.0,1.0,1.0,0.0,0.0,1.0,0
C001673,-1.535576272643352,0.5376717227809659,-1.071489737303637,-0.9793431517078963,-0.46410667241066167,-0.21139890034421666,-0.2128289624261387,-0.20705964456619616,-0.2280709641734485,0.0,0.0,1.0,0.0,1.0,0.0,0.0,1.0,0.0,0.0,0.0,1.0,0.0,1.0,0.0,1.0,1
C001674,-1.3596462051264508,0.8206509494282302,-0.8276588072492645,-0.9793431517078963,-0.46410667241066167,-0.21139890034421666,-0.2128289624261387,-0.20705964456619616,-0.2280709641734485,1.0,0.0,0.0,0.0,1.0,0.0,0.0,0.0,1.0,0.0,0.0,1.0,1.0,0.0,0.0,1.0,1
C001675,-0.06949237666917607,-2.0091413170444103,-1.2443356826557006,-0.0016295227149882177,-0.46410667241066167,-0.21139890034421666,-0.2128289624261387,-0.20705964456619616,-0.2280709641734485,0.0,1.0,0.0,0.0,0.0,1.0,1.0,0.0,0.0,0.0,0.0,1.0,0.0,1.0,1.0,0.0,0
C001676,0.28236775836462613,0.8946753166637728,0.9361406187413397,-0.0016295227149882177,-0.46410667241066167,-0.21139890034421666,-0.2128289624261387,-0.20705964456619616,-0.2280709641734485,1.0,0.0,0.0,0.0,1.0,0.0,0.0,0.0,1.0,0.0,0.0,1.0,1.0,0.0,1.0,0.0,1
C001677,1.8657383660167361,0.3671345729471842,1.9801652454404475,-0.0016295227149882177,-0.46410667241066167,-0.21139890034421666,-0.2128289624261387,-0.20705964456619616,-0.2280709641734485,1.0,0.0,0.0,1.0,0.0,0.0,1.0,0.0,0.0,0.0,1.0,0.0,1.0,0.0,1.0,0.0,0
C001678,0.8688013167542965,-0.1983553716939544,0.4889448871092594,-0.0016295227149882177,-0.46410667241066167,-0.21139890034421666,-0.2128289624261387,-0.20705964456619616,-0.2280709641734485,0.0,1.0,0.0,1.0,0.0,0.0,0.0,1.0,0.0,0.0,0.0,1.0,1.0,0.0,1.0,0.0,0
C001679,1.513878230982934,0.1616935284358845,1.1601960442009382,0.9760841062779199,2.1546770590601567,-0.21139890034421666,4.698608632023215,-0.20705964456619616,-0.2280709641734485,1.0,0.0,0.0,1.0,0.0,0.0,0.0,0.0,1.0,0.0,0.0,1.0,0.0,1.0,1.0,0.0,0
C001680,-1.77014969599922,0.37978430658870077,-1.3050832353330248,-0.0016295227149882177,-0.46410667241066167,-0.21139890034421666,-0.2128289624261387,-0.20705964456619616,-0.2280709641734485,1.0,0.0,0.0,0.0,1.0,0.0,0.0,1.0,0.0,0.0,1.0,0.0,0.0,1.0,0.0,1.0,1
C001681,0.9860880284322305,0.11601393473040687,0.8923413728611918,1.953797735270828,2.1546770590601567,-0.21139890034421666,-0.2128289624261387,-0.20705964456619616,-0.2280709641734485,0.0,0.0,1.0,0.0,1.0,0.0,0.0,0.0,1.0,0.0,0.0,1.0,1.0,0.0,1.0,0.0,0
C001682,0.3996544700425602,0.6964961562800098,0.6685686671813529,-0.0016295227149882177,-0.46410667241066167,-0.21139890034421666,-0.2128289624261387,-0.20705964456619616,-0.2280709641734485,1.0,0.0,0.0,0.0,1.0,0.0,0.0,1.0,0.0,0.0,1.0,0.0,0.0,1.0,0.0,1.0,1
C001683,-0.9491427142536816,-0.0638933881711648,-0.841251676660345,2.931511364263736,-0.46410667241066167,-0.21139890034421666,-0.2128289624261387,-0.20705964456619616,-0.2280709641734485,0.0,0.0,1.0,1.0,0.0,0.0,0.0,0.0,1.0,0.0,0.0,1.0,1.0,0.0,1.0,0.0,0
C001684,-0.010849020830209034,-1.7561466442140752,-0.9894414812196771,-0.9793431517078963,-0.46410667241066167,-0.21139890034421666,-0.2128289624261387,-0.20705964456619616,-0.2280709641734485,1.0,0.0,0.0,0.0,0.0,1.0,0.0,0.0,1.0,0.0,0.0,1.0,1.0,0.0,1.0,0.0,0
C001685,-0.18677908834711016,0.1616935284358845,0.48984512640796807,-0.9793431517078963,-0.46410667241066167,-0.21139890034421666,4.698608632023215,-0.20705964456619616,-0.2280709641734485,1.0,0.0,0.0,0.0,1.0,0.0,0.0,0.0,1.0,0.0,0.0,1.0,0.0,1.0,1.0,0.0,1
C001686,-0.47999586754194534,0.778485170623174,-0.011312883187202508,-0.0016295227149882177,-0.46410667241066167,-0.21139890034421666,-0.2128289624261387,-0.20705964456619616,-0.2280709641734485,1.0,0.0,0.0,0.0,1.0,0.0,1.0,0.0,0.0,0.0,0.0,1.0,1.0,0.0,1.0,0.0,1
C001687,-0.010849020830209034,-0.10980723620333697,-0.03838702209630018,-0.9793431517078963,-0.46410667241066167,-0.21139890034421666,-0.2128289624261387,-0.20705964456619616,-0.2280709641734485,0.0,0.0,1.0,1.0,0.0,0.0,1.0,0.0,0.0,0.0,0.0,1.0,1.0,0.0,1.0,0.0,0
C001688,-0.8318560025757475,-0.17820949959820548,-0.6059990599234195,-0.0016295227149882177,2.1546770590601567,-0.21139890034421666,-0.2128289624261387,-0.20705964456619616,-0.2280709641734485,0.0,1.0,0.0,1.0,0.0,0.0,1.0,0.0,0.0,0.0,0.0,1.0,0.0,1.0,1.0,0.0,1
C001689,-0.8904993584147146,0.5671877679445048,-0.4768407605384408,-0.0016295227149882177,-0.46410667241066167,-0.21139890034421666,-0.2128289624261387,-0.20705964456619616,-0.2280709641734485,1.0,0.0,0.0,1.0,0.0,0.0,1.0,0.0,0.0,0.0,0.0,1.0,0.0,1.0,0.0,1.0,0
C001690,0.3410111142035932,1.3069629316465414,1.1740493134091659,-0.9793431517078963,-0.46410667241066167,-0.21139890034421666,-0.2128289624261387,-0.20705964456619616,-0.2280709641734485,1.0,0.0,0.0,0.0,1.0,0.0,1.0,0.0,0.0,0.0,0.0,1.0,1.0,0.0,1.0,0.0,1
C001691,-0.010849020830209034,-1.9135655517529506,-1.1437692809974773,-0.9793431517078963,2.1546770590601567,-0.21139890034421666,-0.2128289624261387,-0.20705964456619616,-0.2280709641734485,1.0,0.0,0.0,0.0,0.0,1.0,0.0,0.0,0.0,1.0,0.0,1.0,1.0,0.0,0.0,1.0,0
C001692,-1.4182895609654178,-1.7570836615208543,-1.3079104331306222,-0.9793431517078963,-0.46410667241066167,-0.21139890034421666,-0.2128289624261387,-0.20705964456619616,-0.2280709641734485,1.0,0.0,0.0,0.0,0.0,1.0,0.0,0.0,0.0,1.0,0.0,1.0,1.0,0.0,1.0,0.0,1
C001693,0.10643769084772503,0.13803384143971378,0.27180121626536635,-0.0016295227149882177,-0.46410667241066167,-0.21139890034421666,-0.2128289624261387,-0.20705964456619616,4.384600221356971,1.0,0.0,0.0,1.0,0.0,0.0,1.0,0.0,0.0,0.0,1.0,0.0,0.0,1.0,1.0,0.0,1
C001694,1.1620180959491317,1.2423087374787893,2.138012162476836,-0.9793431517078963,-0.46410667241066167,-0.21139890034421666,-0.2128289624261387,-0.20705964456619616,-0.2280709641734485,1.0,0.0,0.0,0.0,1.0,0.0,0.0,0.0,0.0,1.0,0.0,1.0,0.0,1.0,0.0,1.0,0
C001695,-0.1281357325081431,-0.43401522434887796,-0.31970808294565584,-0.0016295227149882177,-0.46410667241066167,-0.21139890034421666,-0.2128289624261387,-0.20705964456619616,-0.2280709641734485,0.0,1.0,0.0,1.0,0.0,0.0,1.0,0.0,0.0,0.0,0.0,1.0,1.0,0.0,1.0,0.0,0
C001696,1.572521586821901,0.025123255972842033,1.3294112723813505,-0.9793431517078963,-0.46410667241066167,-0.21139890034421666,-0.2128289624261387,-0.20705964456619616,-0.2280709641734485,1.0,0.0,0.0,1.0,0.0,0.0,0.0,1.0,0.0,0.0,0.0,1.0,0.0,1.0,0.0,1.0,0
C001697,-1.1250727817705828,-1.6038813318624845,-1.3241668204668078,-0.0016295227149882177,-0.46410667241066167,-0.21139890034421666,-0.2128289624261387,-0.20705964456619616,-0.2280709641734485,0.0,0.0,1.0,0.0,0.0,1.0,1.0,0.0,0.0,0.0,0.0,1.0,1.0,0.0,1.0,0.0,0
C001698,-0.7732126467367805,0.07619069919229846,-0.462794051480904,-0.9793431517078963,2.1546770590601567,-0.21139890034421666,-0.2128289624261387,-0.20705964456619616,-0.2280709641734485,1.0,0.0,0.0,1.0,0.0,0.0,1.0,0.0,0.0,0.0,0.0,1.0,1.0,0.0,1.0,0.0,1
C001699,-0.010849020830209034,-0.5623865953776035,-0.07395019439239467,0.9760841062779199,-0.46410667241066167,4.730393575234874,-0.2128289624261387,-0.20705964456619616,-0.2280709641734485,1.0,0.0,0.0,1.0,0.0,0.0,0.0,0.0,0.0,1.0,0.0,1.0,1.0,0.0,1.0,0.0,0
C001700,-1.0077860700926486,-0.6851358625656553,-0.9765479712637918,-0.0016295227149882177,-0.46410667241066167,-0.21139890034421666,-0.2128289624261387,-0.20705964456619616,-0.2280709641734485,0.0,1.0,0.0,1.0,0.0,0.0,0.0,1.0,0.0,0.0,1.0,0.0,1.0,0.0,0.0,1.0,0
C001701,-1.1250727817705828,0.8656277801536229,-0.591267871399096,0.9760841062779199,2.1546770590601567,-0.21139890034421666,-0.2128289624261387,-0.20705964456619616,-0.2280709641734485,1.0,0.0,0.0,0.0,1.0,0.0,0.0,1.0,0.0,0.0,0.0,1.0,1.0,0.0,0.0,1.0,1
C001702,0.6342278933984283,-2.0091413170444103,-1.0011371521086854,-0.0016295227149882177,-0.46410667241066167,-0.21139890034421666,-0.2128289624261387,-0.20705964456619616,-0.2280709641734485,1.0,0.0,0.0,0.0,0.0,1.0,0.0,0.0,1.0,0.0,0.0,1.0,1.0,0.0,1.0,0.0,1
C001703,-0.8318560025757475,0.1502150664278413,-0.572467006045073,-0.9793431517078963,-0.46410667241066167,-0.21139890034421666,-0.2128289624261387,-0.20705964456619616,-0.2280709641734485,1.0,0.0,0.0,1.0,0.0,0.0,1.0,0.0,0.0,0.0,0.0,1.0,1.0,0.0,1.0,0.0,1
C001704,1.689808298499835,0.0176271175186097,1.4269272764158503,-0.9793431517078963,-0.46410667241066167,-0.21139890034421666,-0.2128289624261387,-0.20705964456619616,-0.2280709641734485,1.0,0.0,0.0,1.0,0.0,0.0,0.0,0.0,1.0,0.0,0.0,1.0,0.0,1.0,1.0,0.0,0
C001705,-1.0664294259316156,0.3938395661903866,-0.5997643447802966,-0.9793431517078963,-0.46410667241066167,-0.21139890034421666,-0.2128289624261387,-0.20705964456619616,-0.2280709641734485,0.0,0.0,1.0,1.0,0.0,0.0,1.0,0.0,0.0,0.0,0.0,1.0,0.0,1.0,1.0,0.0,0
C001706,0.16508104668669207,0.5559435602631568,0.48757592817568607,1.953797735270828,-0.46410667241066167,-0.21139890034421666,-0.2128289624261387,-0.20705964456619616,-0.2280709641734485,1.0,0.0,0.0,0.0,1.0,0.0,0.0,0.0,0.0,1.0,1.0,0.0,1.0,0.0,1.0,0.0,1
C001707,-1.0077860700926486,-0.3623334003802829,-0.8732064517674003,-0.0016295227149882177,-0.46410667241066167,-0.21139890034421666,-0.2128289624261387,-0.20705964456619616,-0.2280709641734485,0.0,1.0,0.0,1.0,0.0,0.0,0.0,0.0,0.0,1.0,0.0,1.0,1.0,0.0,1.0,0.0,0
C001708,-1.0664294259316156,0.1616935284358845,-0.3581282130161644,-0.9793431517078963,-0.46410667241066167,-0.21139890034421666,4.698608632023215,-0.20705964456619616,-0.2280709641734485,1.0,0.0,0.0,0.0,1.0,0.0,0.0,0.0,1.0,0.0,0.0,1.0,0.0,1.0,1.0,0.0,1
C001709,1.3379481634660328,-0.37264059075485206,0.6680850675580795,-0.0016295227149882177,2.1546770590601567,-0.21139890034421666,-0.2128289624261387,-0.20705964456619616,-0.2280709641734485,0.0,1.0,0.0,0.0,1.0,0.0,1.0,0.0,0.0,0.0,0.0,1.0,0.0,1.0,0.0,1.0,0
C001710,-1.1837161376095497,0.4139854382861352,-0.7296220036204705,-0.0016295227149882177,-0.46410667241066167,-0.21139890034421666,-0.2128289624261387,-0.20705964456619616,4.384600221356971,0.0,0.0,1.0,0.0,1.0,0.0,1.0,0.0,0.0,0.0,0.0,1.0,1.0,0.0,1.0,0.0,1
C001711,-0.5972825792198794,-0.5666031732581093,-0.6390400741842887,-0.9793431517078963,-0.46410667241066167,-0.21139890034421666,-0.2128289624261387,-0.20705964456619616,-0.2280709641734485,1.0,0.0,0.0,1.0,0.0,0.0,0.0,0.0,1.0,0.0,1.0,0.0,1.0,0.0,1.0,0.0,0
C001712,-1.2423594934485167,0.461304812278476,-0.694706110820142,-0.0016295227149882177,-0.46410667241066167,-0.21139890034421666,-0.2128289624261387,-0.20705964456619616,-0.2280709641734485,1.0,0.0,0.0,1.0,0.0,0.0,0.0,1.0,0.0,0.0,0.0,1.0,0.0,1.0,1.0,0.0,0
C001713,1.2206614517880987,-1.7767610249632135,-0.706022342004736,-0.9793431517078963,2.1546770590601567,-0.21139890034421666,-0.2128289624261387,-0.20705964456619616,-0.2280709641734485,1.0,0.0,0.0,0.0,0.0,1.0,1.0,0.0,0.0,0.0,0.0,1.0,1.0,0.0,0.0,1.0,0
C001714,1.0447313842711976,0.7114884331884738,1.5824975552257523,-0.0016295227149882177,-0.46410667241066167,-0.21139890034421666,-0.2128289624261387,-0.20705964456619616,-0.2280709641734485,1.0,0.0,0.0,0.0,1.0,0.0,0.0,0.0,1.0,0.0,1.0,0.0,0.0,1.0,1.0,0.0,0
C001715,-1.0664294259316156,-0.8833150229494179,-1.0650615823112048,-0.0016295227149882177,-0.46410667241066167,-0.21139890034421666,-0.2128289624261387,-0.20705964456619616,-0.2280709641734485,1.0,0.0,0.0,1.0,0.0,0.0,1.0,0.0,0.0,0.0,0.0,1.0,0.0,1.0,0.0,1.0,0
C001716,-0.1281357325081431,1.369743091200736,-0.14788141679956815,0.9760841062779199,-0.46410667241066167,-0.21139890034421666,-0.2128289624261387,4.829526304341278,-0.2280709641734485,0.0,0.0,1.0,0.0,1.0,0.0,0.0,0.0,0.0,1.0,0.0,1.0,0.0,1.0,1.0,0.0,0
C001717,-0.5972825792198794,-1.0355803353010087,-0.9052579467991106,0.9760841062779199,-0.46410667241066167,-0.21139890034421666,-0.2128289624261387,-0.20705964456619616,-0.2280709641734485,0.0,0.0,1.0,1.0,0.0,0.0,0.0,0.0,1.0,0.0,0.0,1.0,0.0,1.0,1.0,0.0,0
C001718,1.3379481634660328,-0.563792121337772,0.5953070442525574,-0.9793431517078963,-0.46410667241066167,-0.21139890034421666,-0.2128289624261387,-0.20705964456619616,-0.2280709641734485,1.0,0.0,0.0,1.0,0.0,0.0,0.0,0.0,0.0,1.0,1.0,0.0,1.0,0.0,1.0,0.0,0
C001719,1.2206614517880987,0.8988918945442778,1.8084724991900358,-0.9793431517078963,-0.46410667241066167,-0.21139890034421666,-0.2128289624261387,-0.20705964456619616,-0.2280709641734485,1.0,0.0,0.0,0.0,1.0,0.0,1.0,0.0,0.0,0.0,0.0,1.0,1.0,0.0,1.0,0.0,0
C001720,0.6928712492373954,0.7363193918181179,1.108465764499109,-0.9793431517078963,2.1546770590601567,-0.21139890034421666,-0.2128289624261387,-0.20705964456619616,-0.2280709641734485,1.0,0.0,0.0,0.0,1.0,0.0,0.0,0.0,0.0,1.0,1.0,0.0,1.0,0.0,1.0,0.0,1
C001721,-0.36270915586401126,0.7817647311969003,0.03792499845621872,0.9760841062779199,2.1546770590601567,-0.21139890034421666,-0.2128289624261387,-0.20705964456619616,-0.2280709641734485,0.0,0.0,1.0,0.0,1.0,0.0,1.0,0.0,0.0,0.0,1.0,0.0,0.0,1.0,1.0,0.0,0
C001722,0.6928712492373954,-0.28737201583796124,0.34390220009830563,-0.9793431517078963,-0.46410667241066167,-0.21139890034421666,-0.2128289624261387,-0.20705964456619616,-0.2280709641734485,0.0,1.0,0.0,1.0,0.0,0.0,1.0,0.0,0.0,0.0,0.0,1.0,0.0,1.0,0.0,1.0,0
C001723,0.5755845375594614,-1.750524540373401,-0.9043428275119935,-0.0016295227149882177,2.1546770590601567,-0.21139890034421666,-0.2128289624261387,-0.20705964456619616,4.384600221356971,0.0,1.0,0.0,0.0,1.0,0.0,0.0,0.0,0.0,1.0,0.0,1.0,0.0,1.0,0.0,1.0,0
C001724,0.22372440252565912,1.2451197893991257,-0.14788141679956815,-0.0016295227149882177,2.1546770590601567,-0.21139890034421666,-0.2128289624261387,4.829526304341278,-0.2280709641734485,1.0,0.0,0.0,0.0,1.0,0.0,0.0,0.0,1.0,0.0,0.0,1.0,0.0,1.0,1.0,0.0,1
C001725,1.1620180959491317,1.5341896285404535,2.424608179216972,0.9760841062779199,2.1546770590601567,-0.21139890034421666,-0.2128289624261387,-0.20705964456619616,-0.2280709641734485,1.0,0.0,0.0,0.0,1.0,0.0,0.0,0.0,0.0,1.0,0.0,1.0,0.0,1.0,1.0,0.0,0
C001726,-0.8318560025757475,-0.4312041724285408,-0.805919144184581,-0.0016295227149882177,-0.46410667241066167,-0.21139890034421666,-0.2128289624261387,-0.20705964456619616,-0.2280709641734485,0.0,1.0,0.0,1.0,0.0,0.0,0.0,0.0,1.0,0.0,0.0,1.0,0.0,1.0,1.0,0.0,0
C001727,-0.5972825792198794,-0.07045250931861798,-0.4628907714055586,0.9760841062779199,2.1546770590601567,-0.21139890034421666,-0.2128289624261387,-0.20705964456619616,-0.2280709641734485,1.0,0.0,0.0,0.0,1.0,0.0,1.0,0.0,0.0,0.0,1.0,0.0,0.0,1.0,0.0,1.0,1
C001728,1.6311649426608679,-0.45697214836496375,0.9107479185223919,-0.9793431517078963,-0.46410667241066167,-0.21139890034421666,-0.2128289624261387,-0.20705964456619616,-0.2280709641734485,1.0,0.0,0.0,1.0,0.0,0.0,1.0,0.0,0.0,0.0,0.0,1.0,1.0,0.0,1.0,0.0,0
C001729,0.10643769084772503,-1.3668159532473922,-0.7167210536703811,-0.0016295227149882177,-0.46410667241066167,-0.21139890034421666,-0.2128289624261387,-0.20705964456619616,-0.2280709641734485,1.0,0.0,0.0,0.0,0.0,1.0,0.0,0.0,0.0,1.0,0.0,1.0,0.0,1.0,1.0,0.0,1
C001730,0.7515146050763625,-0.45369258779123717,0.20244559029377796,-0.0016295227149882177,-0.46410667241066167,-0.21139890034421666,-0.2128289624261387,-0.20705964456619616,-0.2280709641734485,0.0,1.0,0.0,1.0,0.0,0.0,0.0,1.0,0.0,0.0,0.0,1.0,1.0,0.0,1.0,0.0,0
C001731,0.22372440252565912,-1.867183195067389,-0.14788141679956815,0.9760841062779199,-0.46410667241066167,-0.21139890034421666,-0.2128289624261387,4.829526304341278,-0.2280709641734485,1.0,0.0,0.0,0.0,0.0,1.0,1.0,0.0,0.0,0.0,0.0,1.0,0.0,1.0,1.0,0.0,0
C001732,-0.47999586754194534,1.0549052761229851,0.0563836240768484,-0.0016295227149882177,-0.46410667241066167,-0.21139890034421666,-0.2128289624261387,-0.20705964456619616,-0.2280709641734485,1.0,0.0,0.0,0.0,1.0,0.0,0.0,1.0,0.0,0.0,0.0,1.0,0.0,1.0,1.0,0.0,1
C001733,-0.24542244418607717,0.34324063162431895,0.03413804140627885,-0.9793431517078963,-0.46410667241066167,-0.21139890034421666,-0.2128289624261387,-0.20705964456619616,-0.2280709641734485,1.0,0.0,0.0,1.0,0.0,0.0,0.0,1.0,0.0,0.0,0.0,1.0,1.0,0.0,1.0,0.0,0
C001734,0.22372440252565912,-0.3937234801573801,0.041228355882884926,0.9760841062779199,-0.46410667241066167,-0.21139890034421666,-0.2128289624261387,-0.20705964456619616,-0.2280709641734485,0.0,1.0,0.0,1.0,0.0,0.0,1.0,0.0,0.0,0.0,0.0,1.0,1.0,0.0,1.0,0.0,1
C001735,-0.24542244418607717,-0.2095995793753027,-0.3110404896977583,-0.0016295227149882177,-0.46410667241066167,-0.21139890034421666,-0.2128289624261387,-0.20705964456619616,-0.2280709641734485,1.0,0.0,0.0,1.0,0.0,0.0,0.0,0.0,1.0,0.0,0.0,1.0,1.0,0.0,0.0,1.0,0
C001736,-0.18677908834711016,0.8300211224960199,0.37662329460839417,-0.0016295227149882177,-0.46410667241066167,-0.21139890034421666,-0.2128289624261387,-0.20705964456619616,-0.2280709641734485,0.0,1.0,0.0,0.0,1.0,0.0,0.0,0.0,1.0,0.0,1.0,0.0,1.0,0.0,1.0,0.0,1
C001737,-0.5972825792198794,1.1898357682991638,0.09478887415894854,-0.9793431517078963,-0.46410667241066167,-0.21139890034421666,-0.2128289624261387,-0.20705964456619616,-0.2280709641734485,1.0,0.0,0.0,0.0,1.0,0.0,1.0,0.0,0.0,0.0,0.0,1.0,1.0,0.0,1.0,0.0,1
C001738,0.9860880284322305,0.32496879414212804,1.0413123768119652,-0.9793431517078963,-0.46410667241066167,-0.21139890034421666,-0.2128289624261387,-0.20705964456619616,-0.2280709641734485,1.0,0.0,0.0,1.0,0.0,0.0,1.0,0.0,0.0,0.0,0.0,1.0,1.0,0.0,1.0,0.0,0
C001739,1.2793048076270657,1.7899953532911264,2.727795383032483,-0.9793431517078963,2.1546770590601567,-0.21139890034421666,-0.2128289624261387,-0.20705964456619616,-0.2280709641734485,1.0,0.0,0.0,0.0,1.0,0.0,1.0,0.0,0.0,0.0,0.0,1.0,0.0,1.0,1.0,0.0,1
C001740,-0.18677908834711016,-0.07420057854573431,-0.09385217888863995,2.931511364263736,-0.46410667241066167,-0.21139890034421666,-0.2128289624261387,-0.20705964456619616,-0.2280709641734485,1.0,0.0,0.0,1.0,0.0,0.0,0.0,0.0,1.0,0.0,0.0,1.0,0.0,1.0,1.0,0.0,0
C001741,-1.1837161376095497,-0.791487326885074,-1.0995161954708728,-0.0016295227149882177,-0.46410667241066167,-0.21139890034421666,-0.2128289624261387,-0.20705964456619616,-0.2280709641734485,0.0,0.0,1.0,1.0,0.0,0.0,0.0,0.0,0.0,1.0,1.0,0.0,0.0,1.0,1.0,0.0,0
C001742,1.1620180959491317,-1.7092957788751242,-0.626674803816902,-0.0016295227149882177,-0.46410667241066167,-0.21139890034421666,-0.2128289624261387,-0.20705964456619616,-0.2280709641734485,0.0,1.0,0.0,0.0,0.0,1.0,0.0,1.0,0.0,0.0,1.0,0.0,0.0,1.0,0.0,1.0,0
C001743,-0.8904993584147146,-2.0091413170444103,-1.4241603425713072,-0.9793431517078963,-0.46410667241066167,-0.21139890034421666,-0.2128289624261387,-0.20705964456619616,-0.2280709641734485,0.0,1.0,0.0,0.0,0.0,1.0,0.0,0.0,1.0,0.0,1.0,0.0,1.0,0.0,1.0,0.0,0
C001744,-0.8904993584147146,-1.5579674838303126,-1.2613063094354895,-0.9793431517078963,-0.46410667241066167,-0.21139890034421666,-0.2128289624261387,-0.20705964456619616,-0.2280709641734485,0.0,0.0,1.0,1.0,0.0,0.0,1.0,0.0,0.0,0.0,0.0,1.0,0.0,1.0,1.0,0.0,0
C001745,-0.30406580002504424,-2.0091413170444103,-1.1532552736078372,-0.9793431517078963,2.1546770590601567,-0.21139890034421666,-0.2128289624261387,-0.20705964456619616,-0.2280709641734485,1.0,0.0,0.0,0.0,0.0,1.0,1.0,0.0,0.0,0.0,0.0,1.0,0.0,1.0,1.0,0.0,0
C001746,-0.1281357325081431,-0.3061123619735416,-0.25196693571637974,-0.0016295227149882177,2.1546770590601567,-0.21139890034421666,-0.2128289624261387,-0.20705964456619616,-0.2280709641734485,0.0,1.0,0.0,1.0,0.0,0.0,0.0,0.0,1.0,0.0,0.0,1.0,0.0,1.0,0.0,1.0,0
C001747,1.2793048076270657,-0.6668640250834644,0.45020483728797017,-0.0016295227149882177,-0.46410667241066167,-0.21139890034421666,-0.2128289624261387,-0.20705964456619616,-0.2280709641734485,0.0,1.0,0.0,1.0,0.0,0.0,1.0,0.0,0.0,0.0,0.0,1.0,0.0,1.0,0.0,1.0,0
C001748,0.22372440252565912,1.3669320392803987,1.2348563860401238,-0.0016295227149882177,-0.46410667241066167,-0.21139890034421666,-0.2128289624261387,-0.20705964456619616,-0.2280709641734485,0.0,1.0,0.0,0.0,1.0,0.0,0.0,1.0,0.0,0.0,0.0,1.0,0.0,1.0,1.0,0.0,0
C001749,-0.7732126467367805,0.26172012593454447,-0.45235573961240605,3.909224993256644,2.1546770590601567,-0.21139890034421666,-0.2128289624261387,-0.20705964456619616,-0.2280709641734485,0.0,0.0,1.0,1.0,0.0,0.0,0.0,1.0,0.0,0.0,0.0,1.0,1.0,0.0,0.0,1.0,1
C001750,0.45829782588152723,1.2474623326660739,1.1303765474304894,-0.0016295227149882177,-0.46410667241066167,-0.21139890034421666,-0.2128289624261387,-0.20705964456619616,4.384600221356971,1.0,0.0,0.0,0.0,1.0,0.0,1.0,0.0,0.0,0.0,1.0,0.0,0.0,1.0,1.0,0.0,0
C001751,-1.9460797635161213,0.8028476205994284,-1.3867446117183662,-0.0016295227149882177,2.1546770590601567,-0.21139890034421666,-0.2128289624261387,-0.20705964456619616,-0.2280709641734485,1.0,0.0,0.0,0.0,1.0,0.0,0.0,1.0,0.0,0.0,0.0,1.0,1.0,0.0,1.0,0.0,1
C001752,-0.5386392233809124,-0.6696750770038012,-0.7116692976057266,-0.9793431517078963,-0.46410667241066167,-0.21139890034421666,-0.2128289624261387,-0.20705964456619616,-0.2280709641734485,0.0,0.0,1.0,1.0,0.0,0.0,1.0,0.0,0.0,0.0,0.0,1.0,1.0,0.0,1.0,0.0,0
C001753,-0.36270915586401126,-0.14869345443466622,-0.2853129897396215,0.9760841062779199,-0.46410667241066167,-0.21139890034421666,-0.2128289624261387,-0.20705964456619616,-0.2280709641734485,1.0,0.0,0.0,1.0,0.0,0.0,0.0,0.0,0.0,1.0,0.0,1.0,0.0,1.0,1.0,0.0,1
C001754,-0.8318560025757475,1.4254956209540874,-0.1447491792395983,-0.9793431517078963,-0.46410667241066167,-0.21139890034421666,-0.2128289624261387,-0.20705964456619616,-0.2280709641734485,0.0,0.0,1.0,0.0,1.0,0.0,1.0,0.0,0.0,0.0,1.0,0.0,0.0,1.0,1.0,0.0,0
C001755,0.3410111142035932,-2.0091413170444103,-1.04758503592553,2.931511364263736,-0.46410667241066167,-0.21139890034421666,-0.2128289624261387,-0.20705964456619616,-0.2280709641734485,1.0,0.0,0.0,0.0,0.0,1.0,0.0,0.0,1.0,0.0,0.0,1.0,1.0,0.0,1.0,0.0,0
C001756,-0.010849020830209034,-0.4307356637751514,-0.14788141679956815,-0.0016295227149882177,-0.46410667241066167,4.730393575234874,-0.2128289624261387,4.829526304341278,-0.2280709641734485,1.0,0.0,0.0,1.0,0.0,0.0,1.0,0.0,0.0,0.0,0.0,1.0,0.0,1.0,1.0,0.0,0
C001757,0.45829782588152723,0.8112807763604399,0.8797454626734748,-0.9793431517078963,2.1546770590601567,-0.21139890034421666,-0.2128289624261387,-0.20705964456619616,-0.2280709641734485,0.0,0.0,1.0,0.0,1.0,0.0,1.0,0.0,0.0,0.0,1.0,0.0,1.0,0.0,0.0,1.0,1
C001758,1.4552348751439668,-0.06295637086438596,1.0708863537736755,0.9760841062779199,-0.46410667241066167,-0.21139890034421666,-0.2128289624261387,-0.20705964456619616,-0.2280709641734485,1.0,0.0,0.0,1.0,0.0,0.0,0.0,0.0,1.0,0.0,0.0,1.0,1.0,0.0,1.0,0.0,0
C001759,0.6928712492373954,0.5573490862233254,1.0282551869835874,0.9760841062779199,-0.46410667241066167,-0.21139890034421666,-0.2128289624261387,-0.20705964456619616,-0.2280709641734485,1.0,0.0,0.0,0.0,1.0,0.0,0.0,1.0,0.0,0.0,0.0,1.0,0.0,1.0,0.0,1.0,0
C001760,-0.47999586754194534,-0.26300956586170654,-0.37839475722841565,-0.9793431517078963,-0.46410667241066167,-0.21139890034421666,-0.2128289624261387,-0.20705964456619616,-0.2280709641734485,1.0,0.0,0.0,1.0,0.0,0.0,1.0,0.0,0.0,0.0,0.0,1.0,1.0,0.0,1.0,0.0,1
C001761,0.3410111142035932,0.9836919608077792,1.0839658635846658,-0.9793431517078963,-0.46410667241066167,-0.21139890034421666,-0.2128289624261387,-0.20705964456619616,-0.2280709641734485,1.0,0.0,0.0,0.0,1.0,0.0,0.0,0.0,0.0,1.0,0.0,1.0,0.0,1.0,0.0,1.0,0
C001762,1.4552348751439668,0.39852465272428145,1.5343905527013704,0.9760841062779199,-0.46410667241066167,-0.21139890034421666,-0.2128289624261387,-0.20705964456619616,-0.2280709641734485,0.0,0.0,1.0,0.0,1.0,0.0,1.0,0.0,0.0,0.0,0.0,1.0,1.0,0.0,1.0,0.0,0
C001763,0.5169411817204943,0.1616935284358845,1.2206013571448693,-0.0016295227149882177,-0.46410667241066167,-0.21139890034421666,4.698608632023215,-0.20705964456619616,4.384600221356971,0.0,0.0,1.0,0.0,1.0,0.0,0.0,0.0,0.0,1.0,0.0,1.0,1.0,0.0,0.0,1.0,0
C001764,-1.3596462051264508,-0.24380071107273682,-1.0367152043931882,-0.0016295227149882177,-0.46410667241066167,-0.21139890034421666,-0.2128289624261387,-0.20705964456619616,4.384600221356971,1.0,0.0,0.0,1.0,0.0,0.0,0.0,1.0,0.0,0.0,0.0,1.0,1.0,0.0,1.0,0.0,0
C001765,0.9274446725932636,0.36666606429379445,1.065603957888691,-0.0016295227149882177,-0.46410667241066167,-0.21139890034421666,-0.2128289624261387,-0.20705964456619616,-0.2280709641734485,1.0,0.0,0.0,1.0,0.0,0.0,1.0,0.0,0.0,0.0,1.0,0.0,0.0,1.0,1.0,0.0,0
C001766,-0.5386392233809124,0.7058663293478001,-0.1230690361285484,-0.0016295227149882177,-0.46410667241066167,-0.21139890034421666,-0.2128289624261387,-0.20705964456619616,-0.2280709641734485,0.0,0.0,1.0,0.0,1.0,0.0,0.0,0.0,0.0,1.0,1.0,0.0,0.0,1.0,1.0,0.0,0
C001767,1.1033747401101646,0.28139748937690395,1.107037285611902,-0.0016295227149882177,-0.46410667241066167,-0.21139890034421666,-0.2128289624261387,-0.20705964456619616,-0.2280709641734485,1.0,0.0,0.0,1.0,0.0,0.0,0.0,1.0,0.0,0.0,0.0,1.0,1.0,0.0,0.0,1.0,0
C001768,1.513878230982934,-0.3838847984362004,0.8107171964468713,-0.9793431517078963,-0.46410667241066167,-0.21139890034421666,-0.2128289624261387,-0.20705964456619616,-0.2280709641734485,1.0,0.0,0.0,1.0,0.0,0.0,0.0,0.0,0.0,1.0,1.0,0.0,1.0,0.0,1.0,0.0,0
C001769,-0.010849020830209034,1.154229110641561,0.8174280712190632,0.9760841062779199,-0.46410667241066167,-0.21139890034421666,-0.2128289624261387,-0.20705964456619616,-0.2280709641734485,1.0,0.0,0.0,0.0,1.0,0.0,0.0,1.0,0.0,0.0,0.0,1.0,1.0,0.0,1.0,0.0,0
C001770,0.9860880284322305,-1.3860248080363622,-0.39323010567159816,-0.9793431517078963,2.1546770590601567,-0.21139890034421666,-0.2128289624261387,-0.20705964456619616,-0.2280709641734485,0.0,0.0,1.0,1.0,0.0,0.0,0.0,1.0,0.0,0.0,0.0,1.0,1.0,0.0,1.0,0.0,0
C001771,-1.1250727817705828,-0.3843533070895898,-1.0031831505148414,-0.9793431517078963,-0.46410667241066167,-0.21139890034421666,-0.2128289624261387,-0.20705964456619616,-0.2280709641734485,1.0,0.0,0.0,1.0,0.0,0.0,0.0,0.0,1.0,0.0,0.0,1.0,1.0,0.0,1.0,0.0,0
C001772,-1.0664294259316156,0.1616935284358845,-1.4505574420078224,-0.9793431517078963,2.1546770590601567,-0.21139890034421666,4.698608632023215,-0.20705964456619616,-0.2280709641734485,1.0,0.0,0.0,0.0,0.0,1.0,1.0,0.0,0.0,0.0,1.0,0.0,1.0,0.0,0.0,1.0,0
C001773,0.16508104668669207,1.4292436901812036,1.0793977071432848,-0.0016295227149882177,-0.46410667241066167,-0.21139890034421666,-0.2128289624261387,-0.20705964456619616,-0.2280709641734485,1.0,0.0,0.0,0.0,1.0,0.0,1.0,0.0,0.0,0.0,0.0,1.0,0.0,1.0,1.0,0.0,1
C001774,-0.8318560025757475,-1.556561957870144,-1.1662678234709896,2.931511364263736,-0.46410667241066167,-0.21139890034421666,-0.2128289624261387,-0.20705964456619616,-0.2280709641734485,1.0,0.0,0.0,0.0,0.0,1.0,0.0,0.0,0.0,1.0,0.0,1.0,1.0,0.0,0.0,1.0,0
C001775,0.6928712492373954,0.9827549435010003,1.356105971586034,-0.0016295227149882177,-0.46410667241066167,-0.21139890034421666,-0.2128289624261387,-0.20705964456619616,-0.2280709641734485,0.0,1.0,0.0,0.0,1.0,0.0,0.0,0.0,0.0,1.0,0.0,1.0,0.0,1.0,0.0,1.0,0
C001776,0.3996544700425602,0.29592125763197885,0.5282801364668853,0.9760841062779199,2.1546770590601567,-0.21139890034421666,-0.2128289624261387,-0.20705964456619616,-0.2280709641734485,1.0,0.0,0.0,0.0,1.0,0.0,0.0,0.0,0.0,1.0,0.0,1.0,0.0,1.0,1.0,0.0,1
C001777,-0.010849020830209034,-0.15103599770161397,-0.007667286027142559,-0.9793431517078963,-0.46410667241066167,4.730393575234874,-0.2128289624261387,-0.20705964456619616,-0.2280709641734485,0.0,1.0,0.0,1.0,0.0,0.0,0.0,0.0,1.0,0.0,1.0,0.0,1.0,0.0,1.0,0.0,0
C001778,-0.7732126467367805,0.7082088726147475,-0.26237548760806095,-0.9793431517078963,-0.46410667241066167,-0.21139890034421666,-0.2128289624261387,-0.20705964456619616,-0.2280709641734485,1.0,0.0,0.0,0.0,1.0,0.0,0.0,0.0,0.0,1.0,0.0,1.0,1.0,0.0,1.0,0.0,0
C001779,-0.36270915586401126,-0.7942983788054111,-0.6173599310732388,0.9760841062779199,-0.46410667241066167,-0.21139890034421666,-0.2128289624261387,-0.20705964456619616,-0.2280709641734485,0.0,1.0,0.0,1.0,0.0,0.0,1.0,0.0,0.0,0.0,1.0,0.0,1.0,0.0,0.0,1.0,0
C001780,-0.6559259350588464,1.0764566741789023,-0.14788141679956815,-0.0016295227149882177,-0.46410667241066167,-0.21139890034421666,-0.2128289624261387,4.829526304341278,4.384600221356971,1.0,0.0,0.0,0.0,1.0,0.0,0.0,0.0,0.0,1.0,0.0,1.0,1.0,0.0,0.0,1.0,1
C001781,-0.010849020830209034,-1.2857639562110073,-0.5008719418180193,-0.9793431517078963,-0.46410667241066167,4.730393575234874,-0.2128289624261387,-0.20705964456619616,-0.2280709641734485,1.0,0.0,0.0,0.0,0.0,1.0,0.0,0.0,1.0,0.0,1.0,0.0,1.0,0.0,1.0,0.0,0
C001782,-1.652862984321286,-0.32485270810912187,-1.2167333041581043,-0.0016295227149882177,-0.46410667241066167,-0.21139890034421666,-0.2128289624261387,-0.20705964456619616,-0.2280709641734485,1.0,0.0,0.0,1.0,0.0,0.0,0.0,1.0,0.0,0.0,1.0,0.0,0.0,1.0,1.0,0.0,0
C001783,0.6928712492373954,1.3421010806507547,1.6646276512459586,-0.9793431517078963,-0.46410667241066167,-0.21139890034421666,-0.2128289624261387,-0.20705964456619616,-0.2280709641734485,1.0,0.0,0.0,0.0,1.0,0.0,0.0,0.0,1.0,0.0,0.0,1.0,1.0,0.0,1.0,0.0,0
C001784,1.4552348751439668,-0.05405470644998538,1.0708417138084503,0.9760841062779199,-0.46410667241066167,-0.21139890034421666,-0.2128289624261387,-0.20705964456619616,-0.2280709641734485,1.0,0.0,0.0,1.0,0.0,0.0,0.0,0.0,1.0,0.0,0.0,1.0,1.0,0.0,0.0,1.0,0
C001785,0.9274446725932636,0.9907195906086221,1.5224196020268062,2.931511364263736,-0.46410667241066167,-0.21139890034421666,-0.2128289624261387,-0.20705964456619616,-0.2280709641734485,1.0,0.0,0.0,0.0,1.0,0.0,1.0,0.0,0.0,0.0,1.0,0.0,0.0,1.0,0.0,1.0,0
C001786,1.689808298499835,-0.5459887925089709,0.7424775696059139,0.9760841062779199,-0.46410667241066167,-0.21139890034421666,-0.2128289624261387,-0.20705964456619616,-0.2280709641734485,0.0,1.0,0.0,1.0,0.0,0.0,1.0,0.0,0.0,0.0,0.0,1.0,0.0,1.0,1.0,0.0,0
C001787,0.6342278933984283,0.10711227031600629,0.6391732500805434,0.9760841062779199,-0.46410667241066167,-0.21139890034421666,-0.2128289624261387,-0.20705964456619616,-0.2280709641734485,0.0,1.0,0.0,1.0,0.0,0.0,0.0,0.0,0.0,1.0,0.0,1.0,0.0,1.0,1.0,0.0,0
C001788,1.2206614517880987,-0.8819094969892494,0.1324501248206283,-0.0016295227149882177,-0.46410667241066167,-0.21139890034421666,-0.2128289624261387,-0.20705964456619616,-0.2280709641734485,0.0,1.0,0.0,1.0,0.0,0.0,0.0,0.0,0.0,1.0,0.0,1.0,1.0,0.0,1.0,0.0,0
C001789,-1.2423594934485167,0.1616935284358845,-0.6102398566198157,-0.9793431517078963,-0.46410667241066167,-0.21139890034421666,4.698608632023215,-0.20705964456619616,-0.2280709641734485,1.0,0.0,0.0,0.0,1.0,0.0,0.0,0.0,1.0,0.0,1.0,0.0,0.0,1.0,1.0,0.0,1
C001790,0.5169411817204943,0.742410004312182,1.0631041198360782,-0.9793431517078963,-0.46410667241066167,-0.21139890034421666,-0.2128289624261387,-0.20705964456619616,-0.2280709641734485,1.0,0.0,0.0,0.0,1.0,0.0,0.0,0.0,1.0,0.0,1.0,0.0,1.0,0.0,1.0,0.0,0
C001791,-0.8904993584147146,-0.5061655569708625,-0.838439358851156,-0.9793431517078963,-0.46410667241066167,-0.21139890034421666,-0.2128289624261387,-0.20705964456619616,-0.2280709641734485,0.0,1.0,0.0,1.0,0.0,0.0,0.0,1.0,0.0,0.0,0.0,1.0,0.0,1.0,1.0,0.0,0
C001792,-0.9491427142536816,-0.2405211504990102,-0.8699105343349381,0.9760841062779199,-0.46410667241066167,-0.21139890034421666,-0.2128289624261387,-0.20705964456619616,-0.2280709641734485,1.0,0.0,0.0,1.0,0.0,0.0,0.0,0.0,0.0,1.0,1.0,0.0,1.0,0.0,0.0,1.0,1
C001793,0.6928712492373954,-0.5792529068996258,0.022702770314417635,-0.0016295227149882177,-0.46410667241066167,-0.21139890034421666,-0.2128289624261387,-0.20705964456619616,-0.2280709641734485,1.0,0.0,0.0,1.0,0.0,0.0,0.0,0.0,0.0,1.0,0.0,1.0,0.0,1.0,0.0,1.0,0
C001794,0.047794335008758,1.3973851017507164,0.9404409353913696,-0.0016295227149882177,2.1546770590601567,-0.21139890034421666,-0.2128289624261387,-0.20705964456619616,-0.2280709641734485,0.0,0.0,1.0,0.0,1.0,0.0,0.0,0.0,1.0,0.0,1.0,0.0,0.0,1.0,1.0,0.0,0
C001795,0.22372440252565912,0.3811898325488694,0.35676595007737405,0.9760841062779199,-0.46410667241066167,-0.21139890034421666,-0.2128289624261387,-0.20705964456619616,-0.2280709641734485,0.0,0.0,1.0,0.0,1.0,0.0,0.0,0.0,1.0,0.0,0.0,1.0,0.0,1.0,0.0,1.0,0
C001796,1.924381721855703,1.8059246475063697,3.4691833654871913,1.953797735270828,-0.46410667241066167,-0.21139890034421666,-0.2128289624261387,-0.20705964456619616,-0.2280709641734485,0.0,1.0,0.0,0.0,1.0,0.0,0.0,1.0,0.0,0.0,1.0,0.0,1.0,0.0,0.0,1.0,0
C001797,0.10643769084772503,0.6899370351325567,0.5344181316853535,0.9760841062779199,2.1546770590601567,-0.21139890034421666,-0.2128289624261387,-0.20705964456619616,-0.2280709641734485,0.0,0.0,1.0,0.0,1.0,0.0,0.0,0.0,0.0,1.0,0.0,1.0,0.0,1.0,1.0,0.0,0
C001798,-0.18677908834711016,-2.0091413170444103,-1.2481449596882528,0.9760841062779199,-0.46410667241066167,-0.21139890034421666,-0.2128289624261387,-0.20705964456619616,-0.2280709641734485,0.0,1.0,0.0,0.0,0.0,1.0,1.0,0.0,0.0,0.0,1.0,0.0,0.0,1.0,0.0,1.0,0
C001799,-0.06949237666917607,-0.5183467819589896,-0.407492574561057,-0.9793431517078963,-0.46410667241066167,-0.21139890034421666,-0.2128289624261387,-0.20705964456619616,-0.2280709641734485,1.0,0.0,0.0,1.0,0.0,0.0,0.0,0.0,1.0,0.0,0.0,1.0,0.0,1.0,0.0,1.0,0
C001800,1.2793048076270657,0.5090926949242058,1.393819302207143,-0.0016295227149882177,-0.46410667241066167,-0.21139890034421666,-0.2128289624261387,-0.20705964456619616,-0.2280709641734485,0.0,0.0,1.0,0.0,1.0,0.0,0.0,1.0,0.0,0.0,0.0,1.0,1.0,0.0,1.0,0.0,0
