customer_id,monthly_charges,internet_service_Fiber optic,contract_Month-to-month,contract_Two year,internet_service_No,internet_service_DSL,support_tickets,contract_One year,senior_citizen,missingindicator_monthly_charges,churn
C000001,-0.25176535818035856,0.0,1.0,0.0,0.0,1.0,1.953797735270828,0.0,-0.46410667241066167,-0.2128289624261387,0
C000002,1.046003611708584,1.0,0.0,0.0,0.0,0.0,0.9760841062779199,1.0,-0.46410667241066167,-0.2128289624261387,0
C000003,-1.490502237742223,0.0,1.0,0.0,1.0,0.0,-0.0016295227149882177,0.0,2.1546770590601567,-0.2128289624261387,0
C000004,-1.393052437837205,0.0,1.0,0.0,1.0,0.0,-0.0016295227149882177,0.0,2.1546770590601567,-0.2128289624261387,0
C000005,0.7292917620172756,1.0,1.0,0.0,0.0,0.0,0.9760841062779199,0.0,-0.46410667241066167,-0.2128289624261387,1
C000006,0.5250219891394493,1.0,0.0,0.0,0.0,0.0,-0.0016295227149882177,1.0,2.1546770590601567,-0.2128289624261387,0
C000007,1.4723464862930384,1.0,1.0,0.0,0.0,0.0,-0.9793431517078963,0.0,-0.46410667241066167,-0.2128289624261387,0
C000008,-0.2836239466108452,0.0,1.0,0.0,0.0,1.0,-0.9793431517078963,0.0,-0.46410667241066167,-0.2128289624261387,0
C000009,0.9255968877874802,1.0,0.0,0.0,0.0,0.0,1.953797735270828,1.0,-0.46410667241066167,-0.2128289624261387,1
C000010,1.7937434225182423,1.0,1.0,0.0,0.0,0.0,0.9760841062779199,0.0,2.1546770590601567,-0.2128289624261387,1
C000011,-1.1681682842102399,0.0,0.0,1.0,1.0,0.0,-0.9793431517078963,0.0,-0.46410667241066167,-0.2128289624261387,0
C000012,-0.42464505128108765,0.0,0.0,1.0,0.0,1.0,0.9760841062779199,0.0,-0.46410667241066167,-0.2128289624261387,1
C000013,-2.0091413170444103,0.0,0.0,0.0,1.0,0.0,-0.9793431517078963,1.0,2.1546770590601567,-0.2128289624261387,0
C000014,-0.4274561032014248,1.0,0.0,0.0,0.0,0.0,-0.0016295227149882177,1.0,-0.46410667241066167,-0.2128289624261387,0
C000015,0.09211999340754196,1.0,1.0,0.0,0.0,0.0,-0.9793431517078963,0.0,-0.46410667241066167,-0.2128289624261387,0
C000016,0.09821060590160537,0.0,0.0,1.0,0.0,1.0,1.953797735270828,0.0,-0.46410667241066167,-0.2128289624261387,0
C000017,1.153292093334782,1.0,1.0,0.0,0.0,0.0,-0.0016295227149882177,0.0,2.1546770590601567,-0.2128289624261387,1
C000018,-2.0091413170444103,0.0,1.0,0.0,1.0,0.0,1.953797735270828,0.0,-0.46410667241066167,-0.2128289624261387,0
C000019,0.3910285142700495,1.0,1.0,0.0,0.0,0.0,-0.0016295227149882177,0.0,2.1546770590601567,-0.2128289624261387,1
C000020,0.7780166619697843,1.0,1.0,0.0,0.0,0.0,-0.0016295227149882177,0.0,-0.46410667241066167,-0.2128289624261387,0
C000021,-0.1590006448092354,0.0,1.0,0.0,0.0,1.0,0.9760841062779199,0.0,-0.46410667241066167,-0.2128289624261387,1
C000022,1.258238031694032,1.0,1.0,0.0,0.0,0.0,-0.0016295227149882177,0.0,2.1546770590601567,-0.2128289624261387,0
C000023,0.4280406978878204,1.0,0.0,0.0,0.0,0.0,-0.9793431517078963,1.0,-0.46410667241066167,-0.2128289624261387,0
C000024,0.9415261820027238,1.0,1.0,0.0,0.0,0.0,-0.9793431517078963,0.0,-0.46410667241066167,-0.2128289624261387,1
C000025,1.041318525174689,1.0,1.0,0.0,0.0,0.0,-0.9793431517078963,0.0,-0.46410667241066167,-0.2128289624261387,0
C000026,0.2893621364845257,0.0,1.0,0.0,0.0,1.0,-0.0016295227149882177,0.0,-0.46410667241066167,-0.2128289624261387,0
C000027,-0.741825409625786,0.0,1.0,0.0,0.0,1.0,-0.9793431517078963,0.0,-0.46410667241066167,-0.2128289624261387,0
C000028,0.8028476205994284,1.0,0.0,0.0,0.0,0.0,0.9760841062779199,1.0,-0.46410667241066167,-0.2128289624261387,0
C000029,1.3336679248897432,1.0,1.0,0.0,0.0,0.0,-0.0016295227149882177,0.0,2.1546770590601567,-0.2128289624261387,0
C000030,-0.05920830163726997,1.0,1.0,0.0,0.0,0.0,-0.9793431517078963,0.0,-0.46410667241066167,-0.2128289624261387,0
C000031,0.9401206560425551,1.0,1.0,0.0,0.0,0.0,-0.9793431517078963,0.0,-0.46410667241066167,-0.2128289624261387,1
C000032,-0.30798639658709953,0.0,0.0,1.0,0.0,1.0,-0.0016295227149882177,0.0,-0.46410667241066167,-0.2128289624261387,0
C000033,-0.8369326662638563,0.0,0.0,0.0,0.0,1.0,0.9760841062779199,1.0,-0.46410667241066167,-0.2128289624261387,0
C000034,0.5892076746538117,1.0,0.0,0.0,0.0,0.0,1.953797735270828,1.0,-0.46410667241066167,-0.2128289624261387,1
C000035,1.055842293429764,1.0,1.0,0.0,0.0,0.0,-0.0016295227149882177,0.0,-0.46410667241066167,-0.2128289624261387,0
C000036,-0.32485270810912187,0.0,0.0,1.0,0.0,1.0,-0.0016295227149882177,0.0,-0.46410667241066167,-0.2128289624261387,0
C000037,-0.9592134247985188,0.0,0.0,0.0,0.0,1.0,-0.9793431517078963,1.0,-0.46410667241066167,-0.2128289624261387,0
C000038,-0.32578972541590107,0.0,1.0,0.0,0.0,1.0,-0.0016295227149882177,0.0,-0.46410667241066167,-0.2128289624261387,0
C000039,-0.49117328006239813,0.0,0.0,1.0,0.0,1.0,-0.0016295227149882177,0.0,-0.46410667241066167,-0.2128289624261387,0
C000040,0.4303832411547678,1.0,1.0,0.0,0.0,0.0,-0.9793431517078963,0.0,-0.46410667241066167,-0.2128289624261387,0
C000041,0.26312565189471304,1.0,0.0,0.0,0.0,0.0,1.953797735270828,1.0,-0.46410667241066167,-0.2128289624261387,0
C000042,1.7454870312191229,1.0,1.0,0.0,0.0,0.0,1.953797735270828,0.0,-0.46410667241066167,-0.2128289624261387,0
C000043,-0.11636635735079014,0.0,1.0,0.0,0.0,1.0,0.9760841062779199,0.0,-0.46410667241066167,-0.2128289624261387,0
C000044,1.2826004816702872,1.0,0.0,0.0,0.0,0.0,-0.9793431517078963,1.0,-0.46410667241066167,-0.2128289624261387,1
C000045,0.023249221359284034,1.0,1.0,0.0,0.0,0.0,-0.0016295227149882177,0.0,-0.46410667241066167,-0.2128289624261387,0
C000046,0.6229402976978571,0.0,1.0,0.0,0.0,1.0,-0.9793431517078963,0.0,2.1546770590601567,-0.2128289624261387,1
C000047,0.34277212297092985,1.0,0.0,0.0,0.0,0.0,0.9760841062779199,1.0,2.1546770590601567,-0.2128289624261387,0
C000048,0.25047591825319643,1.0,1.0,0.0,0.0,0.0,-0.0016295227149882177,0.0,-0.46410667241066167,-0.2128289624261387,1
C000049,-0.21381615725580813,0.0,0.0,0.0,0.0,1.0,-0.9793431517078963,1.0,-0.46410667241066167,-0.2128289624261387,0
C000050,-0.08638180353386148,0.0,1.0,0.0,0.0,1.0,-0.9793431517078963,0.0,2.1546770590601567,-0.2128289624261387,0
C000051,-0.9690521065196982,0.0,0.0,0.0,0.0,1.0,0.9760841062779199,1.0,-0.46410667241066167,-0.2128289624261387,0
C000052,-0.29439964563880383,1.0,1.0,0.0,0.0,0.0,-0.0016295227149882177,0.0,-0.46410667241066167,-0.2128289624261387,0
C000053,0.026060273279620867,0.0,1.0,0.0,0.0,1.0,-0.0016295227149882177,0.0,2.1546770590601567,-0.2128289624261387,1
C000054,0.8735924272612446,1.0,1.0,0.0,0.0,0.0,-0.0016295227149882177,0.0,-0.46410667241066167,-0.2128289624261387,0
C000055,1.0694290443780594,1.0,1.0,0.0,0.0,0.0,0.9760841062779199,0.0,-0.46410667241066167,-0.2128289624261387,0
C000056,-0.9713946497866459,0.0,0.0,0.0,0.0,1.0,0.9760841062779199,1.0,-0.46410667241066167,-0.2128289624261387,0
C000057,0.23407811538456322,0.0,0.0,0.0,0.0,1.0,0.9760841062779199,1.0,-0.46410667241066167,-0.2128289624261387,0
C000058,0.24953890094641695,0.0,1.0,0.0,0.0,1.0,-0.9793431517078963,0.0,2.1546770590601567,-0.2128289624261387,0
C000059,1.2371551422915046,1.0,1.0,0.0,0.0,0.0,0.9760841062779199,0.0,-0.46410667241066167,-0.2128289624261387,1
C000060,1.0577163280433217,1.0,0.0,0.0,0.0,0.0,0.9760841062779199,1.0,-0.46410667241066167,-0.2128289624261387,1
C000061,1.3078999489533203,1.0,1.0,0.0,0.0,0.0,0.9760841062779199,0.0,-0.46410667241066167,-0.2128289624261387,1
C000062,-0.3735776080616312,0.0,1.0,0.0,0.0,1.0,-0.9793431517078963,0.0,2.1546770590601567,-0.2128289624261387,0
C000063,-0.7451049701995126,0.0,1.0,0.0,0.0,1.0,-0.9793431517078963,0.0,-0.46410667241066167,-0.2128289624261387,0
C000064,0.028871325199958033,1.0,1.0,0.0,0.0,0.0,2.931511364263736,0.0,2.1546770590601567,-0.2128289624261387,1
C000065,-1.819395312421659,0.0,0.0,1.0,1.0,0.0,-0.9793431517078963,0.0,-0.46410667241066167,-0.2128289624261387,0
C000066,-1.7805090941903299,0.0,0.0,1.0,1.0,0.0,-0.9793431517078963,0.0,2.1546770590601567,-0.2128289624261387,0
C000067,-1.2075230110949589,0.0,1.0,0.0,1.0,0.0,0.9760841062779199,0.0,-0.46410667241066167,-0.2128289624261387,0
C000068,-0.2419266764591788,0.0,1.0,0.0,0.0,1.0,-0.0016295227149882177,0.0,-0.46410667241066167,-0.2128289624261387,1
C000069,0.1616935284358845,1.0,0.0,0.0,0.0,0.0,-0.9793431517078963,1.0,-0.46410667241066167,4.698608632023215,0
C000070,0.2626571432413233,0.0,1.0,0.0,0.0,1.0,-0.9793431517078963,0.0,-0.46410667241066167,-0.2128289624261387,0
C000071,-2.0091413170444103,0.0,0.0,0.0,1.0,0.0,0.9760841062779199,1.0,-0.46410667241066167,-0.2128289624261387,0
C000072,0.1834791808184962,0.0,1.0,0.0,0.0,1.0,-0.9793431517078963,0.0,2.1546770590601567,-0.2128289624261387,0
C000073,0.8300211224960199,1.0,1.0,0.0,0.0,0.0,-0.0016295227149882177,0.0,2.1546770590601567,-0.2128289624261387,0
C000074,-1.1044511073492667,0.0,0.0,1.0,0.0,1.0,1.953797735270828,0.0,2.1546770590601567,-0.2128289624261387,0
C000075,0.45521419978441185,1.0,0.0,1.0,0.0,0.0,-0.0016295227149882177,0.0,-0.46410667241066167,-0.2128289624261387,0
C000076,1.6264858332581869,1.0,0.0,0.0,0.0,0.0,2.931511364263736,1.0,-0.46410667241066167,-0.2128289624261387,0
C000077,1.0244522136526668,1.0,1.0,0.0,0.0,0.0,-0.0016295227149882177,0.0,2.1546770590601567,-0.2128289624261387,1
C000078,-2.0091413170444103,0.0,0.0,1.0,1.0,0.0,-0.9793431517078963,0.0,-0.46410667241066167,-0.2128289624261387,0
C000079,0.38400088446920655,0.0,1.0,0.0,0.0,1.0,-0.9793431517078963,0.0,-0.46410667241066167,-0.2128289624261387,0
C000080,-0.06623593143811256,0.0,1.0,0.0,0.0,1.0,-0.0016295227149882177,0.0,-0.46410667241066167,-0.2128289624261387,0
C000081,1.2024855019406804,1.0,1.0,0.0,0.0,0.0,0.9760841062779199,0.0,-0.46410667241066167,-0.2128289624261387,1
C000082,0.433194293075105,1.0,0.0,0.0,0.0,0.0,0.9760841062779199,1.0,-0.46410667241066167,-0.2128289624261387,0
C000083,0.37509922005480595,0.0,1.0,0.0,0.0,1.0,-0.9793431517078963,0.0,-0.46410667241066167,-0.2128289624261387,1
C000084,0.7517801773799723,1.0,1.0,0.0,0.0,0.0,-0.9793431517078963,0.0,-0.46410667241066167,-0.2128289624261387,0
C000085,0.3708826421743002,1.0,1.0,0.0,0.0,0.0,-0.9793431517078963,0.0,2.1546770590601567,-0.2128289624261387,0
C000086,-0.34734112347181856,0.0,0.0,0.0,0.0,1.0,-0.0016295227149882177,1.0,-0.46410667241066167,-0.2128289624261387,0
C000087,-0.17961502555837405,0.0,1.0,0.0,0.0,1.0,-0.9793431517078963,0.0,-0.46410667241066167,-0.2128289624261387,0
C000088,0.9972787117560753,1.0,0.0,0.0,0.0,0.0,-0.0016295227149882177,1.0,-0.46410667241066167,-0.2128289624261387,0
C000089,0.4093003517522404,1.0,0.0,0.0,0.0,0.0,-0.9793431517078963,1.0,-0.46410667241066167,-0.2128289624261387,0
C000090,-0.010951910338150385,0.0,0.0,1.0,0.0,1.0,-0.9793431517078963,0.0,-0.46410667241066167,-0.2128289624261387,0
C000091,-1.0051272728306906,0.0,0.0,1.0,0.0,1.0,0.9760841062779199,0.0,-0.46410667241066167,-0.2128289624261387,0
C000092,0.8525095378587165,1.0,1.0,0.0,0.0,0.0,-0.0016295227149882177,0.0,-0.46410667241066167,-0.2128289624261387,1
C000093,-1.213145114935633,0.0,0.0,1.0,0.0,1.0,-0.0016295227149882177,0.0,-0.46410667241066167,-0.2128289624261387,0
C000094,0.8810885657154767,1.0,0.0,0.0,0.0,0.0,-0.0016295227149882177,1.0,-0.46410667241066167,-0.2128289624261387,0
C000095,-0.7957039047655796,0.0,0.0,0.0,0.0,1.0,-0.0016295227149882177,1.0,2.1546770590601567,-0.2128289624261387,0
C000096,-1.371032531127898,0.0,0.0,0.0,1.0,0.0,-0.9793431517078963,1.0,-0.46410667241066167,-0.2128289624261387,0
C000097,0.3497997527717721,1.0,1.0,0.0,0.0,0.0,-0.0016295227149882177,0.0,-0.46410667241066167,-0.2128289624261387,1
C000098,-0.38294778112942124,0.0,0.0,1.0,0.0,1.0,0.9760841062779199,0.0,-0.46410667241066167,-0.2128289624261387,0
C000099,0.005445892530482533,0.0,1.0,0.0,0.0,1.0,-0.9793431517078963,0.0,-0.46410667241066167,-0.2128289624261387,0
C000100,-1.6516692145082146,0.0,0.0,0.0,1.0,0.0,0.9760841062779199,1.0,-0.46410667241066167,-0.2128289624261387,0
C000101,-0.8083536384070963,0.0,0.0,1.0,0.0,1.0,-0.0016295227149882177,0.0,-0.46410667241066167,-0.2128289624261387,0
C000102,-0.6841988452588762,0.0,1.0,0.0,0.0,1.0,-0.9793431517078963,0.0,-0.46410667241066167,-0.2128289624261387,1
C000103,-2.0091413170444103,0.0,0.0,0.0,1.0,0.0,-0.0016295227149882177,1.0,-0.46410667241066167,-0.2128289624261387,0
C000104,1.4817166593608289,1.0,1.0,0.0,0.0,0.0,1.953797735270828,0.0,-0.46410667241066167,-0.2128289624261387,1
C000105,-0.9610874594120767,0.0,0.0,0.0,0.0,1.0,-0.9793431517078963,1.0,-0.46410667241066167,-0.2128289624261387,0
C000106,0.07056859535162445,0.0,1.0,0.0,0.0,1.0,-0.0016295227149882177,0.0,-0.46410667241066167,-0.2128289624261387,0
C000107,1.2924391633914665,1.0,0.0,0.0,0.0,0.0,1.953797735270828,1.0,-0.46410667241066167,-0.2128289624261387,0
C000108,-0.7338607625181643,0.0,0.0,1.0,0.0,1.0,1.953797735270828,0.0,-0.46410667241066167,-0.2128289624261387,0
C000109,1.4531376315040687,1.0,0.0,0.0,0.0,0.0,0.9760841062779199,1.0,-0.46410667241066167,-0.2128289624261387,1
C000110,0.34558317489126705,1.0,1.0,0.0,0.0,0.0,-0.0016295227149882177,0.0,-0.46410667241066167,-0.2128289624261387,1
C000111,0.6721337063037555,1.0,0.0,0.0,0.0,0.0,-0.9793431517078963,1.0,-0.46410667241066167,-0.2128289624261387,0
C000112,0.9035769810781733,1.0,1.0,0.0,0.0,0.0,0.9760841062779199,0.0,-0.46410667241066167,-0.2128289624261387,1
C000113,-0.7755580326698307,0.0,0.0,0.0,0.0,1.0,-0.9793431517078963,1.0,-0.46410667241066167,-0.2128289624261387,0
C000114,-1.4300646214549761,0.0,1.0,0.0,1.0,0.0,-0.9793431517078963,0.0,-0.46410667241066167,-0.2128289624261387,0
C000115,0.1616935284358845,1.0,1.0,0.0,0.0,0.0,2.931511364263736,0.0,2.1546770590601567,4.698608632023215,0
C000116,-1.6807167510183638,0.0,1.0,0.0,1.0,0.0,-0.0016295227149882177,0.0,-0.46410667241066167,-0.2128289624261387,0
C000117,0.6323104707656467,1.0,1.0,0.0,0.0,0.0,-0.0016295227149882177,0.0,-0.46410667241066167,-0.2128289624261387,1
C000118,0.5503214564224824,1.0,1.0,0.0,0.0,0.0,2.931511364263736,0.0,-0.46410667241066167,-0.2128289624261387,1
C000119,0.6576099380486805,1.0,1.0,0.0,0.0,0.0,-0.0016295227149882177,0.0,-0.46410667241066167,-0.2128289624261387,0
C000120,1.3861408940693685,1.0,1.0,0.0,0.0,0.0,0.9760841062779199,0.0,-0.46410667241066167,-0.2128289624261387,0
C000121,-2.0091413170444103,1.0,0.0,0.0,0.0,0.0,-0.0016295227149882177,1.0,-0.46410667241066167,-0.2128289624261387,0
C000122,-1.259995980274584,0.0,0.0,1.0,0.0,1.0,-0.9793431517078963,0.0,-0.46410667241066167,-0.2128289624261387,0
C000123,1.6138360996166703,1.0,1.0,0.0,0.0,0.0,-0.0016295227149882177,0.0,-0.46410667241066167,-0.2128289624261387,0
C000124,1.1945208548330588,1.0,1.0,0.0,0.0,0.0,-0.0016295227149882177,0.0,-0.46410667241066167,-0.2128289624261387,1
C000125,0.3905600056166597,0.0,1.0,0.0,0.0,1.0,0.9760841062779199,0.0,-0.46410667241066167,-0.2128289624261387,1
C000126,0.42710368058104153,0.0,1.0,0.0,0.0,1.0,-0.9793431517078963,0.0,2.1546770590601567,-0.2128289624261387,0
C000127,-1.3340203475101267,0.0,0.0,0.0,0.0,1.0,-0.9793431517078963,1.0,2.1546770590601567,-0.2128289624261387,0
C000128,0.41211140367257754,1.0,0.0,1.0,0.0,0.0,-0.0016295227149882177,0.0,-0.46410667241066167,-0.2128289624261387,1
C000129,-0.16040617076940397,0.0,1.0,0.0,0.0,1.0,-0.0016295227149882177,0.0,-0.46410667241066167,-0.2128289624261387,0
C000130,0.6707281803435868,1.0,1.0,0.0,0.0,0.0,0.9760841062779199,0.0,-0.46410667241066167,-0.2128289624261387,1
C000131,0.10617525300922712,1.0,0.0,1.0,0.0,0.0,-0.9793431517078963,0.0,-0.46410667241066167,-0.2128289624261387,0
C000132,0.27811792880317704,1.0,0.0,0.0,0.0,0.0,-0.0016295227149882177,1.0,-0.46410667241066167,-0.2128289624261387,1
C000133,-1.346201572498254,0.0,0.0,0.0,0.0,1.0,-0.0016295227149882177,1.0,-0.46410667241066167,-0.2128289624261387,0
C000134,0.1616935284358845,0.0,0.0,1.0,0.0,1.0,0.9760841062779199,0.0,-0.46410667241066167,4.698608632023215,0
C000135,1.4934293756955666,1.0,1.0,0.0,0.0,0.0,-0.9793431517078963,0.0,-0.46410667241066167,-0.2128289624261387,1
C000136,1.344443623917702,1.0,0.0,0.0,0.0,0.0,-0.0016295227149882177,1.0,-0.46410667241066167,-0.2128289624261387,1
C000137,0.5226794458725019,1.0,0.0,0.0,0.0,0.0,-0.9793431517078963,1.0,-0.46410667241066167,-0.2128289624261387,0
C000138,-0.2737852648896655,0.0,0.0,1.0,0.0,1.0,-0.0016295227149882177,0.0,-0.46410667241066167,-0.2128289624261387,0
C000139,0.28655108456418854,0.0,1.0,0.0,0.0,1.0,-0.0016295227149882177,0.0,-0.46410667241066167,-0.2128289624261387,0
C000140,-0.46259425220563805,0.0,0.0,0.0,0.0,1.0,-0.0016295227149882177,1.0,-0.46410667241066167,-0.2128289624261387,0
C000141,0.5718728544784003,1.0,0.0,0.0,0.0,0.0,-0.0016295227149882177,1.0,-0.46410667241066167,-0.2128289624261387,0
C000142,1.0764566741789023,1.0,1.0,0.0,0.0,0.0,-0.9793431517078963,0.0,2.1546770590601567,-0.2128289624261387,0
C000143,1.0113339713577605,1.0,1.0,0.0,0.0,0.0,-0.9793431517078963,0.0,2.1546770590601567,-0.2128289624261387,0
C000144,-0.8706652893079013,0.0,1.0,0.0,0.0,1.0,0.9760841062779199,0.0,-0.46410667241066167,-0.2128289624261387,0
C000145,0.37884728928192196,1.0,0.0,1.0,0.0,0.0,0.9760841062779199,0.0,-0.46410667241066167,-0.2128289624261387,0
C000146,-0.14166582463382363,0.0,1.0,0.0,0.0,1.0,0.9760841062779199,0.0,-0.46410667241066167,-0.2128289624261387,0
C000147,1.372554143121073,1.0,1.0,0.0,0.0,0.0,1.953797735270828,0.0,-0.46410667241066167,-0.2128289624261387,0
C000148,0.05417079248299153,1.0,1.0,0.0,0.0,0.0,-0.0016295227149882177,0.0,2.1546770590601567,-0.2128289624261387,1
C000149,-2.0091413170444103,0.0,1.0,0.0,1.0,0.0,-0.0016295227149882177,0.0,-0.46410667241066167,-0.2128289624261387,0
C000150,-0.666395516430075,0.0,1.0,0.0,0.0,1.0,-0.9793431517078963,0.0,-0.46410667241066167,-0.2128289624261387,1
C000151,0.25937758266759703,1.0,0.0,1.0,0.0,0.0,0.9760841062779199,0.0,-0.46410667241066167,-0.2128289624261387,0
C000152,-2.0091413170444103,0.0,1.0,0.0,1.0,0.0,-0.9793431517078963,0.0,-0.46410667241066167,-0.2128289624261387,0
C000153,-1.6694725433370157,0.0,0.0,0.0,1.0,0.0,-0.9793431517078963,1.0,-0.46410667241066167,-0.2128289624261387,0
C000154,-0.10559065832283122,0.0,1.0,0.0,0.0,1.0,0.9760841062779199,0.0,-0.46410667241066167,-0.2128289624261387,0
C000155,1.2483993499728527,1.0,0.0,0.0,0.0,0.0,-0.0016295227149882177,1.0,-0.46410667241066167,-0.2128289624261387,0
C000156,0.3919655315768283,1.0,1.0,0.0,0.0,0.0,0.9760841062779199,0.0,-0.46410667241066167,-0.2128289624261387,1
C000157,0.7653669283282677,1.0,0.0,0.0,0.0,0.0,0.9760841062779199,1.0,-0.46410667241066167,-0.2128289624261387,0
C000158,-0.014231470911876968,0.0,1.0,0.0,0.0,1.0,-0.0016295227149882177,0.0,-0.46410667241066167,-0.2128289624261387,1
C000159,0.6426176611402159,1.0,1.0,0.0,0.0,0.0,-0.0016295227149882177,0.0,-0.46410667241066167,-0.2128289624261387,1
C000160,0.11273437415668029,0.0,0.0,0.0,0.0,1.0,-0.9793431517078963,1.0,-0.46410667241066167,-0.2128289624261387,0
C000161,-2.0091413170444103,0.0,1.0,0.0,1.0,0.0,-0.0016295227149882177,0.0,-0.46410667241066167,-0.2128289624261387,1
C000162,-0.6190761424377342,0.0,1.0,0.0,0.0,1.0,-0.0016295227149882177,0.0,-0.46410667241066167,-0.2128289624261387,0
C000163,0.4509976219039068,1.0,1.0,0.0,0.0,0.0,-0.0016295227149882177,0.0,-0.46410667241066167,-0.2128289624261387,1
C000164,0.8998289118510573,1.0,0.0,0.0,0.0,0.0,-0.0016295227149882177,1.0,-0.46410667241066167,-0.2128289624261387,0
C000165,1.0783307087924607,1.0,1.0,0.0,0.0,0.0,-0.0016295227149882177,0.0,-0.46410667241066167,-0.2128289624261387,0
C000166,0.05604482709654953,0.0,1.0,0.0,0.0,1.0,-0.9793431517078963,0.0,-0.46410667241066167,-0.2128289624261387,0
C000167,0.29873230955231606,1.0,1.0,0.0,0.0,0.0,-0.9793431517078963,0.0,-0.46410667241066167,-0.2128289624261387,0
C000168,1.4222160603803606,1.0,1.0,0.0,0.0,0.0,-0.0016295227149882177,0.0,-0.46410667241066167,-0.2128289624261387,1
C000169,0.9063880329985105,1.0,1.0,0.0,0.0,0.0,-0.9793431517078963,0.0,-0.46410667241066167,-0.2128289624261387,0
C000170,-0.09575197660165147,0.0,1.0,0.0,0.0,1.0,-0.0016295227149882177,0.0,-0.46410667241066167,-0.2128289624261387,1
C000171,-0.05873979298388022,0.0,1.0,0.0,0.0,1.0,-0.9793431517078963,0.0,-0.46410667241066167,-0.2128289624261387,0
C000172,0.15349462700156755,0.0,1.0,0.0,0.0,1.0,0.9760841062779199,0.0,-0.46410667241066167,-0.2128289624261387,0
C000173,1.0352279126806256,1.0,0.0,0.0,0.0,0.0,0.9760841062779199,1.0,-0.46410667241066167,-0.2128289624261387,1
C000174,-1.0280841968467767,0.0,0.0,1.0,0.0,1.0,-0.0016295227149882177,0.0,2.1546770590601567,-0.2128289624261387,0
C000175,0.1616935284358845,0.0,0.0,1.0,1.0,0.0,0.9760841062779199,0.0,-0.46410667241066167,4.698608632023215,0
C000176,-1.7594262047878018,0.0,1.0,0.0,1.0,0.0,-0.9793431517078963,0.0,-0.46410667241066167,-0.2128289624261387,0
C000177,-1.1723848620907458,0.0,0.0,1.0,1.0,0.0,-0.0016295227149882177,0.0,-0.46410667241066167,-0.2128289624261387,0
C000178,-1.442714355096493,0.0,1.0,0.0,1.0,0.0,-0.0016295227149882177,0.0,-0.46410667241066167,-0.2128289624261387,0
C000179,0.1366283154795452,0.0,0.0,1.0,0.0,1.0,-0.9793431517078963,0.0,2.1546770590601567,-0.2128289624261387,0
C000180,0.7428785129655711,1.0,1.0,0.0,0.0,0.0,-0.9793431517078963,0.0,-0.46410667241066167,-0.2128289624261387,1
C000181,-2.0091413170444103,0.0,0.0,0.0,1.0,0.0,-0.9793431517078963,1.0,-0.46410667241066167,-0.2128289624261387,0
C000182,1.452669122850679,1.0,0.0,0.0,0.0,0.0,-0.0016295227149882177,1.0,-0.46410667241066167,-0.2128289624261387,0
C000183,0.2828030153370725,1.0,0.0,1.0,0.0,0.0,1.953797735270828,0.0,-0.46410667241066167,-0.2128289624261387,0
C000184,-1.6947720106200492,0.0,0.0,1.0,1.0,0.0,-0.0016295227149882177,0.0,-0.46410667241066167,-0.2128289624261387,0
C000185,-2.0091413170444103,0.0,1.0,0.0,1.0,0.0,-0.0016295227149882177,0.0,-0.46410667241066167,-0.2128289624261387,0
C000186,0.9691681925527043,1.0,0.0,0.0,0.0,0.0,-0.0016295227149882177,1.0,-0.46410667241066167,-0.2128289624261387,0
C000187,-1.9519832613308903,0.0,0.0,0.0,1.0,0.0,-0.0016295227149882177,1.0,2.1546770590601567,-0.2128289624261387,0
C000188,1.441424915169331,1.0,1.0,0.0,0.0,0.0,0.9760841062779199,0.0,-0.46410667241066167,-0.2128289624261387,0
C000189,1.5519929573692552,1.0,0.0,0.0,0.0,0.0,-0.9793431517078963,1.0,-0.46410667241066167,-0.2128289624261387,0
C000190,0.3437091402777087,1.0,1.0,0.0,0.0,0.0,-0.0016295227149882177,0.0,2.1546770590601567,-0.2128289624261387,0
C000191,-0.6045523741826596,0.0,1.0,0.0,0.0,1.0,-0.0016295227149882177,0.0,-0.46410667241066167,-0.2128289624261387,0
C000192,1.3374159941168597,1.0,1.0,0.0,0.0,0.0,0.9760841062779199,0.0,-0.46410667241066167,-0.2128289624261387,0
C000193,0.07103710400501387,0.0,1.0,0.0,0.0,1.0,-0.9793431517078963,0.0,-0.46410667241066167,-0.2128289624261387,0
C000194,1.560894621783656,1.0,0.0,0.0,0.0,0.0,-0.0016295227149882177,1.0,-0.46410667241066167,-0.2128289624261387,1
C000195,1.6157101342302287,1.0,0.0,0.0,0.0,0.0,-0.0016295227149882177,1.0,-0.46410667241066167,-0.2128289624261387,1
C000196,-0.6504662222148315,0.0,1.0,0.0,0.0,1.0,-0.0016295227149882177,0.0,-0.46410667241066167,-0.2128289624261387,0
C000197,-0.5712882597920044,0.0,0.0,1.0,0.0,1.0,-0.0016295227149882177,0.0,-0.46410667241066167,-0.2128289624261387,0
C000198,0.5320496189402916,1.0,1.0,0.0,0.0,0.0,-0.0016295227149882177,0.0,-0.46410667241066167,-0.2128289624261387,1
C000199,0.6683856370766394,1.0,1.0,0.0,0.0,0.0,-0.0016295227149882177,0.0,-0.46410667241066167,-0.2128289624261387,1
C000200,-1.9707236074664707,0.0,1.0,0.0,1.0,0.0,-0.0016295227149882177,0.0,-0.46410667241066167,-0.2128289624261387,0
C000201,-0.01751103148560355,0.0,0.0,0.0,0.0,1.0,-0.0016295227149882177,1.0,-0.46410667241066167,-0.2128289624261387,0
C000202,-1.6858703462056486,0.0,0.0,0.0,1.0,0.0,-0.0016295227149882177,1.0,-0.46410667241066167,-0.2128289624261387,0
C000203,0.4177335075132512,1.0,1.0,0.0,0.0,0.0,-0.0016295227149882177,0.0,-0.46410667241066167,-0.2128289624261387,1
C000204,-1.1395892563534797,0.0,0.0,0.0,1.0,0.0,2.931511364263736,1.0,-0.46410667241066167,-0.2128289624261387,0
C000205,-2.0091413170444103,0.0,0.0,0.0,1.0,0.0,-0.0016295227149882177,1.0,-0.46410667241066167,-0.2128289624261387,0
C000206,0.1616935284358845,0.0,0.0,0.0,1.0,0.0,0.9760841062779199,1.0,-0.46410667241066167,4.698608632023215,0
C000207,0.86843883207396,1.0,1.0,0.0,0.0,0.0,-0.0016295227149882177,0.0,-0.46410667241066167,-0.2128289624261387,1
C000208,-0.05592874106354338,0.0,1.0,0.0,0.0,1.0,0.9760841062779199,0.0,-0.46410667241066167,-0.2128289624261387,0
C000209,-0.5103821348513679,0.0,0.0,1.0,0.0,1.0,-0.9793431517078963,0.0,-0.46410667241066167,-0.2128289624261387,0
C000210,-0.34312454559131284,0.0,0.0,1.0,0.0,1.0,-0.9793431517078963,0.0,-0.46410667241066167,-0.2128289624261387,0
C000211,1.0619329059238274,1.0,1.0,0.0,0.0,0.0,-0.0016295227149882177,0.0,-0.46410667241066167,-0.2128289624261387,1
C000212,0.2265819769303312,0.0,1.0,0.0,0.0,1.0,-0.9793431517078963,0.0,-0.46410667241066167,-0.2128289624261387,1
C000213,0.35635887391922527,1.0,1.0,0.0,0.0,0.0,-0.9793431517078963,0.0,-0.46410667241066167,-0.2128289624261387,1
C000214,1.1921783115661113,1.0,1.0,0.0,0.0,0.0,0.9760841062779199,0.0,2.1546770590601567,-0.2128289624261387,1
C000215,0.7630243850613203,1.0,1.0,0.0,0.0,0.0,-0.0016295227149882177,0.0,-0.46410667241066167,-0.2128289624261387,0
C000216,0.851104011898548,1.0,1.0,0.0,0.0,0.0,1.953797735270828,0.0,-0.46410667241066167,-0.2128289624261387,1
C000217,0.6646375678495228,1.0,1.0,0.0,0.0,0.0,-0.9793431517078963,0.0,-0.46410667241066167,-0.2128289624261387,0
C000218,-1.2628070321949212,0.0,0.0,1.0,0.0,1.0,-0.9793431517078963,0.0,2.1546770590601567,-0.2128289624261387,0
C000219,-0.39419198881076956,0.0,0.0,0.0,0.0,1.0,-0.9793431517078963,1.0,-0.46410667241066167,-0.2128289624261387,0
C000220,-1.4038281368651635,0.0,1.0,0.0,1.0,0.0,-0.9793431517078963,0.0,-0.46410667241066167,-0.2128289624261387,0
C000221,-1.3105949148406513,0.0,1.0,0.0,1.0,0.0,1.953797735270828,0.0,-0.46410667241066167,-0.2128289624261387,1
C000222,1.1429849029602128,1.0,1.0,0.0,0.0,0.0,1.953797735270828,0.0,2.1546770590601567,-0.2128289624261387,0
C000223,-0.6218871943580714,1.0,0.0,0.0,0.0,0.0,-0.9793431517078963,1.0,2.1546770590601567,-0.2128289624261387,0
C000224,0.7489691254596351,1.0,1.0,0.0,0.0,0.0,-0.0016295227149882177,0.0,-0.46410667241066167,-0.2128289624261387,1
C000225,-0.9709261411332565,0.0,1.0,0.0,0.0,1.0,-0.9793431517078963,0.0,-0.46410667241066167,-0.2128289624261387,0
C000226,0.9002974205044464,1.0,1.0,0.0,0.0,0.0,0.9760841062779199,0.0,-0.46410667241066167,-0.2128289624261387,1
C000227,0.8745294445680235,1.0,0.0,0.0,0.0,0.0,0.9760841062779199,1.0,-0.46410667241066167,-0.2128289624261387,0
C000228,-1.6273067645319599,0.0,0.0,1.0,1.0,0.0,-0.9793431517078963,0.0,-0.46410667241066167,-0.2128289624261387,0
C000229,-0.2564504447142537,0.0,1.0,0.0,0.0,1.0,0.9760841062779199,0.0,-0.46410667241066167,-0.2128289624261387,0
C000230,1.074114130911955,1.0,0.0,1.0,0.0,0.0,0.9760841062779199,0.0,2.1546770590601567,-0.2128289624261387,1
C000231,0.3441776489310985,0.0,1.0,0.0,0.0,1.0,-0.0016295227149882177,0.0,-0.46410667241066167,-0.2128289624261387,0
C000232,1.2957187239651935,1.0,1.0,0.0,0.0,0.0,-0.9793431517078963,0.0,-0.46410667241066167,-0.2128289624261387,1
C000233,-0.2259973822439353,0.0,0.0,1.0,0.0,1.0,0.9760841062779199,0.0,-0.46410667241066167,-0.2128289624261387,0
C000234,-0.3426560369379234,0.0,0.0,0.0,0.0,1.0,-0.9793431517078963,1.0,-0.46410667241066167,-0.2128289624261387,0
C000235,0.14225041932021953,1.0,1.0,0.0,0.0,0.0,2.931511364263736,0.0,-0.46410667241066167,-0.2128289624261387,1
C000236,0.18675874139222312,1.0,1.0,0.0,0.0,0.0,1.953797735270828,0.0,2.1546770590601567,-0.2128289624261387,1
C000237,-0.06717294874489138,1.0,1.0,0.0,0.0,0.0,-0.9793431517078963,0.0,-0.46410667241066167,-0.2128289624261387,0
C000238,-0.23958413319223107,0.0,0.0,0.0,0.0,1.0,-0.9793431517078963,1.0,-0.46410667241066167,-0.2128289624261387,0
C000239,0.7527171946867511,1.0,1.0,0.0,0.0,0.0,-0.9793431517078963,0.0,-0.46410667241066167,-0.2128289624261387,1
C000240,0.2973267835921475,0.0,1.0,0.0,0.0,1.0,0.9760841062779199,0.0,-0.46410667241066167,-0.2128289624261387,0
C000241,0.17082944717697962,0.0,0.0,0.0,0.0,1.0,-0.0016295227149882177,1.0,-0.46410667241066167,-0.2128289624261387,0
C000242,0.793008938878249,1.0,0.0,1.0,0.0,0.0,-0.0016295227149882177,0.0,-0.46410667241066167,-0.2128289624261387,0
C000243,0.024654747319452282,1.0,0.0,1.0,0.0,0.0,-0.9793431517078963,0.0,-0.46410667241066167,-0.2128289624261387,0
C000244,1.132209203932254,1.0,1.0,0.0,0.0,0.0,-0.0016295227149882177,0.0,-0.46410667241066167,-0.2128289624261387,0
C000245,-1.143337325580596,0.0,1.0,0.0,0.0,1.0,-0.0016295227149882177,0.0,-0.46410667241066167,-0.2128289624261387,0
C000246,-0.601272813608933,0.0,1.0,0.0,0.0,1.0,0.9760841062779199,0.0,-0.46410667241066167,-0.2128289624261387,1
C000247,0.00778843579742995,0.0,1.0,0.0,0.0,1.0,-0.9793431517078963,0.0,-0.46410667241066167,-0.2128289624261387,1
C000248,0.09071446744737337,0.0,1.0,0.0,0.0,1.0,-0.0016295227149882177,0.0,-0.46410667241066167,-0.2128289624261387,0
C000249,0.1616935284358845,0.0,1.0,0.0,1.0,0.0,-0.9793431517078963,0.0,2.1546770590601567,4.698608632023215,0
C000250,-1.6198106260777276,0.0,1.0,0.0,1.0,0.0,-0.0016295227149882177,0.0,-0.46410667241066167,-0.2128289624261387,0
C000251,-0.1449453852075502,1.0,0.0,1.0,0.0,0.0,-0.9793431517078963,0.0,-0.46410667241066167,-0.2128289624261387,0
C000252,-0.5717567684453938,0.0,1.0,0.0,0.0,1.0,-0.0016295227149882177,0.0,-0.46410667241066167,-0.2128289624261387,0
C000253,-0.2897145591049086,0.0,1.0,0.0,0.0,1.0,-0.9793431517078963,0.0,-0.46410667241066167,-0.2128289624261387,0
C000254,-1.2346965129915504,0.0,0.0,1.0,0.0,1.0,0.9760841062779199,0.0,-0.46410667241066167,-0.2128289624261387,0
C000255,0.8820255830222554,1.0,0.0,0.0,0.0,0.0,-0.0016295227149882177,1.0,-0.46410667241066167,-0.2128289624261387,1
C000256,0.5414197920080819,1.0,0.0,0.0,0.0,0.0,-0.0016295227149882177,1.0,-0.46410667241066167,-0.2128289624261387,0
C000257,0.288893627831136,0.0,1.0,0.0,0.0,1.0,-0.9793431517078963,0.0,-0.46410667241066167,-0.2128289624261387,1
C000258,0.5001910305098052,1.0,0.0,1.0,0.0,0.0,0.9760841062779199,0.0,-0.46410667241066167,-0.2128289624261387,0
C000259,-0.004392789190697218,0.0,0.0,1.0,0.0,1.0,-0.9793431517078963,0.0,-0.46410667241066167,-0.2128289624261387,0
C000260,-0.7034077000478463,0.0,1.0,0.0,1.0,0.0,-0.9793431517078963,0.0,-0.46410667241066167,-0.2128289624261387,0
C000261,-0.5094451175445891,0.0,0.0,1.0,0.0,1.0,-0.0016295227149882177,0.0,-0.46410667241066167,-0.2128289624261387,0
C000262,0.8843681262892036,1.0,1.0,0.0,0.0,0.0,1.953797735270828,0.0,-0.46410667241066167,-0.2128289624261387,0
C000263,-1.3401109600041903,0.0,1.0,0.0,1.0,0.0,-0.9793431517078963,0.0,-0.46410667241066167,-0.2128289624261387,0
C000264,-0.904397912351946,0.0,0.0,0.0,0.0,1.0,-0.9793431517078963,1.0,-0.46410667241066167,-0.2128289624261387,0
C000265,0.1616935284358845,0.0,0.0,0.0,0.0,1.0,-0.9793431517078963,1.0,-0.46410667241066167,4.698608632023215,0
C000266,0.30154336147265254,1.0,1.0,0.0,0.0,0.0,-0.9793431517078963,0.0,-0.46410667241066167,-0.2128289624261387,0
C000267,-2.0091413170444103,0.0,1.0,0.0,1.0,0.0,-0.0016295227149882177,0.0,2.1546770590601567,-0.2128289624261387,0
C000268,-0.0385939208881313,0.0,1.0,0.0,0.0,1.0,-0.9793431517078963,0.0,-0.46410667241066167,-0.2128289624261387,1
C000269,0.3034173960862109,1.0,0.0,1.0,0.0,0.0,-0.0016295227149882177,0.0,-0.46410667241066167,-0.2128289624261387,0
C000270,1.1856191904186582,1.0,1.0,0.0,0.0,0.0,0.9760841062779199,0.0,-0.46410667241066167,-0.2128289624261387,0
C000271,1.3617784440931142,1.0,1.0,0.0,0.0,0.0,-0.0016295227149882177,0.0,-0.46410667241066167,-0.2128289624261387,0
C000272,0.7545912293003088,1.0,0.0,1.0,0.0,0.0,0.9760841062779199,0.0,-0.46410667241066167,-0.2128289624261387,0
C000273,0.9930621338755695,1.0,0.0,1.0,0.0,0.0,-0.9793431517078963,0.0,-0.46410667241066167,-0.2128289624261387,0
C000274,0.1616935284358845,1.0,0.0,0.0,0.0,0.0,-0.9793431517078963,1.0,-0.46410667241066167,4.698608632023215,1
C000275,-1.556561957870144,1.0,1.0,0.0,0.0,0.0,-0.9793431517078963,0.0,-0.46410667241066167,-0.2128289624261387,1
C000276,-0.9826388574679943,0.0,0.0,0.0,0.0,1.0,-0.9793431517078963,1.0,-0.46410667241066167,-0.2128289624261387,0
C000277,1.3219552085550055,1.0,1.0,0.0,0.0,0.0,-0.9793431517078963,0.0,-0.46410667241066167,-0.2128289624261387,1
C000278,0.028402816546568618,0.0,1.0,0.0,0.0,1.0,-0.9793431517078963,0.0,-0.46410667241066167,-0.2128289624261387,0
C000279,-2.0091413170444103,0.0,1.0,0.0,1.0,0.0,-0.9793431517078963,0.0,-0.46410667241066167,-0.2128289624261387,0
C000280,-0.042341990115247634,1.0,1.0,0.0,0.0,0.0,-0.0016295227149882177,0.0,2.1546770590601567,-0.2128289624261387,0
C000281,0.4524031478640754,1.0,0.0,0.0,0.0,0.0,-0.9793431517078963,1.0,-0.46410667241066167,-0.2128289624261387,0
C000282,1.22216286538304,1.0,1.0,0.0,0.0,0.0,1.953797735270828,0.0,-0.46410667241066167,-0.2128289624261387,1
C000283,0.16145927410918928,1.0,1.0,0.0,0.0,0.0,1.953797735270828,0.0,-0.46410667241066167,-0.2128289624261387,0
C000284,-0.1280790736855279,1.0,0.0,0.0,0.0,0.0,-0.0016295227149882177,1.0,-0.46410667241066167,-0.2128289624261387,1
C000285,-0.5933081665013114,0.0,0.0,1.0,0.0,1.0,-0.9793431517078963,0.0,-0.46410667241066167,-0.2128289624261387,0
C000286,0.1616935284358845,0.0,0.0,1.0,0.0,1.0,-0.9793431517078963,0.0,-0.46410667241066167,4.698608632023215,0
C000287,-0.6031468482224911,0.0,0.0,0.0,0.0,1.0,-0.0016295227149882177,1.0,-0.46410667241066167,-0.2128289624261387,1
C000288,-0.6584308693224532,0.0,0.0,1.0,0.0,1.0,-0.9793431517078963,0.0,-0.46410667241066167,-0.2128289624261387,0
C000289,0.7138309764554219,1.0,1.0,0.0,0.0,0.0,-0.9793431517078963,0.0,-0.46410667241066167,-0.2128289624261387,1
C000290,-0.6888839317927713,0.0,0.0,0.0,0.0,1.0,-0.0016295227149882177,1.0,-0.46410667241066167,-0.2128289624261387,0
C000291,-1.7214770038632514,0.0,1.0,0.0,1.0,0.0,-0.0016295227149882177,0.0,-0.46410667241066167,-0.2128289624261387,0
C000292,-0.45181855317767916,0.0,1.0,0.0,0.0,1.0,-0.0016295227149882177,0.0,-0.46410667241066167,-0.2128289624261387,0
C000293,-0.9840443834281625,0.0,0.0,1.0,0.0,1.0,-0.9793431517078963,0.0,-0.46410667241066167,-0.2128289624261387,0
C000294,-0.6471866616411049,0.0,1.0,0.0,0.0,1.0,-0.9793431517078963,0.0,-0.46410667241066167,-0.2128289624261387,1
C000295,1.0802047434060185,1.0,0.0,0.0,0.0,0.0,1.953797735270828,1.0,-0.46410667241066167,-0.2128289624261387,0
C000296,-1.47410443487359,0.0,1.0,0.0,1.0,0.0,-0.0016295227149882177,0.0,-0.46410667241066167,-0.2128289624261387,1
C000297,0.7569337725672569,1.0,1.0,0.0,0.0,0.0,1.953797735270828,0.0,2.1546770590601567,-0.2128289624261387,1
C000298,1.3758337036947994,1.0,1.0,0.0,0.0,0.0,-0.9793431517078963,0.0,2.1546770590601567,-0.2128289624261387,0
C000299,0.038241498267748364,0.0,1.0,0.0,0.0,1.0,-0.9793431517078963,0.0,-0.46410667241066167,-0.2128289624261387,0
C000300,0.1616935284358845,1.0,0.0,0.0,0.0,0.0,-0.0016295227149882177,1.0,-0.46410667241066167,4.698608632023215,0
C000301,1.0497516809357006,1.0,0.0,0.0,0.0,0.0,-0.0016295227149882177,1.0,-0.46410667241066167,-0.2128289624261387,0
C000302,-0.05358619779659564,0.0,1.0,0.0,0.0,1.0,-0.0016295227149882177,0.0,-0.46410667241066167,-0.2128289624261387,0
C000303,1.1373627991195385,1.0,1.0,0.0,0.0,0.0,-0.9793431517078963,0.0,2.1546770590601567,-0.2128289624261387,0
C000304,-2.0091413170444103,0.0,1.0,0.0,1.0,0.0,0.9760841062779199,0.0,-0.46410667241066167,-0.2128289624261387,0
C000305,1.6817698543581494,1.0,1.0,0.0,0.0,0.0,-0.9793431517078963,0.0,-0.46410667241066167,-0.2128289624261387,0
C000306,-1.2168931841627493,0.0,1.0,0.0,0.0,1.0,-0.9793431517078963,0.0,-0.46410667241066167,-0.2128289624261387,0
C000307,-0.3913809368904324,0.0,0.0,0.0,0.0,1.0,-0.9793431517078963,1.0,-0.46410667241066167,-0.2128289624261387,0
C000308,0.7161735197223693,1.0,1.0,0.0,0.0,0.0,0.9760841062779199,0.0,-0.46410667241066167,-0.2128289624261387,0
C000309,-1.9641644863190175,0.0,1.0,0.0,1.0,0.0,-0.9793431517078963,0.0,-0.46410667241066167,-0.2128289624261387,0
C000310,-0.3660814696073989,0.0,1.0,0.0,0.0,1.0,0.9760841062779199,0.0,-0.46410667241066167,-0.2128289624261387,1
C000311,0.024654747319452282,0.0,1.0,0.0,0.0,1.0,0.9760841062779199,0.0,-0.46410667241066167,-0.2128289624261387,1
C000312,-0.4110583003327919,0.0,0.0,1.0,0.0,1.0,-0.9793431517078963,0.0,-0.46410667241066167,-0.2128289624261387,0
C000313,-0.005329806497476051,0.0,1.0,0.0,0.0,1.0,-0.0016295227149882177,0.0,-0.46410667241066167,-0.2128289624261387,0
C000314,1.6883289755056026,1.0,0.0,1.0,0.0,0.0,-0.9793431517078963,0.0,-0.46410667241066167,-0.2128289624261387,1
C000315,-1.7425598932657795,0.0,0.0,1.0,1.0,0.0,-0.0016295227149882177,0.0,-0.46410667241066167,-0.2128289624261387,0
C000316,1.0085229194374232,1.0,1.0,0.0,0.0,0.0,-0.0016295227149882177,0.0,-0.46410667241066167,-0.2128289624261387,0
C000317,1.1130003491432843,1.0,1.0,0.0,0.0,0.0,-0.9793431517078963,0.0,2.1546770590601567,-0.2128289624261387,0
C000318,0.948553811803566,1.0,1.0,0.0,0.0,0.0,-0.0016295227149882177,0.0,-0.46410667241066167,-0.2128289624261387,1
C000319,0.9288764483612064,1.0,1.0,0.0,0.0,0.0,-0.9793431517078963,0.0,-0.46410667241066167,-0.2128289624261387,0
C000320,-2.0091413170444103,0.0,1.0,0.0,1.0,0.0,-0.9793431517078963,0.0,-0.46410667241066167,-0.2128289624261387,0
C000321,0.7349138658579493,1.0,0.0,1.0,0.0,0.0,0.9760841062779199,0.0,-0.46410667241066167,-0.2128289624261387,0
C000322,1.1125318404898945,1.0,0.0,1.0,0.0,0.0,0.9760841062779199,0.0,-0.46410667241066167,-0.2128289624261387,0
C000323,-1.032300774727282,0.0,1.0,0.0,1.0,0.0,0.9760841062779199,0.0,-0.46410667241066167,-0.2128289624261387,0
C000324,-0.5192837992657688,0.0,0.0,0.0,0.0,1.0,-0.0016295227149882177,1.0,-0.46410667241066167,-0.2128289624261387,0
C000325,-0.1753984476778683,0.0,1.0,0.0,0.0,1.0,-0.9793431517078963,0.0,2.1546770590601567,-0.2128289624261387,1
C000326,-1.9824363238012084,0.0,0.0,0.0,1.0,0.0,-0.9793431517078963,1.0,-0.46410667241066167,-0.2128289624261387,0
C000327,0.1616935284358845,1.0,1.0,0.0,0.0,0.0,-0.0016295227149882177,0.0,-0.46410667241066167,4.698608632023215,1
C000328,0.2659367038150502,0.0,1.0,0.0,0.0,1.0,0.9760841062779199,0.0,-0.46410667241066167,-0.2128289624261387,0
C000329,-0.4953898579429036,1.0,0.0,1.0,0.0,0.0,0.9760841062779199,0.0,-0.46410667241066167,-0.2128289624261387,0
C000330,0.4926948920555732,1.0,0.0,1.0,0.0,0.0,-0.0016295227149882177,0.0,-0.46410667241066167,-0.2128289624261387,0
C000331,-1.7102327961819033,0.0,1.0,0.0,1.0,0.0,-0.0016295227149882177,0.0,-0.46410667241066167,-0.2128289624261387,0
C000332,-1.8831124892826325,0.0,0.0,1.0,1.0,0.0,-0.9793431517078963,0.0,-0.46410667241066167,-0.2128289624261387,0
C000333,-0.619544651091124,0.0,1.0,0.0,0.0,1.0,-0.0016295227149882177,0.0,-0.46410667241066167,-0.2128289624261387,0
C000334,0.5521954910360408,1.0,0.0,0.0,0.0,0.0,0.9760841062779199,1.0,-0.46410667241066167,-0.2128289624261387,0
C000335,-1.9238727421275197,0.0,0.0,0.0,1.0,0.0,-0.9793431517078963,1.0,-0.46410667241066167,-0.2128289624261387,0
C000336,0.999152746369633,1.0,1.0,0.0,0.0,0.0,-0.9793431517078963,0.0,-0.46410667241066167,-0.2128289624261387,1
C000337,-0.2564504447142537,0.0,0.0,1.0,0.0,1.0,0.9760841062779199,0.0,-0.46410667241066167,-0.2128289624261387,0
C000338,0.739130443738455,1.0,1.0,0.0,0.0,0.0,0.9760841062779199,0.0,-0.46410667241066167,-0.2128289624261387,0
C000339,0.22705048558372096,0.0,0.0,1.0,0.0,1.0,-0.9793431517078963,0.0,-0.46410667241066167,-0.2128289624261387,1
C000340,1.33694748546347,1.0,0.0,1.0,0.0,0.0,-0.0016295227149882177,0.0,-0.46410667241066167,-0.2128289624261387,0
C000341,1.0394444905611309,1.0,0.0,1.0,0.0,0.0,-0.0016295227149882177,0.0,2.1546770590601567,-0.2128289624261387,0
C000342,-0.09294092468131464,1.0,0.0,1.0,0.0,0.0,1.953797735270828,0.0,-0.46410667241066167,-0.2128289624261387,0
C000343,-0.1262050390719699,0.0,1.0,0.0,0.0,1.0,-0.9793431517078963,0.0,2.1546770590601567,-0.2128289624261387,0
C000344,-0.1463509111677188,0.0,0.0,0.0,0.0,1.0,-0.9793431517078963,1.0,-0.46410667241066167,-0.2128289624261387,0
C000345,-1.4853486425549383,0.0,0.0,0.0,1.0,0.0,-0.9793431517078963,1.0,-0.46410667241066167,-0.2128289624261387,0
C000346,-2.0091413170444103,0.0,1.0,0.0,1.0,0.0,-0.9793431517078963,0.0,2.1546770590601567,-0.2128289624261387,0
C000347,1.5651111996641616,1.0,1.0,0.0,0.0,0.0,0.9760841062779199,0.0,-0.46410667241066167,-0.2128289624261387,0
C000348,-1.8929511710038118,0.0,1.0,0.0,1.0,0.0,1.953797735270828,0.0,-0.46410667241066167,-0.2128289624261387,0
C000349,-1.8948252056173702,0.0,1.0,0.0,1.0,0.0,-0.9793431517078963,0.0,-0.46410667241066167,-0.2128289624261387,0
C000350,1.2348125990245566,1.0,0.0,0.0,0.0,0.0,-0.0016295227149882177,1.0,2.1546770590601567,-0.2128289624261387,0
C000351,-0.2456747456862948,0.0,1.0,0.0,0.0,1.0,-0.9793431517078963,0.0,-0.46410667241066167,-0.2128289624261387,0
C000352,1.030074317493341,1.0,0.0,0.0,0.0,0.0,-0.9793431517078963,1.0,-0.46410667241066167,-0.2128289624261387,0
C000353,1.0183616011586034,1.0,1.0,0.0,0.0,0.0,-0.9793431517078963,0.0,-0.46410667241066167,-0.2128289624261387,0
C000354,0.9241913618273117,1.0,1.0,0.0,0.0,0.0,1.953797735270828,0.0,-0.46410667241066167,-0.2128289624261387,1
C000355,-0.23583606396511506,0.0,1.0,0.0,0.0,1.0,0.9760841062779199,0.0,2.1546770590601567,-0.2128289624261387,0
C000356,0.7583392985274248,1.0,0.0,0.0,0.0,0.0,-0.9793431517078963,1.0,-0.46410667241066167,-0.2128289624261387,0
C000357,-2.0091413170444103,0.0,1.0,0.0,1.0,0.0,-0.9793431517078963,0.0,-0.46410667241066167,-0.2128289624261387,0
C000358,-2.0091413170444103,0.0,1.0,0.0,1.0,0.0,-0.9793431517078963,0.0,-0.46410667241066167,-0.2128289624261387,0
C000359,1.2137297096220292,1.0,1.0,0.0,0.0,0.0,-0.9793431517078963,0.0,-0.46410667241066167,-0.2128289624261387,1
C000360,-2.0091413170444103,0.0,1.0,0.0,1.0,0.0,-0.9793431517078963,0.0,-0.46410667241066167,-0.2128289624261387,0
C000361,-0.3159510436947213,0.0,0.0,0.0,0.0,1.0,-0.0016295227149882177,1.0,-0.46410667241066167,-0.2128289624261387,0
C000362,1.3449121325710918,1.0,1.0,0.0,0.0,0.0,0.9760841062779199,0.0,-0.46410667241066167,-0.2128289624261387,0
C000363,-0.8008574999528643,0.0,0.0,0.0,0.0,1.0,-0.9793431517078963,1.0,2.1546770590601567,-0.2128289624261387,0
C000364,0.1736404990973168,1.0,0.0,0.0,0.0,0.0,1.953797735270828,1.0,-0.46410667241066167,-0.2128289624261387,0
C000365,-0.6218871943580714,0.0,0.0,1.0,0.0,1.0,-0.9793431517078963,0.0,-0.46410667241066167,-0.2128289624261387,0
C000366,-1.7210084952098619,1.0,1.0,0.0,0.0,0.0,-0.9793431517078963,0.0,-0.46410667241066167,-0.2128289624261387,0
C000367,0.6519878342080062,1.0,0.0,1.0,0.0,0.0,0.9760841062779199,0.0,2.1546770590601567,-0.2128289624261387,0
C000368,0.6515193255546171,1.0,1.0,0.0,0.0,0.0,-0.0016295227149882177,0.0,-0.46410667241066167,-0.2128289624261387,0
C000369,-0.02594418724661472,1.0,0.0,1.0,0.0,0.0,-0.0016295227149882177,0.0,2.1546770590601567,-0.2128289624261387,0
C000370,1.1373627991195385,1.0,1.0,0.0,0.0,0.0,0.9760841062779199,0.0,2.1546770590601567,-0.2128289624261387,1
C000371,0.999152746369633,1.0,1.0,0.0,0.0,0.0,-0.9793431517078963,0.0,2.1546770590601567,-0.2128289624261387,0
C000372,-0.478992055074271,0.0,1.0,0.0,0.0,1.0,-0.0016295227149882177,0.0,-0.46410667241066167,-0.2128289624261387,0
C000373,0.335744493170087,1.0,0.0,1.0,0.0,0.0,-0.9793431517078963,0.0,2.1546770590601567,-0.2128289624261387,0
C000374,0.9204432926001956,0.0,1.0,0.0,0.0,1.0,1.953797735270828,0.0,-0.46410667241066167,-0.2128289624261387,0
C000375,0.8318951571095782,1.0,0.0,1.0,0.0,0.0,-0.9793431517078963,0.0,2.1546770590601567,-0.2128289624261387,0
C000376,0.9518333723772929,1.0,1.0,0.0,0.0,0.0,-0.0016295227149882177,0.0,-0.46410667241066167,-0.2128289624261387,1
C000377,-0.7118408558088574,0.0,1.0,0.0,0.0,1.0,0.9760841062779199,0.0,-0.46410667241066167,-0.2128289624261387,0
C000378,-0.668269551043633,0.0,1.0,0.0,1.0,0.0,1.953797735270828,0.0,-0.46410667241066167,-0.2128289624261387,0
C000379,1.0352279126806256,1.0,1.0,0.0,0.0,0.0,1.953797735270828,0.0,2.1546770590601567,-0.2128289624261387,1
C000380,0.31840967299467554,1.0,0.0,0.0,0.0,0.0,0.9760841062779199,1.0,-0.46410667241066167,-0.2128289624261387,0
C000381,0.1132028828100697,0.0,1.0,0.0,0.0,1.0,-0.0016295227149882177,0.0,-0.46410667241066167,-0.2128289624261387,0
C000382,0.4734860372666028,1.0,1.0,0.0,0.0,0.0,0.9760841062779199,0.0,-0.46410667241066167,-0.2128289624261387,1
C000383,0.7827017485036798,1.0,1.0,0.0,0.0,0.0,0.9760841062779199,0.0,-0.46410667241066167,-0.2128289624261387,0
C000384,1.467661399759143,1.0,1.0,0.0,0.0,0.0,-0.0016295227149882177,0.0,-0.46410667241066167,-0.2128289624261387,1
C000385,1.19358383752628,1.0,1.0,0.0,0.0,0.0,-0.0016295227149882177,0.0,-0.46410667241066167,-0.2128289624261387,0
C000386,-0.40449917918533873,0.0,1.0,0.0,0.0,1.0,-0.0016295227149882177,0.0,-0.46410667241066167,-0.2128289624261387,0
C000387,0.39524509215055453,0.0,1.0,0.0,0.0,1.0,-0.0016295227149882177,0.0,-0.46410667241066167,-0.2128289624261387,0
C000388,-1.7650483086284758,0.0,0.0,1.0,1.0,0.0,-0.9793431517078963,0.0,-0.46410667241066167,-0.2128289624261387,0
C000389,0.4093003517522404,1.0,0.0,0.0,0.0,0.0,-0.9793431517078963,1.0,-0.46410667241066167,-0.2128289624261387,0
C000390,-0.7910188182316845,0.0,1.0,0.0,0.0,1.0,-0.9793431517078963,0.0,-0.46410667241066167,-0.2128289624261387,1
C000391,0.040115532881306364,0.0,0.0,0.0,0.0,1.0,1.953797735270828,1.0,-0.46410667241066167,-0.2128289624261387,0
C000392,-1.2628070321949212,0.0,1.0,0.0,1.0,0.0,0.9760841062779199,0.0,-0.46410667241066167,-0.2128289624261387,0
C000393,-1.631991851065855,0.0,0.0,0.0,1.0,0.0,-0.9793431517078963,1.0,-0.46410667241066167,-0.2128289624261387,0
C000394,-0.4654053041259749,0.0,1.0,0.0,0.0,1.0,-0.9793431517078963,0.0,-0.46410667241066167,-0.2128289624261387,0
C000395,0.3807213238954803,1.0,1.0,0.0,0.0,0.0,1.953797735270828,0.0,-0.46410667241066167,-0.2128289624261387,0
C000396,-2.0091413170444103,0.0,0.0,0.0,1.0,0.0,-0.9793431517078963,1.0,-0.46410667241066167,-0.2128289624261387,0
C000397,1.0094599367442028,1.0,1.0,0.0,0.0,0.0,-0.9793431517078963,0.0,-0.46410667241066167,-0.2128289624261387,0
C000398,-0.42839312050820366,0.0,0.0,1.0,0.0,1.0,-0.9793431517078963,0.0,-0.46410667241066167,-0.2128289624261387,0
C000399,-2.0091413170444103,0.0,0.0,0.0,1.0,0.0,-0.0016295227149882177,1.0,-0.46410667241066167,-0.2128289624261387,0
C000400,0.1616935284358845,0.0,0.0,0.0,1.0,0.0,-0.9793431517078963,1.0,-0.46410667241066167,4.698608632023215,0
C000401,1.142047885653434,1.0,1.0,0.0,0.0,0.0,-0.0016295227149882177,0.0,-0.46410667241066167,-0.2128289624261387,1
C000402,-0.2962736802523618,0.0,1.0,0.0,0.0,1.0,-0.9793431517078963,0.0,-0.46410667241066167,-0.2128289624261387,0
C000403,0.7700520148621626,1.0,1.0,0.0,0.0,0.0,-0.9793431517078963,0.0,-0.46410667241066167,-0.2128289624261387,1
C000404,1.0961340376212618,1.0,1.0,0.0,0.0,0.0,-0.9793431517078963,0.0,-0.46410667241066167,-0.2128289624261387,0
C000405,-1.167231266903461,0.0,1.0,0.0,0.0,1.0,0.9760841062779199,0.0,-0.46410667241066167,-0.2128289624261387,0
C000406,0.8988918945442778,1.0,0.0,0.0,0.0,0.0,3.909224993256644,1.0,-0.46410667241066167,-0.2128289624261387,0
C000407,-0.2728482475828863,0.0,1.0,0.0,0.0,1.0,-0.9793431517078963,0.0,2.1546770590601567,-0.2128289624261387,0
C000408,1.1579771798686769,1.0,0.0,0.0,0.0,0.0,1.953797735270828,1.0,2.1546770590601567,-0.2128289624261387,1
C000409,0.6112275813631193,1.0,1.0,0.0,0.0,0.0,-0.9793431517078963,0.0,-0.46410667241066167,-0.2128289624261387,0
C000410,-0.5942451838080901,0.0,0.0,0.0,0.0,1.0,-0.9793431517078963,1.0,-0.46410667241066167,-0.2128289624261387,0
C000411,0.1616935284358845,0.0,1.0,0.0,1.0,0.0,-0.9793431517078963,0.0,-0.46410667241066167,4.698608632023215,0
C000412,0.6852519485986618,1.0,0.0,1.0,0.0,0.0,-0.0016295227149882177,0.0,-0.46410667241066167,-0.2128289624261387,0
C000413,-0.7362033057851117,0.0,0.0,1.0,0.0,1.0,-0.9793431517078963,0.0,-0.46410667241066167,-0.2128289624261387,0
C000414,0.684783439945272,1.0,1.0,0.0,0.0,0.0,0.9760841062779199,0.0,2.1546770590601567,-0.2128289624261387,0
C000415,1.9881745136748885,1.0,1.0,0.0,0.0,0.0,-0.0016295227149882177,0.0,-0.46410667241066167,-0.2128289624261387,1
C000416,1.1743749827373102,1.0,1.0,0.0,0.0,0.0,-0.0016295227149882177,0.0,2.1546770590601567,-0.2128289624261387,1
C000417,-0.5422407232818546,0.0,0.0,0.0,0.0,1.0,-0.9793431517078963,1.0,-0.46410667241066167,-0.2128289624261387,0
C000418,-0.6261037722385768,0.0,0.0,0.0,0.0,1.0,-0.9793431517078963,1.0,-0.46410667241066167,-0.2128289624261387,0
C000419,1.13595727315937,1.0,1.0,0.0,0.0,0.0,0.9760841062779199,0.0,2.1546770590601567,-0.2128289624261387,1
C000420,1.477500081480323,1.0,0.0,0.0,0.0,0.0,-0.0016295227149882177,1.0,2.1546770590601567,-0.2128289624261387,0
C000421,1.5632371650506034,1.0,1.0,0.0,0.0,0.0,-0.9793431517078963,0.0,-0.46410667241066167,-0.2128289624261387,1
C000422,0.16286480006935786,1.0,1.0,0.0,0.0,0.0,-0.0016295227149882177,0.0,-0.46410667241066167,-0.2128289624261387,1
C000423,-2.0091413170444103,0.0,0.0,0.0,1.0,0.0,-0.9793431517078963,1.0,-0.46410667241066167,-0.2128289624261387,0
C000424,0.22564495962355238,1.0,0.0,1.0,0.0,0.0,-0.0016295227149882177,0.0,-0.46410667241066167,-0.2128289624261387,0
C000425,0.5475104045021453,1.0,1.0,0.0,0.0,0.0,0.9760841062779199,0.0,-0.46410667241066167,-0.2128289624261387,0
C000426,-1.9988341266698413,0.0,1.0,0.0,1.0,0.0,1.953797735270828,0.0,-0.46410667241066167,-0.2128289624261387,0
C000427,-1.1826920524653148,0.0,1.0,0.0,1.0,0.0,-0.9793431517078963,0.0,-0.46410667241066167,-0.2128289624261387,0
C000428,1.2376236509448937,1.0,1.0,0.0,0.0,0.0,-0.9793431517078963,0.0,-0.46410667241066167,-0.2128289624261387,0
C000429,1.0047748502103073,1.0,0.0,1.0,0.0,0.0,0.9760841062779199,0.0,-0.46410667241066167,-0.2128289624261387,1
C000430,0.39243404023021805,1.0,0.0,1.0,0.0,0.0,-0.0016295227149882177,0.0,-0.46410667241066167,-0.2128289624261387,0
C000431,0.13756533278632438,0.0,0.0,0.0,0.0,1.0,-0.0016295227149882177,1.0,-0.46410667241066167,-0.2128289624261387,0
C000432,0.594829778494486,1.0,1.0,0.0,0.0,0.0,-0.0016295227149882177,0.0,-0.46410667241066167,-0.2128289624261387,0
C000433,0.9274709224010386,1.0,1.0,0.0,0.0,0.0,-0.0016295227149882177,0.0,2.1546770590601567,-0.2128289624261387,0
C000434,-2.0091413170444103,0.0,0.0,1.0,1.0,0.0,-0.9793431517078963,0.0,-0.46410667241066167,-0.2128289624261387,0
C000435,0.6547988861283434,1.0,1.0,0.0,0.0,0.0,-0.0016295227149882177,0.0,-0.46410667241066167,-0.2128289624261387,1
C000436,0.8089382330934924,1.0,1.0,0.0,0.0,0.0,1.953797735270828,0.0,-0.46410667241066167,-0.2128289624261387,1
C000437,0.4055522825251244,1.0,0.0,0.0,0.0,0.0,-0.0016295227149882177,1.0,2.1546770590601567,-0.2128289624261387,1
C000438,1.2530844365067475,1.0,1.0,0.0,0.0,0.0,-0.0016295227149882177,0.0,2.1546770590601567,-0.2128289624261387,0
C000439,0.3708826421743002,1.0,1.0,0.0,0.0,0.0,-0.9793431517078963,0.0,-0.46410667241066167,-0.2128289624261387,0
C000440,0.1616935284358845,0.0,1.0,0.0,1.0,0.0,-0.0016295227149882177,0.0,-0.46410667241066167,4.698608632023215,0
C000441,-1.7631742740149177,0.0,0.0,0.0,1.0,0.0,-0.0016295227149882177,1.0,-0.46410667241066167,-0.2128289624261387,0
C000442,-1.22579484857715,0.0,1.0,0.0,1.0,0.0,-0.0016295227149882177,0.0,-0.46410667241066167,-0.2128289624261387,0
C000443,0.19847145772696087,1.0,0.0,1.0,0.0,0.0,-0.9793431517078963,0.0,-0.46410667241066167,-0.2128289624261387,0
C000444,-2.0091413170444103,0.0,1.0,0.0,1.0,0.0,0.9760841062779199,0.0,2.1546770590601567,-0.2128289624261387,0
C000445,-1.6605708789226152,0.0,1.0,0.0,1.0,0.0,0.9760841062779199,0.0,-0.46410667241066167,-0.2128289624261387,0
C000446,-0.13791775540670764,1.0,1.0,0.0,0.0,0.0,0.9760841062779199,0.0,2.1546770590601567,-0.2128289624261387,0
C000447,-0.26769465239560175,0.0,0.0,0.0,0.0,1.0,-0.9793431517078963,1.0,2.1546770590601567,-0.2128289624261387,0
C000448,0.4495920959437382,0.0,1.0,0.0,0.0,1.0,0.9760841062779199,0.0,-0.46410667241066167,-0.2128289624261387,1
C000449,0.6590154640088491,1.0,0.0,0.0,0.0,0.0,1.953797735270828,1.0,-0.46410667241066167,-0.2128289624261387,0
C000450,0.2828030153370725,0.0,0.0,0.0,0.0,1.0,-0.9793431517078963,1.0,-0.46410667241066167,-0.2128289624261387,0
C000451,0.14834103181428296,0.0,0.0,1.0,0.0,1.0,-0.9793431517078963,0.0,-0.46410667241066167,-0.2128289624261387,0
C000452,0.7213271149096538,1.0,1.0,0.0,0.0,0.0,-0.9793431517078963,0.0,-0.46410667241066167,-0.2128289624261387,1
C000453,-0.3918494455438218,0.0,1.0,0.0,0.0,1.0,-0.9793431517078963,0.0,-0.46410667241066167,-0.2128289624261387,0
C000454,0.7185160629893167,1.0,0.0,0.0,0.0,0.0,-0.0016295227149882177,1.0,-0.46410667241066167,-0.2128289624261387,0
C000455,1.5833830371463526,1.0,1.0,0.0,0.0,0.0,-0.0016295227149882177,0.0,2.1546770590601567,-0.2128289624261387,1
C000456,0.5920187265741489,1.0,1.0,0.0,0.0,0.0,0.9760841062779199,0.0,-0.46410667241066167,-0.2128289624261387,1
C000457,0.6857204572520509,1.0,0.0,1.0,0.0,0.0,-0.0016295227149882177,0.0,-0.46410667241066167,-0.2128289624261387,0
C000458,0.8918642647434356,1.0,0.0,0.0,0.0,0.0,-0.0016295227149882177,1.0,-0.46410667241066167,-0.2128289624261387,0
C000459,1.4016016796312223,1.0,1.0,0.0,0.0,0.0,0.9760841062779199,0.0,2.1546770590601567,-0.2128289624261387,1
C000460,0.9101361022256265,1.0,1.0,0.0,0.0,0.0,-0.9793431517078963,0.0,2.1546770590601567,-0.2128289624261387,1
C000461,0.4411589401827267,1.0,0.0,1.0,0.0,0.0,-0.0016295227149882177,0.0,-0.46410667241066167,-0.2128289624261387,0
C000462,0.652456342861396,1.0,0.0,0.0,0.0,0.0,-0.9793431517078963,1.0,-0.46410667241066167,-0.2128289624261387,0
C000463,-0.5281854636801694,0.0,0.0,1.0,0.0,1.0,-0.0016295227149882177,0.0,-0.46410667241066167,-0.2128289624261387,0
C000464,-1.6029443145557052,0.0,1.0,0.0,1.0,0.0,0.9760841062779199,0.0,-0.46410667241066167,-0.2128289624261387,0
C000465,0.5746839063987375,1.0,1.0,0.0,0.0,0.0,-0.0016295227149882177,0.0,-0.46410667241066167,-0.2128289624261387,1
C000466,-0.02875523916695155,1.0,1.0,0.0,0.0,0.0,2.931511364263736,0.0,-0.46410667241066167,-0.2128289624261387,0
C000467,-1.874679333521621,0.0,1.0,0.0,1.0,0.0,-0.9793431517078963,0.0,-0.46410667241066167,-0.2128289624261387,0
C000468,0.48379322764117194,1.0,0.0,0.0,0.0,0.0,-0.9793431517078963,1.0,-0.46410667241066167,-0.2128289624261387,0
C000469,-0.22131229571004046,0.0,1.0,0.0,0.0,1.0,-0.0016295227149882177,0.0,-0.46410667241066167,-0.2128289624261387,0
C000470,-0.3464041061650394,0.0,1.0,0.0,0.0,1.0,-0.9793431517078963,0.0,-0.46410667241066167,-0.2128289624261387,0
C000471,0.020906678092336282,0.0,1.0,0.0,0.0,1.0,-0.9793431517078963,0.0,2.1546770590601567,-0.2128289624261387,0
C000472,-1.924341250780909,0.0,0.0,0.0,1.0,0.0,-0.0016295227149882177,1.0,-0.46410667241066167,-0.2128289624261387,0
C000473,0.30857099127349547,1.0,1.0,0.0,0.0,0.0,-0.0016295227149882177,0.0,-0.46410667241066167,-0.2128289624261387,0
C000474,0.6833779139851035,1.0,0.0,1.0,0.0,0.0,-0.0016295227149882177,0.0,2.1546770590601567,-0.2128289624261387,0
C000475,-1.7683278692022024,0.0,1.0,0.0,1.0,0.0,0.9760841062779199,0.0,2.1546770590601567,-0.2128289624261387,0
C000476,-0.6017413222623225,0.0,1.0,0.0,0.0,1.0,-0.0016295227149882177,0.0,-0.46410667241066167,-0.2128289624261387,0
C000477,-0.3698295388345149,1.0,0.0,1.0,0.0,0.0,-0.9793431517078963,0.0,-0.46410667241066167,-0.2128289624261387,0
C000478,-2.0091413170444103,0.0,0.0,1.0,1.0,0.0,-0.0016295227149882177,0.0,-0.46410667241066167,-0.2128289624261387,0
C000479,-2.0091413170444103,0.0,1.0,0.0,1.0,0.0,-0.9793431517078963,0.0,-0.46410667241066167,-0.2128289624261387,0
C000480,-1.232353969724603,0.0,0.0,1.0,1.0,0.0,-0.0016295227149882177,0.0,-0.46410667241066167,-0.2128289624261387,0
C000481,0.4177335075132512,1.0,1.0,0.0,0.0,0.0,-0.9793431517078963,0.0,-0.46410667241066167,-0.2128289624261387,0
C000482,0.8787460224485292,1.0,1.0,0.0,0.0,0.0,0.9760841062779199,0.0,-0.46410667241066167,-0.2128289624261387,1
C000483,-2.0091413170444103,0.0,1.0,0.0,1.0,0.0,-0.9793431517078963,0.0,-0.46410667241066167,-0.2128289624261387,0
C000484,0.5325181275936813,1.0,1.0,0.0,0.0,0.0,-0.9793431517078963,0.0,-0.46410667241066167,-0.2128289624261387,0
C000485,-0.5942451838080901,0.0,1.0,0.0,0.0,1.0,-0.0016295227149882177,0.0,-0.46410667241066167,-0.2128289624261387,0
C000486,-2.0091413170444103,0.0,0.0,1.0,1.0,0.0,-0.9793431517078963,0.0,-0.46410667241066167,-0.2128289624261387,0
C000487,0.40742631713868205,0.0,1.0,0.0,0.0,1.0,-0.0016295227149882177,0.0,2.1546770590601567,-0.2128289624261387,0
C000488,1.6185211861505657,1.0,1.0,0.0,0.0,0.0,-0.9793431517078963,0.0,-0.46410667241066167,-0.2128289624261387,0
C000489,-0.0995000458287678,0.0,0.0,1.0,0.0,1.0,0.9760841062779199,0.0,-0.46410667241066167,-0.2128289624261387,0
C000490,-1.9669755382393548,0.0,1.0,0.0,1.0,0.0,-0.9793431517078963,0.0,2.1546770590601567,-0.2128289624261387,0
C000491,1.3107110008736573,1.0,0.0,0.0,0.0,0.0,0.9760841062779199,1.0,-0.46410667241066167,-0.2128289624261387,1
C000492,0.9021714551180047,1.0,1.0,0.0,0.0,0.0,-0.9793431517078963,0.0,-0.46410667241066167,-0.2128289624261387,0
C000493,-0.27003719566254947,0.0,0.0,0.0,0.0,1.0,-0.0016295227149882177,1.0,-0.46410667241066167,-0.2128289624261387,0
C000494,0.5231479545258909,1.0,0.0,0.0,0.0,0.0,0.9760841062779199,1.0,-0.46410667241066167,-0.2128289624261387,0
C000495,1.027263265573004,1.0,0.0,1.0,0.0,0.0,-0.0016295227149882177,0.0,-0.46410667241066167,-0.2128289624261387,1
C000496,1.0399129992145206,1.0,0.0,0.0,0.0,0.0,-0.9793431517078963,1.0,-0.46410667241066167,-0.2128289624261387,0
C000497,-2.0091413170444103,0.0,0.0,0.0,1.0,0.0,0.9760841062779199,1.0,-0.46410667241066167,-0.2128289624261387,0
C000498,0.28139748937690395,0.0,1.0,0.0,0.0,1.0,-0.9793431517078963,0.0,-0.46410667241066167,-0.2128289624261387,0
C000499,-2.0091413170444103,1.0,1.0,0.0,0.0,0.0,0.9760841062779199,0.0,2.1546770590601567,-0.2128289624261387,0
C000500,0.9893140646484535,1.0,1.0,0.0,0.0,0.0,-0.9793431517078963,0.0,2.1546770590601567,-0.2128289624261387,0
C000501,0.7897293783045221,1.0,0.0,1.0,0.0,0.0,-0.0016295227149882177,0.0,-0.46410667241066167,-0.2128289624261387,0
C000502,0.1616935284358845,0.0,1.0,0.0,1.0,0.0,-0.0016295227149882177,0.0,-0.46410667241066167,4.698608632023215,0
C000503,-0.9849814007349417,0.0,0.0,1.0,0.0,1.0,-0.0016295227149882177,0.0,-0.46410667241066167,-0.2128289624261387,0
C000504,0.1616935284358845,0.0,1.0,0.0,1.0,0.0,-0.9793431517078963,0.0,-0.46410667241066167,4.698608632023215,0
C000505,0.6660430938096914,1.0,1.0,0.0,0.0,0.0,2.931511364263736,0.0,2.1546770590601567,-0.2128289624261387,1
C000506,0.9096675935722367,1.0,1.0,0.0,0.0,0.0,0.9760841062779199,0.0,-0.46410667241066167,-0.2128289624261387,0
C000507,-0.49492134928951415,0.0,1.0,0.0,0.0,1.0,-0.9793431517078963,0.0,-0.46410667241066167,-0.2128289624261387,0
C000508,0.9237228531739219,1.0,1.0,0.0,0.0,0.0,-0.0016295227149882177,0.0,-0.46410667241066167,-0.2128289624261387,1
C000509,0.21768031251593062,1.0,1.0,0.0,0.0,0.0,-0.9793431517078963,0.0,2.1546770590601567,-0.2128289624261387,0
C000510,0.9401206560425551,1.0,0.0,0.0,0.0,0.0,-0.0016295227149882177,1.0,-0.46410667241066167,-0.2128289624261387,0
C000511,-0.46259425220563805,0.0,1.0,0.0,0.0,1.0,-0.0016295227149882177,0.0,-0.46410667241066167,-0.2128289624261387,0
C000512,-1.4890967117820544,0.0,1.0,0.0,0.0,1.0,-0.0016295227149882177,0.0,-0.46410667241066167,-0.2128289624261387,0
C000513,-0.9704576324798667,0.0,0.0,1.0,0.0,1.0,-0.0016295227149882177,0.0,-0.46410667241066167,-0.2128289624261387,0
C000514,0.1872272500456122,0.0,1.0,0.0,0.0,1.0,-0.9793431517078963,0.0,-0.46410667241066167,-0.2128289624261387,1
C000515,-1.4047651541719426,0.0,1.0,0.0,1.0,0.0,-0.0016295227149882177,0.0,-0.46410667241066167,-0.2128289624261387,0
C000516,-0.8683227460409536,0.0,0.0,1.0,1.0,0.0,-0.9793431517078963,0.0,-0.46410667241066167,-0.2128289624261387,0
C000517,-0.605020882836049,0.0,1.0,0.0,0.0,1.0,-0.9793431517078963,0.0,-0.46410667241066167,-0.2128289624261387,1
C000518,-0.9920090305357843,0.0,0.0,0.0,0.0,1.0,-0.0016295227149882177,1.0,-0.46410667241066167,-0.2128289624261387,0
C000519,1.3814558075354737,1.0,1.0,0.0,0.0,0.0,1.953797735270828,0.0,-0.46410667241066167,-0.2128289624261387,1
C000520,-0.572693785752173,0.0,1.0,0.0,0.0,1.0,-0.9793431517078963,0.0,-0.46410667241066167,-0.2128289624261387,0
C000521,-0.009077875724592383,0.0,0.0,0.0,0.0,1.0,-0.9793431517078963,1.0,-0.46410667241066167,-0.2128289624261387,0
C000522,1.1265871000915804,1.0,0.0,1.0,0.0,0.0,-0.0016295227149882177,0.0,-0.46410667241066167,-0.2128289624261387,0
C000523,-0.09856302852198863,1.0,0.0,1.0,0.0,0.0,-0.0016295227149882177,0.0,-0.46410667241066167,-0.2128289624261387,0
C000524,1.5805719852260154,1.0,0.0,0.0,0.0,0.0,-0.9793431517078963,1.0,-0.46410667241066167,-0.2128289624261387,0
C000525,0.8337691917231366,1.0,1.0,0.0,0.0,0.0,1.953797735270828,0.0,-0.46410667241066167,-0.2128289624261387,1
C000526,0.09352551936771053,0.0,0.0,0.0,0.0,1.0,-0.0016295227149882177,1.0,-0.46410667241066167,-0.2128289624261387,0
C000527,1.7351798408445536,1.0,0.0,1.0,0.0,0.0,-0.9793431517078963,0.0,-0.46410667241066167,-0.2128289624261387,0
C000528,-1.041202439141683,0.0,0.0,1.0,1.0,0.0,-0.9793431517078963,0.0,2.1546770590601567,-0.2128289624261387,0
C000529,0.5273645324063967,1.0,1.0,0.0,0.0,0.0,0.9760841062779199,0.0,2.1546770590601567,-0.2128289624261387,0
C000530,1.0038378329035285,1.0,0.0,1.0,0.0,0.0,-0.9793431517078963,0.0,-0.46410667241066167,-0.2128289624261387,0
C000531,0.1616935284358845,0.0,0.0,0.0,0.0,1.0,-0.9793431517078963,1.0,-0.46410667241066167,4.698608632023215,0
C000532,-0.8055425864867594,0.0,0.0,1.0,0.0,1.0,1.953797735270828,0.0,-0.46410667241066167,-0.2128289624261387,0
C000533,0.1616935284358845,0.0,1.0,0.0,1.0,0.0,-0.9793431517078963,0.0,2.1546770590601567,4.698608632023215,0
C000534,-1.8587500393063778,0.0,0.0,1.0,1.0,0.0,-0.0016295227149882177,0.0,-0.46410667241066167,-0.2128289624261387,0
C000535,-1.505963023304077,0.0,0.0,0.0,1.0,0.0,-0.9793431517078963,1.0,-0.46410667241066167,-0.2128289624261387,0
C000536,0.8239305100019565,0.0,1.0,0.0,0.0,1.0,0.9760841062779199,0.0,-0.46410667241066167,-0.2128289624261387,1
C000537,-0.6813877933385389,0.0,1.0,0.0,0.0,1.0,-0.0016295227149882177,0.0,-0.46410667241066167,-0.2128289624261387,0
C000538,1.114405875103453,1.0,1.0,0.0,0.0,0.0,0.9760841062779199,0.0,-0.46410667241066167,-0.2128289624261387,0
C000539,-0.5844065020869107,0.0,0.0,0.0,0.0,1.0,0.9760841062779199,1.0,-0.46410667241066167,-0.2128289624261387,0
C000540,0.3858749190827649,1.0,0.0,0.0,0.0,0.0,-0.9793431517078963,1.0,2.1546770590601567,-0.2128289624261387,0
C000541,0.1616935284358845,1.0,0.0,0.0,0.0,0.0,-0.0016295227149882177,1.0,-0.46410667241066167,4.698608632023215,0
C000542,-0.4738384598869861,0.0,0.0,1.0,0.0,1.0,-0.0016295227149882177,0.0,-0.46410667241066167,-0.2128289624261387,0
C000543,1.1523550760280032,1.0,0.0,0.0,0.0,0.0,-0.9793431517078963,1.0,2.1546770590601567,-0.2128289624261387,1
C000544,0.19284935388628655,0.0,1.0,0.0,0.0,1.0,-0.0016295227149882177,0.0,2.1546770590601567,-0.2128289624261387,0
C000545,-1.4689508396863054,0.0,0.0,0.0,1.0,0.0,-0.0016295227149882177,1.0,-0.46410667241066167,-0.2128289624261387,0
C000546,0.7663039456350466,1.0,1.0,0.0,0.0,0.0,-0.9793431517078963,0.0,-0.46410667241066167,-0.2128289624261387,1
C000547,-0.4059047051455073,0.0,1.0,0.0,0.0,1.0,-0.0016295227149882177,0.0,-0.46410667241066167,-0.2128289624261387,0
C000548,0.9237228531739219,1.0,1.0,0.0,0.0,0.0,-0.9793431517078963,0.0,-0.46410667241066167,-0.2128289624261387,1
C000549,1.449858070930342,1.0,1.0,0.0,0.0,0.0,-0.0016295227149882177,0.0,2.1546770590601567,-0.2128289624261387,1
C000550,1.0005582723298017,1.0,0.0,1.0,0.0,0.0,-0.0016295227149882177,0.0,2.1546770590601567,-0.2128289624261387,0
C000551,-0.026881204553393552,1.0,0.0,1.0,0.0,0.0,0.9760841062779199,0.0,-0.46410667241066167,-0.2128289624261387,0
C000552,0.4622418295852548,1.0,1.0,0.0,0.0,0.0,0.9760841062779199,0.0,-0.46410667241066167,-0.2128289624261387,1
C000553,-0.33281735521674366,0.0,1.0,0.0,0.0,1.0,-0.0016295227149882177,0.0,-0.46410667241066167,-0.2128289624261387,0
C000554,-0.9690521065196982,0.0,0.0,1.0,0.0,1.0,-0.0016295227149882177,0.0,-0.46410667241066167,-0.2128289624261387,0
C000555,0.1616935284358845,0.0,0.0,0.0,0.0,1.0,-0.9793431517078963,1.0,-0.46410667241066167,4.698608632023215,0
C000556,-1.4942503069693391,0.0,0.0,1.0,1.0,0.0,-0.9793431517078963,0.0,-0.46410667241066167,-0.2128289624261387,0
C000557,-2.0091413170444103,0.0,0.0,0.0,1.0,0.0,0.9760841062779199,1.0,-0.46410667241066167,-0.2128289624261387,1
C000558,-0.22271782167020873,1.0,1.0,0.0,0.0,0.0,1.953797735270828,0.0,-0.46410667241066167,-0.2128289624261387,0
C000559,-0.45509811375140574,0.0,1.0,0.0,0.0,1.0,-0.9793431517078963,0.0,2.1546770590601567,-0.2128289624261387,0
C000560,-0.6279778068521351,0.0,1.0,0.0,0.0,1.0,-0.9793431517078963,0.0,-0.46410667241066167,-0.2128289624261387,0
C000561,0.4880098055216777,1.0,0.0,1.0,0.0,0.0,-0.0016295227149882177,0.0,-0.46410667241066167,-0.2128289624261387,0
C000562,-0.45135004452428973,0.0,1.0,0.0,0.0,1.0,-0.0016295227149882177,0.0,-0.46410667241066167,-0.2128289624261387,1
C000563,-0.13229565156603332,0.0,1.0,0.0,0.0,1.0,-0.9793431517078963,0.0,-0.46410667241066167,-0.2128289624261387,0
C000564,-1.4900337290888335,0.0,0.0,0.0,1.0,0.0,-0.9793431517078963,1.0,-0.46410667241066167,-0.2128289624261387,0
C000565,1.0347594040272359,1.0,1.0,0.0,0.0,0.0,1.953797735270828,0.0,-0.46410667241066167,-0.2128289624261387,1
C000566,-2.0091413170444103,0.0,1.0,0.0,1.0,0.0,-0.9793431517078963,0.0,-0.46410667241066167,-0.2128289624261387,0
C000567,0.8539150638188852,1.0,0.0,1.0,0.0,0.0,2.931511364263736,0.0,-0.46410667241066167,-0.2128289624261387,0
C000568,0.9508963550705141,1.0,0.0,0.0,0.0,0.0,-0.9793431517078963,1.0,-0.46410667241066167,-0.2128289624261387,0
C000569,-0.10418513236266297,0.0,0.0,0.0,0.0,1.0,-0.9793431517078963,1.0,-0.46410667241066167,-0.2128289624261387,1
C000570,0.1616935284358845,1.0,0.0,1.0,0.0,0.0,-0.0016295227149882177,0.0,-0.46410667241066167,4.698608632023215,0
C000571,-0.19601282842700665,0.0,0.0,0.0,0.0,1.0,-0.0016295227149882177,1.0,-0.46410667241066167,-0.2128289624261387,0
C000572,-0.18992221593294323,1.0,0.0,1.0,0.0,0.0,-0.0016295227149882177,0.0,2.1546770590601567,-0.2128289624261387,0
C000573,0.7695835062087735,1.0,0.0,0.0,0.0,0.0,-0.0016295227149882177,1.0,-0.46410667241066167,-0.2128289624261387,0
C000574,-2.0091413170444103,0.0,0.0,0.0,1.0,0.0,-0.9793431517078963,1.0,-0.46410667241066167,-0.2128289624261387,0
C000575,-0.5038230137039147,0.0,1.0,0.0,0.0,1.0,1.953797735270828,0.0,-0.46410667241066167,-0.2128289624261387,1
C000576,0.9996212550230227,1.0,1.0,0.0,0.0,0.0,-0.0016295227149882177,0.0,-0.46410667241066167,-0.2128289624261387,0
C000577,1.6316394284454714,1.0,1.0,0.0,0.0,0.0,1.953797735270828,0.0,-0.46410667241066167,-0.2128289624261387,1
C000578,0.5423568093148607,0.0,1.0,0.0,0.0,1.0,-0.9793431517078963,0.0,-0.46410667241066167,-0.2128289624261387,0
C000579,0.46317884689203365,1.0,1.0,0.0,0.0,0.0,-0.0016295227149882177,0.0,-0.46410667241066167,-0.2128289624261387,1
C000580,0.1616935284358845,0.0,0.0,0.0,0.0,1.0,-0.9793431517078963,1.0,-0.46410667241066167,4.698608632023215,0
C000581,-1.700862623114113,0.0,0.0,0.0,1.0,0.0,-0.0016295227149882177,1.0,-0.46410667241066167,-0.2128289624261387,0
C000582,-1.4375607599092084,0.0,1.0,0.0,1.0,0.0,-0.0016295227149882177,0.0,-0.46410667241066167,-0.2128289624261387,0
C000583,0.15443164430834705,0.0,1.0,0.0,0.0,1.0,-0.9793431517078963,0.0,-0.46410667241066167,-0.2128289624261387,0
C000584,-0.11168127081689497,0.0,0.0,0.0,0.0,1.0,-0.0016295227149882177,1.0,2.1546770590601567,-0.2128289624261387,0
C000585,1.6292968851785241,1.0,1.0,0.0,0.0,0.0,-0.0016295227149882177,0.0,-0.46410667241066167,-0.2128289624261387,0
C000586,-1.5560934492167542,0.0,1.0,0.0,1.0,0.0,-0.9793431517078963,0.0,2.1546770590601567,-0.2128289624261387,0
C000587,1.2933761806982453,1.0,1.0,0.0,0.0,0.0,2.931511364263736,0.0,2.1546770590601567,-0.2128289624261387,1
C000588,0.32450028548873894,1.0,0.0,1.0,0.0,0.0,0.9760841062779199,0.0,-0.46410667241066167,-0.2128289624261387,0
C000589,-0.6673325337368539,0.0,1.0,0.0,0.0,1.0,-0.9793431517078963,0.0,-0.46410667241066167,-0.2128289624261387,0
C000590,1.0427240511348577,1.0,1.0,0.0,0.0,0.0,-0.9793431517078963,0.0,-0.46410667241066167,-0.2128289624261387,0
C000591,-1.7580206788276331,0.0,1.0,0.0,1.0,0.0,-0.0016295227149882177,0.0,2.1546770590601567,-0.2128289624261387,0
C000592,-0.5178782733056002,0.0,0.0,0.0,0.0,1.0,-0.0016295227149882177,1.0,-0.46410667241066167,-0.2128289624261387,0
C000593,-2.0091413170444103,0.0,0.0,1.0,1.0,0.0,-0.0016295227149882177,0.0,2.1546770590601567,-0.2128289624261387,0
C000594,1.3130535441406048,1.0,1.0,0.0,0.0,0.0,1.953797735270828,0.0,-0.46410667241066167,-0.2128289624261387,1
C000595,0.2626571432413233,0.0,1.0,0.0,0.0,1.0,-0.0016295227149882177,0.0,-0.46410667241066167,-0.2128289624261387,0
C000596,1.0291373001865616,1.0,1.0,0.0,0.0,0.0,-0.0016295227149882177,0.0,-0.46410667241066167,-0.2128289624261387,0
C000597,0.46739542477253937,1.0,0.0,0.0,0.0,0.0,-0.9793431517078963,1.0,-0.46410667241066167,-0.2128289624261387,0
C000598,-0.614391055903839,0.0,1.0,0.0,0.0,1.0,-0.0016295227149882177,0.0,-0.46410667241066167,-0.2128289624261387,0
C000599,-2.0091413170444103,0.0,0.0,1.0,1.0,0.0,-0.9793431517078963,0.0,-0.46410667241066167,-0.2128289624261387,0
C000600,-0.1496304717414454,0.0,1.0,0.0,0.0,1.0,-0.9793431517078963,0.0,-0.46410667241066167,-0.2128289624261387,0
C000601,0.0082569444508197,0.0,1.0,0.0,0.0,1.0,-0.0016295227149882177,0.0,-0.46410667241066167,-0.2128289624261387,1
C000602,-1.539227137694732,0.0,0.0,0.0,1.0,0.0,0.9760841062779199,1.0,-0.46410667241066167,-0.2128289624261387,0
C000603,0.9377781127756077,1.0,1.0,0.0,0.0,0.0,0.9760841062779199,0.0,2.1546770590601567,-0.2128289624261387,1
C000604,-1.5326680165472788,0.0,1.0,0.0,1.0,0.0,-0.9793431517078963,0.0,-0.46410667241066167,-0.2128289624261387,0
C000605,-0.8819094969892494,0.0,0.0,1.0,0.0,1.0,-0.0016295227149882177,0.0,-0.46410667241066167,-0.2128289624261387,0
C000606,0.1616935284358845,0.0,1.0,0.0,0.0,1.0,-0.0016295227149882177,0.0,-0.46410667241066167,4.698608632023215,0
C000607,0.8061271811731553,1.0,0.0,1.0,0.0,0.0,0.9760841062779199,0.0,2.1546770590601567,-0.2128289624261387,0
C000608,-2.0091413170444103,0.0,1.0,0.0,1.0,0.0,-0.0016295227149882177,0.0,-0.46410667241066167,-0.2128289624261387,0
C000609,-1.7613002394013597,0.0,0.0,0.0,1.0,0.0,0.9760841062779199,1.0,-0.46410667241066167,-0.2128289624261387,0
C000610,0.37884728928192196,1.0,0.0,0.0,0.0,0.0,-0.0016295227149882177,1.0,2.1546770590601567,-0.2128289624261387,0
C000611,1.5655797083175507,1.0,0.0,1.0,0.0,0.0,2.931511364263736,0.0,-0.46410667241066167,-0.2128289624261387,0
C000612,0.14693550585411436,0.0,1.0,0.0,0.0,1.0,1.953797735270828,0.0,-0.46410667241066167,-0.2128289624261387,0
C000613,-0.31782507830827933,0.0,0.0,1.0,0.0,1.0,-0.0016295227149882177,0.0,-0.46410667241066167,-0.2128289624261387,0
C000614,0.594829778494486,1.0,0.0,0.0,0.0,0.0,-0.0016295227149882177,1.0,-0.46410667241066167,-0.2128289624261387,0
C000615,-1.3002877244660818,0.0,0.0,1.0,1.0,0.0,-0.0016295227149882177,0.0,-0.46410667241066167,-0.2128289624261387,0
C000616,-0.19413879381344865,0.0,0.0,0.0,0.0,1.0,-0.9793431517078963,1.0,2.1546770590601567,-0.2128289624261387,0
C000617,1.3688060738939565,1.0,1.0,0.0,0.0,0.0,-0.9793431517078963,0.0,-0.46410667241066167,-0.2128289624261387,1
C000618,0.6936851043596727,1.0,0.0,0.0,0.0,0.0,1.953797735270828,1.0,-0.46410667241066167,-0.2128289624261387,0
C000619,0.27671240284300913,0.0,1.0,0.0,0.0,1.0,-0.0016295227149882177,0.0,2.1546770590601567,-0.2128289624261387,0
C000620,0.5695303112114529,1.0,1.0,0.0,0.0,0.0,2.931511364263736,0.0,-0.46410667241066167,-0.2128289624261387,1
C000621,0.0607299136304447,0.0,0.0,0.0,0.0,1.0,-0.9793431517078963,1.0,-0.46410667241066167,-0.2128289624261387,1
C000622,0.9166952233730796,1.0,0.0,1.0,0.0,0.0,-0.9793431517078963,0.0,-0.46410667241066167,-0.2128289624261387,0
C000623,0.5376717227809659,1.0,0.0,1.0,0.0,0.0,-0.0016295227149882177,0.0,2.1546770590601567,-0.2128289624261387,0
C000624,-0.05405470644998538,0.0,1.0,0.0,0.0,1.0,-0.0016295227149882177,0.0,-0.46410667241066167,-0.2128289624261387,0
C000625,1.1120633318365054,1.0,0.0,0.0,0.0,0.0,0.9760841062779199,1.0,-0.46410667241066167,-0.2128289624261387,0
C000626,-0.7277701500241006,0.0,0.0,0.0,0.0,1.0,-0.9793431517078963,1.0,-0.46410667241066167,-0.2128289624261387,0
C000627,-0.35811682249977717,0.0,1.0,0.0,0.0,1.0,-0.0016295227149882177,0.0,-0.46410667241066167,-0.2128289624261387,0
C000628,0.1616935284358845,0.0,0.0,0.0,0.0,1.0,1.953797735270828,1.0,-0.46410667241066167,4.698608632023215,1
C000629,0.6590154640088491,1.0,0.0,1.0,0.0,0.0,-0.0016295227149882177,0.0,-0.46410667241066167,-0.2128289624261387,0
C000630,-2.0091413170444103,0.0,1.0,0.0,1.0,0.0,-0.0016295227149882177,0.0,-0.46410667241066167,-0.2128289624261387,0
C000631,0.5957667958012649,1.0,1.0,0.0,0.0,0.0,-0.0016295227149882177,0.0,-0.46410667241066167,-0.2128289624261387,0
C000632,0.2354836413447318,1.0,0.0,0.0,0.0,0.0,-0.0016295227149882177,1.0,-0.46410667241066167,-0.2128289624261387,0
C000633,0.6726022149571446,1.0,0.0,1.0,0.0,0.0,0.9760841062779199,0.0,2.1546770590601567,-0.2128289624261387,0
C000634,-0.3520262100057137,0.0,0.0,0.0,0.0,1.0,-0.9793431517078963,1.0,-0.46410667241066167,-0.2128289624261387,0
C000635,-0.4438539060700577,0.0,0.0,1.0,0.0,1.0,-0.9793431517078963,0.0,-0.46410667241066167,-0.2128289624261387,0
C000636,-0.6134540385970603,0.0,0.0,1.0,0.0,1.0,-0.0016295227149882177,0.0,-0.46410667241066167,-0.2128289624261387,0
C000637,-2.0091413170444103,0.0,0.0,0.0,1.0,0.0,0.9760841062779199,1.0,-0.46410667241066167,-0.2128289624261387,0
C000638,-0.1772724822914263,1.0,0.0,0.0,0.0,0.0,-0.0016295227149882177,1.0,-0.46410667241066167,-0.2128289624261387,0
C000639,1.581977511186184,1.0,1.0,0.0,0.0,0.0,-0.0016295227149882177,0.0,-0.46410667241066167,-0.2128289624261387,1
C000640,0.48238770168100403,1.0,1.0,0.0,0.0,0.0,-0.0016295227149882177,0.0,-0.46410667241066167,-0.2128289624261387,0
C000641,0.2509444269065855,1.0,0.0,1.0,0.0,0.0,2.931511364263736,0.0,-0.46410667241066167,-0.2128289624261387,0
C000642,-0.7094983125419096,0.0,1.0,0.0,0.0,1.0,-0.9793431517078963,0.0,-0.46410667241066167,-0.2128289624261387,0
C000643,-0.3937234801573801,1.0,1.0,0.0,0.0,0.0,-0.0016295227149882177,0.0,-0.46410667241066167,-0.2128289624261387,0
C000644,-0.516941255998821,0.0,1.0,0.0,0.0,1.0,-0.9793431517078963,0.0,-0.46410667241066167,-0.2128289624261387,0
C000645,1.1167484183704002,1.0,1.0,0.0,0.0,0.0,-0.0016295227149882177,0.0,-0.46410667241066167,-0.2128289624261387,1
C000646,1.2067020798211863,1.0,0.0,0.0,0.0,0.0,-0.0016295227149882177,1.0,2.1546770590601567,-0.2128289624261387,1
C000647,-0.5441147578954125,0.0,0.0,1.0,0.0,1.0,-0.9793431517078963,0.0,-0.46410667241066167,-0.2128289624261387,0
C000648,0.9405891646959442,1.0,1.0,0.0,0.0,0.0,1.953797735270828,0.0,-0.46410667241066167,-0.2128289624261387,0
C000649,-0.3609278744201143,0.0,0.0,0.0,0.0,1.0,-0.9793431517078963,1.0,-0.46410667241066167,-0.2128289624261387,0
C000650,0.9293449570145962,1.0,1.0,0.0,0.0,0.0,-0.9793431517078963,0.0,-0.46410667241066167,-0.2128289624261387,1
C000651,-0.19226475919989064,0.0,0.0,1.0,0.0,1.0,0.9760841062779199,0.0,-0.46410667241066167,-0.2128289624261387,0
C000652,-0.35624278788621916,0.0,0.0,1.0,0.0,1.0,-0.0016295227149882177,0.0,-0.46410667241066167,-0.2128289624261387,0
C000653,-0.2039774755346284,0.0,1.0,0.0,0.0,1.0,-0.0016295227149882177,0.0,-0.46410667241066167,-0.2128289624261387,1
C000654,-0.1735244130643103,0.0,1.0,0.0,0.0,1.0,0.9760841062779199,0.0,-0.46410667241066167,-0.2128289624261387,0
C000655,1.0328853694136784,1.0,0.0,1.0,0.0,0.0,3.909224993256644,0.0,-0.46410667241066167,-0.2128289624261387,0
C000656,-1.4464624243236088,0.0,1.0,0.0,1.0,0.0,-0.9793431517078963,0.0,-0.46410667241066167,-0.2128289624261387,0
C000657,1.4325232507549297,1.0,0.0,1.0,0.0,0.0,-0.9793431517078963,0.0,2.1546770590601567,-0.2128289624261387,0
C000658,0.4926948920555732,1.0,0.0,1.0,0.0,0.0,-0.0016295227149882177,0.0,-0.46410667241066167,-0.2128289624261387,0
C000659,0.31700414703450697,1.0,0.0,1.0,0.0,0.0,0.9760841062779199,0.0,-0.46410667241066167,-0.2128289624261387,0
C000660,1.11721692702379,1.0,0.0,1.0,0.0,0.0,-0.9793431517078963,0.0,-0.46410667241066167,-0.2128289624261387,0
C000661,-0.5989302703419853,0.0,1.0,0.0,0.0,1.0,-0.9793431517078963,0.0,-0.46410667241066167,-0.2128289624261387,0
C000662,0.9391836387357763,1.0,0.0,0.0,0.0,0.0,-0.9793431517078963,1.0,-0.46410667241066167,-0.2128289624261387,0
C000663,-0.28784052449135067,0.0,1.0,0.0,0.0,1.0,-0.0016295227149882177,0.0,-0.46410667241066167,-0.2128289624261387,0
C000664,-0.07748013911946089,0.0,1.0,0.0,0.0,1.0,0.9760841062779199,0.0,-0.46410667241066167,-0.2128289624261387,0
C000665,1.0572478193899326,1.0,0.0,1.0,0.0,0.0,-0.0016295227149882177,0.0,-0.46410667241066167,-0.2128289624261387,0
C000666,0.9106046108790156,1.0,1.0,0.0,0.0,0.0,-0.9793431517078963,0.0,-0.46410667241066167,-0.2128289624261387,0
C000667,0.4978484872428578,1.0,1.0,0.0,0.0,0.0,-0.0016295227149882177,0.0,-0.46410667241066167,-0.2128289624261387,1
C000668,0.43178876711493636,1.0,0.0,1.0,0.0,0.0,-0.9793431517078963,0.0,2.1546770590601567,-0.2128289624261387,0
C000669,0.9897825733018433,1.0,1.0,0.0,0.0,0.0,0.9760841062779199,0.0,-0.46410667241066167,-0.2128289624261387,0
C000670,-0.2245918562837667,1.0,1.0,0.0,0.0,0.0,-0.9793431517078963,0.0,-0.46410667241066167,-0.2128289624261387,0
C000671,0.5718728544784003,1.0,0.0,1.0,0.0,0.0,0.9760841062779199,0.0,-0.46410667241066167,-0.2128289624261387,0
C000672,-0.5216263425327162,0.0,0.0,1.0,0.0,1.0,-0.9793431517078963,0.0,2.1546770590601567,-0.2128289624261387,0
C000673,0.493631909362352,1.0,0.0,0.0,0.0,0.0,0.9760841062779199,1.0,-0.46410667241066167,-0.2128289624261387,0
C000674,-2.0091413170444103,0.0,0.0,0.0,1.0,0.0,-0.0016295227149882177,1.0,-0.46410667241066167,-0.2128289624261387,0
C000675,-1.6727521039107422,0.0,1.0,0.0,1.0,0.0,-0.0016295227149882177,0.0,2.1546770590601567,-0.2128289624261387,0
C000676,0.18207365485832763,0.0,1.0,0.0,0.0,1.0,-0.0016295227149882177,0.0,-0.46410667241066167,-0.2128289624261387,0
C000677,1.0169560751984348,1.0,1.0,0.0,0.0,0.0,-0.0016295227149882177,0.0,-0.46410667241066167,-0.2128289624261387,1
C000678,-0.1810205515185423,0.0,1.0,0.0,0.0,1.0,-0.9793431517078963,0.0,-0.46410667241066167,-0.2128289624261387,1
C000679,-0.0854447862270823,0.0,1.0,0.0,0.0,1.0,-0.9793431517078963,0.0,-0.46410667241066167,-0.2128289624261387,0
C000680,1.7023842351072878,1.0,1.0,0.0,0.0,0.0,-0.9793431517078963,0.0,-0.46410667241066167,-0.2128289624261387,1
C000681,-0.8425547701045306,0.0,1.0,0.0,0.0,1.0,-0.0016295227149882177,0.0,-0.46410667241066167,-0.2128289624261387,0
C000682,1.452669122850679,1.0,1.0,0.0,0.0,0.0,0.9760841062779199,0.0,-0.46410667241066167,-0.2128289624261387,1
C000683,0.0841553462999202,0.0,0.0,0.0,0.0,1.0,-0.0016295227149882177,1.0,2.1546770590601567,-0.2128289624261387,0
C000684,0.9686996838993153,1.0,0.0,0.0,0.0,0.0,-0.9793431517078963,1.0,-0.46410667241066167,-0.2128289624261387,0
C000685,0.544230843928419,1.0,1.0,0.0,0.0,0.0,-0.0016295227149882177,0.0,-0.46410667241066167,-0.2128289624261387,1
C000686,0.8070641984799342,1.0,0.0,0.0,0.0,0.0,1.953797735270828,1.0,-0.46410667241066167,-0.2128289624261387,0
C000687,1.2006114673271229,1.0,0.0,1.0,0.0,0.0,-0.0016295227149882177,0.0,-0.46410667241066167,-0.2128289624261387,0
C000688,1.074114130911955,1.0,1.0,0.0,0.0,0.0,-0.9793431517078963,0.0,-0.46410667241066167,-0.2128289624261387,0
C000689,0.9260653964408699,1.0,0.0,0.0,0.0,0.0,1.953797735270828,1.0,-0.46410667241066167,-0.2128289624261387,1
C000690,0.1616935284358845,1.0,0.0,1.0,0.0,0.0,1.953797735270828,0.0,-0.46410667241066167,4.698608632023215,0
C000691,-1.8044030355131944,1.0,1.0,0.0,0.0,0.0,-0.0016295227149882177,0.0,2.1546770590601567,-0.2128289624261387,1
C000692,0.9532388983374614,1.0,0.0,0.0,0.0,0.0,-0.9793431517078963,1.0,-0.46410667241066167,-0.2128289624261387,0
C000693,0.1616935284358845,1.0,0.0,0.0,0.0,0.0,4.886938622249552,1.0,-0.46410667241066167,4.698608632023215,1
C000694,-1.2646810668084791,0.0,1.0,0.0,1.0,0.0,-0.9793431517078963,0.0,2.1546770590601567,-0.2128289624261387,0
C000695,0.4987855045496366,1.0,0.0,0.0,0.0,0.0,-0.0016295227149882177,1.0,-0.46410667241066167,-0.2128289624261387,0
C000696,-2.0091413170444103,0.0,0.0,1.0,1.0,0.0,-0.0016295227149882177,0.0,-0.46410667241066167,-0.2128289624261387,0
C000697,0.28046047207012514,1.0,0.0,0.0,0.0,0.0,-0.9793431517078963,1.0,-0.46410667241066167,-0.2128289624261387,0
C000698,-1.6530747404683828,0.0,1.0,0.0,1.0,0.0,1.953797735270828,0.0,-0.46410667241066167,-0.2128289624261387,1
C000699,0.433194293075105,1.0,0.0,0.0,0.0,0.0,-0.0016295227149882177,1.0,-0.46410667241066167,-0.2128289624261387,1
C000700,-0.6785767414182021,0.0,0.0,0.0,0.0,1.0,-0.0016295227149882177,1.0,-0.46410667241066167,-0.2128289624261387,0
C000701,1.6836438889717071,1.0,1.0,0.0,0.0,0.0,-0.0016295227149882177,0.0,-0.46410667241066167,-0.2128289624261387,1
C000702,1.5946272448277006,1.0,1.0,0.0,0.0,0.0,-0.0016295227149882177,0.0,-0.46410667241066167,-0.2128289624261387,1
C000703,0.6754132668774817,1.0,0.0,1.0,0.0,0.0,1.953797735270828,0.0,-0.46410667241066167,-0.2128289624261387,0
C000704,0.5039390997369212,1.0,1.0,0.0,0.0,0.0,0.9760841062779199,0.0,-0.46410667241066167,-0.2128289624261387,0
C000705,-0.30658087062693096,0.0,1.0,0.0,0.0,1.0,0.9760841062779199,0.0,-0.46410667241066167,-0.2128289624261387,0
C000706,-0.32391569080234306,0.0,1.0,0.0,0.0,1.0,-0.9793431517078963,0.0,-0.46410667241066167,-0.2128289624261387,0
C000707,-0.3103289398540473,0.0,1.0,0.0,0.0,1.0,-0.9793431517078963,0.0,-0.46410667241066167,-0.2128289624261387,0
C000708,-0.1679023092236363,1.0,0.0,0.0,0.0,0.0,-0.9793431517078963,1.0,-0.46410667241066167,-0.2128289624261387,0
C000709,0.7916034129180803,1.0,1.0,0.0,0.0,0.0,0.9760841062779199,0.0,-0.46410667241066167,-0.2128289624261387,0
C000710,-0.10793320158977897,0.0,1.0,0.0,0.0,1.0,-0.9793431517078963,0.0,-0.46410667241066167,-0.2128289624261387,1
C000711,1.0094599367442028,1.0,1.0,0.0,0.0,0.0,-0.9793431517078963,0.0,-0.46410667241066167,-0.2128289624261387,1
C000712,-2.0091413170444103,0.0,0.0,1.0,1.0,0.0,-0.0016295227149882177,0.0,-0.46410667241066167,-0.2128289624261387,0
C000713,0.1616935284358845,0.0,1.0,0.0,0.0,1.0,-0.0016295227149882177,0.0,-0.46410667241066167,4.698608632023215,0
C000714,-0.2644150918218751,0.0,0.0,1.0,0.0,1.0,-0.0016295227149882177,0.0,-0.46410667241066167,-0.2128289624261387,0
C000715,0.48894682282845653,1.0,1.0,0.0,0.0,0.0,-0.9793431517078963,0.0,2.1546770590601567,-0.2128289624261387,0
C000716,-0.30189578409303613,1.0,1.0,0.0,0.0,0.0,-0.0016295227149882177,0.0,-0.46410667241066167,-0.2128289624261387,1
C000717,0.8506355032451589,1.0,0.0,0.0,0.0,0.0,0.9760841062779199,1.0,-0.46410667241066167,-0.2128289624261387,0
C000718,-2.0091413170444103,0.0,0.0,0.0,1.0,0.0,-0.9793431517078963,1.0,2.1546770590601567,-0.2128289624261387,1
C000719,1.171563930816973,1.0,0.0,0.0,0.0,0.0,-0.9793431517078963,1.0,-0.46410667241066167,-0.2128289624261387,0
C000720,-1.1283450486721318,0.0,1.0,0.0,0.0,1.0,1.953797735270828,0.0,-0.46410667241066167,-0.2128289624261387,0
C000721,0.8923327733968253,1.0,0.0,1.0,0.0,0.0,-0.9793431517078963,0.0,-0.46410667241066167,-0.2128289624261387,0
C000722,-0.06529891413133339,1.0,0.0,0.0,0.0,0.0,-0.0016295227149882177,1.0,-0.46410667241066167,-0.2128289624261387,0
C000723,0.5976408304148232,1.0,0.0,1.0,0.0,0.0,-0.9793431517078963,0.0,-0.46410667241066167,-0.2128289624261387,0
C000724,-0.23911562453884164,0.0,0.0,1.0,0.0,1.0,-0.9793431517078963,0.0,-0.46410667241066167,-0.2128289624261387,0
C000725,-2.0091413170444103,0.0,0.0,0.0,1.0,0.0,-0.9793431517078963,1.0,-0.46410667241066167,-0.2128289624261387,0
C000726,0.5728098717851792,1.0,0.0,1.0,0.0,0.0,-0.0016295227149882177,0.0,-0.46410667241066167,-0.2128289624261387,0
C000727,-0.694974544286835,0.0,0.0,1.0,0.0,1.0,0.9760841062779199,0.0,-0.46410667241066167,-0.2128289624261387,0
C000728,0.14552997989394612,1.0,0.0,0.0,0.0,0.0,2.931511364263736,1.0,-0.46410667241066167,-0.2128289624261387,0
C000729,0.4692694593860977,1.0,0.0,0.0,0.0,0.0,-0.0016295227149882177,1.0,2.1546770590601567,-0.2128289624261387,0
C000730,0.7438155302723506,1.0,1.0,0.0,0.0,0.0,-0.0016295227149882177,0.0,-0.46410667241066167,-0.2128289624261387,1
C000731,1.4700039430260912,1.0,1.0,0.0,0.0,0.0,-0.0016295227149882177,0.0,-0.46410667241066167,-0.2128289624261387,1
C000732,1.0394444905611309,1.0,0.0,0.0,0.0,0.0,-0.9793431517078963,1.0,-0.46410667241066167,-0.2128289624261387,0
C000733,-0.3206361302286165,0.0,0.0,0.0,0.0,1.0,-0.9793431517078963,1.0,2.1546770590601567,-0.2128289624261387,0
C000734,-0.17680397363803688,0.0,1.0,0.0,0.0,1.0,-0.9793431517078963,0.0,-0.46410667241066167,-0.2128289624261387,0
C000735,-0.1290160909923067,0.0,1.0,0.0,0.0,1.0,0.9760841062779199,0.0,-0.46410667241066167,-0.2128289624261387,0
C000736,0.34277212297092985,0.0,1.0,0.0,0.0,1.0,-0.0016295227149882177,0.0,-0.46410667241066167,-0.2128289624261387,0
C000737,0.8103437590536611,1.0,1.0,0.0,0.0,0.0,-0.0016295227149882177,0.0,-0.46410667241066167,-0.2128289624261387,0
C000738,-1.509711092531193,0.0,0.0,0.0,1.0,0.0,-0.9793431517078963,1.0,-0.46410667241066167,-0.2128289624261387,0
C000739,-0.3913809368904324,0.0,0.0,1.0,0.0,1.0,-0.9793431517078963,0.0,-0.46410667241066167,-0.2128289624261387,0
C000740,-2.0091413170444103,0.0,1.0,0.0,1.0,0.0,-0.9793431517078963,0.0,-0.46410667241066167,-0.2128289624261387,0
C000741,-1.00559578148408,0.0,0.0,1.0,0.0,1.0,-0.0016295227149882177,0.0,-0.46410667241066167,-0.2128289624261387,0
C000742,-0.5056970483174728,0.0,1.0,0.0,0.0,1.0,-0.0016295227149882177,0.0,-0.46410667241066167,-0.2128289624261387,1
C000743,0.0176271175186097,0.0,0.0,0.0,0.0,1.0,-0.9793431517078963,1.0,-0.46410667241066167,-0.2128289624261387,0
C000744,-2.0091413170444103,0.0,1.0,0.0,1.0,0.0,-0.9793431517078963,0.0,-0.46410667241066167,-0.2128289624261387,0
C000745,-0.953122812304455,0.0,0.0,0.0,0.0,1.0,-0.9793431517078963,1.0,2.1546770590601567,-0.2128289624261387,0
C000746,-0.0601453189440488,0.0,1.0,0.0,0.0,1.0,-0.0016295227149882177,0.0,-0.46410667241066167,-0.2128289624261387,0
C000747,1.2291904951838828,1.0,0.0,1.0,0.0,0.0,2.931511364263736,0.0,-0.46410667241066167,-0.2128289624261387,0
C000748,0.5109667295377641,1.0,1.0,0.0,0.0,0.0,-0.9793431517078963,0.0,-0.46410667241066167,-0.2128289624261387,0
C000749,0.10336420108889029,0.0,1.0,0.0,0.0,1.0,0.9760841062779199,0.0,2.1546770590601567,-0.2128289624261387,1
C000750,-0.17024485249058371,1.0,0.0,1.0,0.0,0.0,-0.9793431517078963,0.0,-0.46410667241066167,-0.2128289624261387,0
C000751,-0.1341696861795913,0.0,0.0,0.0,0.0,1.0,-0.9793431517078963,1.0,-0.46410667241066167,-0.2128289624261387,0
C000752,-0.14353985924738163,0.0,1.0,0.0,0.0,1.0,-0.0016295227149882177,0.0,2.1546770590601567,-0.2128289624261387,0
C000753,0.5817115361995797,1.0,0.0,1.0,0.0,0.0,-0.9793431517078963,0.0,-0.46410667241066167,-0.2128289624261387,0
C000754,0.7199215889494853,1.0,1.0,0.0,0.0,0.0,-0.9793431517078963,0.0,-0.46410667241066167,-0.2128289624261387,1
C000755,-0.29346262833202497,0.0,1.0,0.0,0.0,1.0,-0.9793431517078963,0.0,-0.46410667241066167,-0.2128289624261387,0
C000756,1.0816102693661869,1.0,1.0,0.0,0.0,0.0,-0.0016295227149882177,0.0,2.1546770590601567,-0.2128289624261387,1
C000757,0.6121645986698981,1.0,0.0,0.0,0.0,0.0,-0.0016295227149882177,1.0,-0.46410667241066167,-0.2128289624261387,0
C000758,-2.0091413170444103,0.0,0.0,1.0,1.0,0.0,-0.0016295227149882177,0.0,-0.46410667241066167,-0.2128289624261387,1
C000759,0.1616935284358845,0.0,0.0,1.0,0.0,1.0,-0.0016295227149882177,0.0,-0.46410667241066167,4.698608632023215,0
C000760,-0.1679023092236363,1.0,0.0,0.0,0.0,0.0,-0.9793431517078963,1.0,-0.46410667241066167,-0.2128289624261387,0
C000761,-0.8547359950926579,0.0,0.0,1.0,0.0,1.0,-0.0016295227149882177,0.0,-0.46410667241066167,-0.2128289624261387,0
C000762,1.1111263145297259,1.0,0.0,1.0,0.0,0.0,-0.0016295227149882177,0.0,-0.46410667241066167,-0.2128289624261387,0
C000763,0.35589036526583623,0.0,1.0,0.0,0.0,1.0,-0.0016295227149882177,0.0,-0.46410667241066167,-0.2128289624261387,0
C000764,-0.1983553716939544,0.0,0.0,0.0,0.0,1.0,-0.9793431517078963,1.0,2.1546770590601567,-0.2128289624261387,0
C000765,1.0516257155492583,1.0,0.0,1.0,0.0,0.0,-0.0016295227149882177,0.0,-0.46410667241066167,-0.2128289624261387,0
C000766,1.1326777125856438,1.0,1.0,0.0,0.0,0.0,-0.0016295227149882177,0.0,-0.46410667241066167,-0.2128289624261387,1
C000767,0.3647920296802368,0.0,1.0,0.0,0.0,1.0,-0.9793431517078963,0.0,-0.46410667241066167,-0.2128289624261387,0
C000768,0.4697379680394868,1.0,0.0,1.0,0.0,0.0,-0.9793431517078963,0.0,-0.46410667241066167,-0.2128289624261387,0
C000769,-0.12151995253807472,0.0,1.0,0.0,0.0,1.0,-0.9793431517078963,0.0,2.1546770590601567,-0.2128289624261387,1
C000770,-2.0091413170444103,0.0,0.0,0.0,1.0,0.0,-0.0016295227149882177,1.0,-0.46410667241066167,-0.2128289624261387,0
C000771,-1.431938656068534,0.0,0.0,1.0,1.0,0.0,-0.9793431517078963,0.0,-0.46410667241066167,-0.2128289624261387,0
C000772,0.19425487984645512,0.0,0.0,0.0,0.0,1.0,-0.0016295227149882177,1.0,2.1546770590601567,-0.2128289624261387,0
C000773,1.2849430249372344,1.0,0.0,0.0,0.0,0.0,-0.0016295227149882177,1.0,-0.46410667241066167,-0.2128289624261387,0
C000774,1.5801034765726256,1.0,1.0,0.0,0.0,0.0,-0.9793431517078963,0.0,-0.46410667241066167,-0.2128289624261387,1
C000775,-0.5586385261504875,0.0,1.0,0.0,0.0,1.0,-0.9793431517078963,0.0,2.1546770590601567,-0.2128289624261387,0
C000776,0.3076339739667166,1.0,0.0,0.0,0.0,0.0,-0.0016295227149882177,1.0,2.1546770590601567,-0.2128289624261387,0
C000777,0.6927480870528938,1.0,0.0,0.0,0.0,0.0,-0.0016295227149882177,1.0,-0.46410667241066167,-0.2128289624261387,0
C000778,0.16145927410918928,0.0,0.0,0.0,0.0,1.0,1.953797735270828,1.0,2.1546770590601567,-0.2128289624261387,0
C000779,1.39457404983038,1.0,0.0,0.0,0.0,0.0,-0.9793431517078963,1.0,-0.46410667241066167,-0.2128289624261387,1
C000780,-0.6631159558563484,0.0,0.0,1.0,0.0,1.0,-0.9793431517078963,0.0,2.1546770590601567,-0.2128289624261387,0
C000781,-0.394660497464159,0.0,0.0,0.0,0.0,1.0,-0.9793431517078963,1.0,-0.46410667241066167,-0.2128289624261387,0
C000782,0.8318951571095782,1.0,0.0,0.0,0.0,0.0,-0.0016295227149882177,1.0,2.1546770590601567,-0.2128289624261387,1
C000783,-0.5595755434572667,0.0,0.0,1.0,0.0,1.0,-0.9793431517078963,0.0,-0.46410667241066167,-0.2128289624261387,0
C000784,-1.1859716130390414,0.0,1.0,0.0,0.0,1.0,-0.9793431517078963,0.0,-0.46410667241066167,-0.2128289624261387,0
C000785,1.0277317742263932,1.0,1.0,0.0,0.0,0.0,1.953797735270828,0.0,2.1546770590601567,-0.2128289624261387,1
C000786,0.7306972879774443,1.0,0.0,0.0,0.0,0.0,-0.9793431517078963,1.0,-0.46410667241066167,-0.2128289624261387,1
C000787,0.6880630005189983,1.0,0.0,1.0,0.0,0.0,-0.9793431517078963,0.0,-0.46410667241066167,-0.2128289624261387,0
C000788,-1.5200182829057622,0.0,0.0,1.0,1.0,0.0,-0.9793431517078963,0.0,-0.46410667241066167,-0.2128289624261387,0
C000789,0.7011812428139046,1.0,1.0,0.0,0.0,0.0,-0.0016295227149882177,0.0,-0.46410667241066167,-0.2128289624261387,1
C000790,0.8459504167112634,1.0,1.0,0.0,0.0,0.0,-0.9793431517078963,0.0,2.1546770590601567,-0.2128289624261387,1
C000791,0.22939302885066837,1.0,1.0,0.0,0.0,0.0,2.931511364263736,0.0,2.1546770590601567,-0.2128289624261387,1
C000792,0.1616935284358845,1.0,1.0,0.0,0.0,0.0,-0.0016295227149882177,0.0,-0.46410667241066167,4.698608632023215,1
C000793,-2.0091413170444103,0.0,1.0,0.0,1.0,0.0,-0.0016295227149882177,0.0,2.1546770590601567,-0.2128289624261387,0
C000794,1.441424915169331,1.0,1.0,0.0,0.0,0.0,-0.0016295227149882177,0.0,2.1546770590601567,-0.2128289624261387,0
C000795,-0.6696750770038012,0.0,0.0,1.0,0.0,1.0,0.9760841062779199,0.0,-0.46410667241066167,-0.2128289624261387,0
C000796,-1.654011757775162,0.0,0.0,0.0,1.0,0.0,-0.9793431517078963,1.0,-0.46410667241066167,-0.2128289624261387,0
C000797,1.239497685558452,1.0,1.0,0.0,0.0,0.0,-0.9793431517078963,0.0,2.1546770590601567,-0.2128289624261387,1
C000798,-0.5591070348038769,0.0,0.0,0.0,0.0,1.0,-0.0016295227149882177,1.0,-0.46410667241066167,-0.2128289624261387,0
C000799,0.7321028139376128,1.0,1.0,0.0,0.0,0.0,1.953797735270828,0.0,2.1546770590601567,-0.2128289624261387,1
C000800,1.0464721203619738,1.0,1.0,0.0,0.0,0.0,-0.9793431517078963,0.0,-0.46410667241066167,-0.2128289624261387,1
C000801,0.3526108046921093,1.0,0.0,0.0,0.0,0.0,-0.9793431517078963,1.0,-0.46410667241066167,-0.2128289624261387,0
C000802,-0.033908834354236465,0.0,0.0,0.0,0.0,1.0,-0.0016295227149882177,1.0,-0.46410667241066167,-0.2128289624261387,0
C000803,-0.48227161564799725,0.0,0.0,0.0,0.0,1.0,-0.9793431517078963,1.0,-0.46410667241066167,-0.2128289624261387,0
C000804,-1.938865019035984,0.0,1.0,0.0,1.0,0.0,-0.0016295227149882177,0.0,-0.46410667241066167,-0.2128289624261387,0
C000805,0.8862421609027612,0.0,1.0,0.0,0.0,1.0,0.9760841062779199,0.0,-0.46410667241066167,-0.2128289624261387,0
C000806,0.1616935284358845,0.0,1.0,0.0,0.0,1.0,-0.0016295227149882177,0.0,-0.46410667241066167,4.698608632023215,0
C000807,1.1696898962034146,1.0,0.0,0.0,0.0,0.0,-0.0016295227149882177,1.0,-0.46410667241066167,-0.2128289624261387,0
C000808,-1.0440134910620198,0.0,0.0,1.0,0.0,1.0,-0.9793431517078963,0.0,-0.46410667241066167,-0.2128289624261387,0
C000809,0.6023259169487181,1.0,0.0,1.0,0.0,0.0,-0.0016295227149882177,0.0,2.1546770590601567,-0.2128289624261387,0
C000810,-0.10559065832283122,0.0,0.0,1.0,0.0,1.0,-0.9793431517078963,0.0,2.1546770590601567,-0.2128289624261387,0
C000811,0.965888631978978,1.0,1.0,0.0,0.0,0.0,-0.9793431517078963,0.0,-0.46410667241066167,-0.2128289624261387,0
C000812,0.9073250503052893,1.0,0.0,1.0,0.0,0.0,-0.0016295227149882177,0.0,-0.46410667241066167,-0.2128289624261387,0
C000813,-2.0091413170444103,0.0,0.0,1.0,1.0,0.0,-0.0016295227149882177,0.0,2.1546770590601567,-0.2128289624261387,0
C000814,1.5533984833294239,1.0,1.0,0.0,0.0,0.0,-0.9793431517078963,0.0,-0.46410667241066167,-0.2128289624261387,1
C000815,0.4561512170911914,1.0,1.0,0.0,0.0,0.0,-0.9793431517078963,0.0,-0.46410667241066167,-0.2128289624261387,0
C000816,1.0230466876924982,1.0,1.0,0.0,0.0,0.0,1.953797735270828,0.0,2.1546770590601567,-0.2128289624261387,1
C000817,0.9972787117560753,1.0,0.0,0.0,0.0,0.0,-0.0016295227149882177,1.0,-0.46410667241066167,-0.2128289624261387,1
C000818,-0.23161948608460964,0.0,0.0,1.0,0.0,1.0,-0.9793431517078963,0.0,-0.46410667241066167,-0.2128289624261387,0
C000819,1.2409032115186207,1.0,1.0,0.0,0.0,0.0,-0.9793431517078963,0.0,-0.46410667241066167,-0.2128289624261387,1
C000820,-0.21381615725580813,0.0,0.0,1.0,0.0,1.0,-0.9793431517078963,0.0,-0.46410667241066167,-0.2128289624261387,0
C000821,1.0333538780670675,1.0,1.0,0.0,0.0,0.0,-0.0016295227149882177,0.0,-0.46410667241066167,-0.2128289624261387,1
C000822,0.36572904698701564,1.0,0.0,0.0,0.0,0.0,-0.0016295227149882177,1.0,-0.46410667241066167,-0.2128289624261387,1
C000823,1.045535103055195,1.0,1.0,0.0,0.0,0.0,-0.0016295227149882177,0.0,-0.46410667241066167,-0.2128289624261387,1
C000824,0.16145927410918928,1.0,0.0,0.0,0.0,0.0,-0.0016295227149882177,1.0,-0.46410667241066167,-0.2128289624261387,0
C000825,-0.34874664943198713,0.0,1.0,0.0,0.0,1.0,-0.0016295227149882177,0.0,-0.46410667241066167,-0.2128289624261387,0
C000826,0.8754664618748023,1.0,0.0,0.0,0.0,0.0,-0.9793431517078963,1.0,-0.46410667241066167,-0.2128289624261387,0
C000827,-0.11824039196434814,1.0,1.0,0.0,0.0,0.0,-0.9793431517078963,0.0,-0.46410667241066167,-0.2128289624261387,1
C000828,1.4114403613524023,1.0,0.0,0.0,0.0,0.0,-0.9793431517078963,1.0,-0.46410667241066167,-0.2128289624261387,0
C000829,0.08837192418042596,1.0,0.0,1.0,0.0,0.0,-0.0016295227149882177,0.0,-0.46410667241066167,-0.2128289624261387,0
C000830,0.5428253179682505,1.0,1.0,0.0,0.0,0.0,-0.9793431517078963,0.0,-0.46410667241066167,-0.2128289624261387,0
C000831,-0.2817499119972872,0.0,0.0,1.0,0.0,1.0,-0.9793431517078963,0.0,-0.46410667241066167,-0.2128289624261387,0
C000832,-1.6085664183963795,0.0,1.0,0.0,1.0,0.0,-0.0016295227149882177,0.0,2.1546770590601567,-0.2128289624261387,0
C000833,0.024186238666062867,0.0,1.0,0.0,0.0,1.0,-0.0016295227149882177,0.0,-0.46410667241066167,-0.2128289624261387,1
C000834,-0.3304748119497962,0.0,1.0,0.0,0.0,1.0,0.9760841062779199,0.0,-0.46410667241066167,-0.2128289624261387,1
C000835,0.3755677287081957,1.0,1.0,0.0,0.0,0.0,1.953797735270828,0.0,-0.46410667241066167,-0.2128289624261387,0
C000836,0.97338477043321,1.0,1.0,0.0,0.0,0.0,1.953797735270828,0.0,-0.46410667241066167,-0.2128289624261387,1
C000837,-2.0091413170444103,0.0,0.0,1.0,1.0,0.0,-0.0016295227149882177,0.0,-0.46410667241066167,-0.2128289624261387,0
C000838,0.5507899650758722,1.0,1.0,0.0,0.0,0.0,-0.9793431517078963,0.0,-0.46410667241066167,-0.2128289624261387,0
C000839,-0.2330250120447782,0.0,0.0,0.0,0.0,1.0,0.9760841062779199,1.0,-0.46410667241066167,-0.2128289624261387,0
C000840,-1.726630599050536,1.0,0.0,0.0,0.0,0.0,-0.9793431517078963,1.0,-0.46410667241066167,-0.2128289624261387,0
C000841,0.09211999340754196,1.0,0.0,0.0,0.0,0.0,0.9760841062779199,1.0,-0.46410667241066167,-0.2128289624261387,0
C000842,-0.820066354741834,0.0,1.0,0.0,0.0,1.0,0.9760841062779199,0.0,-0.46410667241066167,-0.2128289624261387,0
C000843,-0.18992221593294323,0.0,1.0,0.0,0.0,1.0,0.9760841062779199,0.0,-0.46410667241066167,-0.2128289624261387,0
C000844,0.8496984859383794,1.0,1.0,0.0,0.0,0.0,0.9760841062779199,0.0,-0.46410667241066167,-0.2128289624261387,1
C000845,0.1616935284358845,0.0,0.0,0.0,0.0,1.0,-0.0016295227149882177,1.0,-0.46410667241066167,4.698608632023215,0
C000846,0.5484474218089248,1.0,0.0,1.0,0.0,0.0,-0.9793431517078963,0.0,-0.46410667241066167,-0.2128289624261387,0
C000847,-0.13463819483298106,1.0,1.0,0.0,0.0,0.0,0.9760841062779199,0.0,-0.46410667241066167,-0.2128289624261387,0
C000848,0.4060207911785135,1.0,1.0,0.0,0.0,0.0,-0.0016295227149882177,0.0,-0.46410667241066167,-0.2128289624261387,0
C000849,-0.6874784058326028,0.0,0.0,1.0,0.0,1.0,-0.9793431517078963,0.0,2.1546770590601567,-0.2128289624261387,1
C000850,-0.5309965156005065,0.0,1.0,0.0,0.0,1.0,1.953797735270828,0.0,2.1546770590601567,-0.2128289624261387,0
C000851,-0.5951822011148693,0.0,0.0,0.0,0.0,1.0,1.953797735270828,1.0,-0.46410667241066167,-0.2128289624261387,1
C000852,0.6857204572520509,1.0,0.0,1.0,0.0,0.0,1.953797735270828,0.0,-0.46410667241066167,-0.2128289624261387,1
C000853,-0.15618959288889855,0.0,1.0,0.0,0.0,1.0,0.9760841062779199,0.0,-0.46410667241066167,-0.2128289624261387,0
C000854,-0.2723797389294969,0.0,1.0,0.0,0.0,1.0,0.9760841062779199,0.0,-0.46410667241066167,-0.2128289624261387,0
C000855,0.9677626665925364,1.0,1.0,0.0,0.0,0.0,-0.0016295227149882177,0.0,-0.46410667241066167,-0.2128289624261387,1
C000856,-0.32016762157522705,0.0,0.0,0.0,0.0,1.0,0.9760841062779199,1.0,-0.46410667241066167,-0.2128289624261387,0
C000857,0.1616935284358845,1.0,0.0,1.0,0.0,0.0,0.9760841062779199,0.0,2.1546770590601567,4.698608632023215,0
C000858,-0.9676465805595299,0.0,0.0,0.0,0.0,1.0,0.9760841062779199,1.0,-0.46410667241066167,-0.2128289624261387,0
C000859,-1.5738967780455557,0.0,1.0,0.0,1.0,0.0,0.9760841062779199,0.0,-0.46410667241066167,-0.2128289624261387,0
C000860,-0.1463509111677188,0.0,1.0,0.0,0.0,1.0,-0.0016295227149882177,0.0,2.1546770590601567,-0.2128289624261387,0
C000861,-0.6888839317927713,0.0,0.0,0.0,0.0,1.0,-0.0016295227149882177,1.0,-0.46410667241066167,-0.2128289624261387,0
C000862,0.6571414293952907,1.0,0.0,0.0,0.0,0.0,-0.0016295227149882177,1.0,2.1546770590601567,-0.2128289624261387,1
C000863,0.7269492187503283,1.0,1.0,0.0,0.0,0.0,-0.0016295227149882177,0.0,-0.46410667241066167,-0.2128289624261387,1
C000864,0.5840540794665271,1.0,0.0,0.0,0.0,0.0,2.931511364263736,1.0,-0.46410667241066167,-0.2128289624261387,1
C000865,-0.2887775417981298,0.0,0.0,0.0,0.0,1.0,-0.0016295227149882177,1.0,-0.46410667241066167,-0.2128289624261387,0
C000866,1.326640295088901,1.0,1.0,0.0,0.0,0.0,-0.9793431517078963,0.0,-0.46410667241066167,-0.2128289624261387,1
C000867,0.8646907628468441,1.0,0.0,0.0,0.0,0.0,-0.9793431517078963,1.0,-0.46410667241066167,-0.2128289624261387,0
C000868,-2.0091413170444103,0.0,1.0,0.0,1.0,0.0,0.9760841062779199,0.0,-0.46410667241066167,-0.2128289624261387,0
C000869,0.1616935284358845,1.0,1.0,0.0,0.0,0.0,-0.0016295227149882177,0.0,-0.46410667241066167,4.698608632023215,0
C000870,0.9902510819552324,1.0,1.0,0.0,0.0,0.0,0.9760841062779199,0.0,-0.46410667241066167,-0.2128289624261387,1
C000871,0.836580243643473,1.0,0.0,0.0,0.0,0.0,-0.0016295227149882177,1.0,2.1546770590601567,-0.2128289624261387,1
C000872,0.1616935284358845,0.0,0.0,0.0,0.0,1.0,-0.9793431517078963,1.0,-0.46410667241066167,4.698608632023215,0
C000873,-0.41012128302601275,1.0,0.0,0.0,0.0,0.0,-0.0016295227149882177,1.0,2.1546770590601567,-0.2128289624261387,0
C000874,-0.3773256772887472,0.0,1.0,0.0,0.0,1.0,-0.0016295227149882177,0.0,-0.46410667241066167,-0.2128289624261387,1
C000875,0.20924715675491912,1.0,0.0,0.0,0.0,0.0,1.953797735270828,1.0,-0.46410667241066167,-0.2128289624261387,0
C000876,0.1616935284358845,0.0,1.0,0.0,1.0,0.0,-0.0016295227149882177,0.0,2.1546770590601567,4.698608632023215,0
C000877,0.44396999210306387,1.0,1.0,0.0,0.0,0.0,0.9760841062779199,0.0,-0.46410667241066167,-0.2128289624261387,1
C000878,0.8843681262892036,1.0,0.0,0.0,0.0,0.0,0.9760841062779199,1.0,2.1546770590601567,-0.2128289624261387,1
C000879,0.08368683764653079,0.0,1.0,0.0,0.0,1.0,1.953797735270828,0.0,-0.46410667241066167,-0.2128289624261387,0
C000880,-1.586078003033683,0.0,1.0,0.0,1.0,0.0,-0.0016295227149882177,0.0,-0.46410667241066167,-0.2128289624261387,0
C000881,0.9476167944967872,1.0,1.0,0.0,0.0,0.0,-0.0016295227149882177,0.0,-0.46410667241066167,-0.2128289624261387,0
C000882,1.7501721177530176,1.0,0.0,0.0,0.0,0.0,-0.9793431517078963,1.0,-0.46410667241066167,-0.2128289624261387,0
C000883,0.5648452246775574,1.0,0.0,1.0,0.0,0.0,-0.0016295227149882177,0.0,-0.46410667241066167,-0.2128289624261387,0
C000884,-2.0091413170444103,0.0,0.0,0.0,1.0,0.0,-0.9793431517078963,1.0,2.1546770590601567,-0.2128289624261387,0
C000885,-1.02480463627305,0.0,1.0,0.0,0.0,1.0,-0.0016295227149882177,0.0,2.1546770590601567,-0.2128289624261387,0
C000886,0.4706749853462663,0.0,1.0,0.0,0.0,1.0,-0.0016295227149882177,0.0,-0.46410667241066167,-0.2128289624261387,0
C000887,-1.8582815306529883,0.0,1.0,0.0,1.0,0.0,-0.0016295227149882177,0.0,-0.46410667241066167,-0.2128289624261387,0
C000888,-0.30564385332015215,0.0,1.0,0.0,0.0,1.0,-0.0016295227149882177,0.0,-0.46410667241066167,-0.2128289624261387,0
C000889,-0.41340084359973933,0.0,0.0,0.0,0.0,1.0,-0.9793431517078963,1.0,-0.46410667241066167,-0.2128289624261387,0
C000890,1.243245754785568,1.0,1.0,0.0,0.0,0.0,-0.0016295227149882177,0.0,-0.46410667241066167,-0.2128289624261387,0
C000891,1.1411108683466546,1.0,1.0,0.0,0.0,0.0,-0.0016295227149882177,0.0,-0.46410667241066167,-0.2128289624261387,1
C000892,0.8136233196273873,1.0,0.0,0.0,0.0,0.0,-0.9793431517078963,1.0,-0.46410667241066167,-0.2128289624261387,0
C000893,0.4983169958962469,1.0,1.0,0.0,0.0,0.0,-0.9793431517078963,0.0,-0.46410667241066167,-0.2128289624261387,0
C000894,-1.7374062980784948,0.0,0.0,1.0,1.0,0.0,-0.9793431517078963,0.0,-0.46410667241066167,-0.2128289624261387,0
C000895,-1.1128842631102778,0.0,0.0,0.0,0.0,1.0,-0.9793431517078963,1.0,-0.46410667241066167,-0.2128289624261387,0
C000896,-0.5422407232818546,0.0,0.0,0.0,0.0,1.0,-0.0016295227149882177,1.0,-0.46410667241066167,-0.2128289624261387,0
C000897,-0.09012987276097748,0.0,0.0,1.0,0.0,1.0,-0.9793431517078963,0.0,-0.46410667241066167,-0.2128289624261387,0
C000898,0.3854064104293751,0.0,0.0,0.0,0.0,1.0,-0.9793431517078963,1.0,-0.46410667241066167,-0.2128289624261387,1
C000899,0.2635941605481028,0.0,0.0,0.0,0.0,1.0,-0.0016295227149882177,1.0,-0.46410667241066167,-0.2128289624261387,1
C000900,1.2273164605703246,1.0,0.0,0.0,0.0,0.0,-0.9793431517078963,1.0,-0.46410667241066167,-0.2128289624261387,0
C000901,-1.4239740089609125,0.0,1.0,0.0,1.0,0.0,-0.0016295227149882177,0.0,-0.46410667241066167,-0.2128289624261387,0
C000902,0.14037638470666153,1.0,0.0,1.0,0.0,0.0,-0.9793431517078963,0.0,-0.46410667241066167,-0.2128289624261387,0
C000903,0.1511520837346201,1.0,1.0,0.0,0.0,0.0,0.9760841062779199,0.0,-0.46410667241066167,-0.2128289624261387,0
C000904,-0.908145981579062,0.0,1.0,0.0,0.0,1.0,-0.0016295227149882177,0.0,-0.46410667241066167,-0.2128289624261387,0
C000905,0.5999833736817707,1.0,1.0,0.0,0.0,0.0,-0.0016295227149882177,0.0,-0.46410667241066167,-0.2128289624261387,0
C000906,0.16192778276257905,1.0,0.0,1.0,0.0,0.0,-0.0016295227149882177,0.0,2.1546770590601567,-0.2128289624261387,0
C000907,-1.8545334614258724,0.0,1.0,0.0,1.0,0.0,-0.0016295227149882177,0.0,-0.46410667241066167,-0.2128289624261387,0
C000908,1.545433836221802,1.0,0.0,1.0,0.0,0.0,-0.0016295227149882177,0.0,2.1546770590601567,-0.2128289624261387,0
C000909,0.8094067417468815,1.0,1.0,0.0,0.0,0.0,2.931511364263736,0.0,-0.46410667241066167,-0.2128289624261387,1
C000910,0.1994084750337397,0.0,0.0,1.0,0.0,1.0,-0.9793431517078963,0.0,-0.46410667241066167,-0.2128289624261387,0
C000911,0.5217424285657224,1.0,1.0,0.0,0.0,0.0,-0.0016295227149882177,0.0,2.1546770590601567,-0.2128289624261387,0
C000912,0.9672941579391466,1.0,1.0,0.0,0.0,0.0,-0.9793431517078963,0.0,2.1546770590601567,-0.2128289624261387,1
C000913,-2.0091413170444103,1.0,0.0,0.0,0.0,0.0,0.9760841062779199,1.0,-0.46410667241066167,-0.2128289624261387,0
C000914,0.44209595748950553,1.0,1.0,0.0,0.0,0.0,-0.0016295227149882177,0.0,-0.46410667241066167,-0.2128289624261387,0
C000915,-0.05780277567710138,0.0,1.0,0.0,0.0,1.0,-0.0016295227149882177,0.0,2.1546770590601567,-0.2128289624261387,0
C000916,-1.9187191469402352,0.0,1.0,0.0,1.0,0.0,-0.9793431517078963,0.0,-0.46410667241066167,-0.2128289624261387,0
C000917,-1.9927435141757777,0.0,1.0,0.0,1.0,0.0,-0.0016295227149882177,0.0,-0.46410667241066167,-0.2128289624261387,1
C000918,0.1616935284358845,1.0,0.0,1.0,0.0,0.0,-0.9793431517078963,0.0,-0.46410667241066167,4.698608632023215,0
C000919,0.8782775137951395,1.0,0.0,0.0,0.0,0.0,-0.0016295227149882177,1.0,2.1546770590601567,-0.2128289624261387,0
C000920,0.6871259832122195,1.0,0.0,0.0,0.0,0.0,-0.0016295227149882177,1.0,2.1546770590601567,-0.2128289624261387,1
C000921,-0.3628019090336723,0.0,1.0,0.0,0.0,1.0,-0.0016295227149882177,0.0,-0.46410667241066167,-0.2128289624261387,0
C000922,-1.146148377500933,0.0,1.0,0.0,0.0,1.0,-0.0016295227149882177,0.0,-0.46410667241066167,-0.2128289624261387,0
C000923,-2.0091413170444103,0.0,0.0,1.0,1.0,0.0,-0.9793431517078963,0.0,-0.46410667241066167,-0.2128289624261387,0
C000924,0.49082085744201487,1.0,0.0,1.0,0.0,0.0,1.953797735270828,0.0,-0.46410667241066167,-0.2128289624261387,0
C000925,0.7616188591011517,1.0,0.0,0.0,0.0,0.0,-0.0016295227149882177,1.0,-0.46410667241066167,-0.2128289624261387,1
C000926,0.1616935284358845,0.0,0.0,0.0,0.0,1.0,1.953797735270828,1.0,-0.46410667241066167,4.698608632023215,1
C000927,-0.08497627757369289,0.0,1.0,0.0,0.0,1.0,-0.0016295227149882177,0.0,2.1546770590601567,-0.2128289624261387,1
C000928,1.2268479519169349,1.0,1.0,0.0,0.0,0.0,-0.9793431517078963,0.0,-0.46410667241066167,-0.2128289624261387,0
C000929,0.5086241862708161,1.0,0.0,0.0,0.0,0.0,-0.0016295227149882177,1.0,-0.46410667241066167,-0.2128289624261387,0
C000930,0.8586001503527799,1.0,1.0,0.0,0.0,0.0,-0.9793431517078963,0.0,-0.46410667241066167,-0.2128289624261387,1
C000931,0.6412121351800473,1.0,1.0,0.0,0.0,0.0,0.9760841062779199,0.0,-0.46410667241066167,-0.2128289624261387,1
C000932,0.1616935284358845,1.0,0.0,0.0,0.0,0.0,1.953797735270828,1.0,-0.46410667241066167,4.698608632023215,0
C000933,-2.0091413170444103,0.0,1.0,0.0,1.0,0.0,-0.0016295227149882177,0.0,2.1546770590601567,-0.2128289624261387,1
C000934,0.39993017868445,1.0,0.0,1.0,0.0,0.0,-0.0016295227149882177,0.0,-0.46410667241066167,-0.2128289624261387,0
C000935,-1.794564353792015,0.0,1.0,0.0,1.0,0.0,-0.0016295227149882177,0.0,-0.46410667241066167,-0.2128289624261387,0
C000936,1.3261717864355111,1.0,0.0,0.0,0.0,0.0,-0.9793431517078963,1.0,-0.46410667241066167,-0.2128289624261387,1
C000937,0.4570882343979702,1.0,1.0,0.0,0.0,0.0,-0.9793431517078963,0.0,2.1546770590601567,-0.2128289624261387,1
C000938,0.9096675935722367,1.0,0.0,0.0,0.0,0.0,-0.0016295227149882177,1.0,-0.46410667241066167,-0.2128289624261387,0
C000939,0.9565184589111877,1.0,1.0,0.0,0.0,0.0,-0.0016295227149882177,0.0,-0.46410667241066167,-0.2128289624261387,0
C000940,-0.9203272065671891,0.0,1.0,0.0,0.0,1.0,-0.0016295227149882177,0.0,2.1546770590601567,-0.2128289624261387,0
C000941,1.2104501490483022,1.0,0.0,0.0,0.0,0.0,0.9760841062779199,1.0,-0.46410667241066167,-0.2128289624261387,0
C000942,-1.2403186168322247,0.0,0.0,1.0,1.0,0.0,-0.0016295227149882177,0.0,-0.46410667241066167,-0.2128289624261387,0
C000943,-0.4996064358234093,0.0,0.0,0.0,0.0,1.0,-0.0016295227149882177,1.0,-0.46410667241066167,-0.2128289624261387,0
C000944,1.3205496825948368,1.0,1.0,0.0,0.0,0.0,-0.9793431517078963,0.0,-0.46410667241066167,-0.2128289624261387,1
C000945,0.22892452019727863,1.0,1.0,0.0,0.0,0.0,2.931511364263736,0.0,-0.46410667241066167,-0.2128289624261387,1
C000946,1.1350202558525913,1.0,1.0,0.0,0.0,0.0,-0.0016295227149882177,0.0,2.1546770590601567,-0.2128289624261387,1
C000947,-0.8083536384070963,0.0,1.0,0.0,0.0,1.0,-0.9793431517078963,0.0,-0.46410667241066167,-0.2128289624261387,0
C000948,0.13709682413293495,0.0,1.0,0.0,0.0,1.0,0.9760841062779199,0.0,2.1546770590601567,-0.2128289624261387,0
C000949,0.23126706346422604,0.0,0.0,1.0,0.0,1.0,-0.9793431517078963,0.0,2.1546770590601567,-0.2128289624261387,0
C000950,0.3783787806285322,1.0,1.0,0.0,0.0,0.0,-0.0016295227149882177,0.0,-0.46410667241066167,-0.2128289624261387,1
C000951,-2.0091413170444103,0.0,1.0,0.0,1.0,0.0,-0.0016295227149882177,0.0,-0.46410667241066167,-0.2128289624261387,0
C000952,-1.0697814669984431,0.0,1.0,0.0,1.0,0.0,-0.9793431517078963,0.0,-0.46410667241066167,-0.2128289624261387,0
C000953,0.38493790177598536,0.0,1.0,0.0,0.0,1.0,-0.9793431517078963,0.0,2.1546770590601567,-0.2128289624261387,0
C000954,1.8209169244148338,1.0,1.0,0.0,0.0,0.0,1.953797735270828,0.0,2.1546770590601567,-0.2128289624261387,1
C000955,1.0619329059238274,1.0,1.0,0.0,0.0,0.0,-0.0016295227149882177,0.0,-0.46410667241066167,-0.2128289624261387,1
C000956,1.4835906939743866,1.0,1.0,0.0,0.0,0.0,0.9760841062779199,0.0,-0.46410667241066167,-0.2128289624261387,1
C000957,0.4772341064937188,1.0,0.0,0.0,0.0,0.0,-0.0016295227149882177,1.0,-0.46410667241066167,-0.2128289624261387,0
C000958,0.1616935284358845,1.0,0.0,1.0,0.0,0.0,-0.0016295227149882177,0.0,-0.46410667241066167,4.698608632023215,0
C000959,1.403007205591391,1.0,1.0,0.0,0.0,0.0,-0.0016295227149882177,0.0,-0.46410667241066167,-0.2128289624261387,1
C000960,1.521539894898937,1.0,1.0,0.0,0.0,0.0,-0.9793431517078963,0.0,2.1546770590601567,-0.2128289624261387,0
C000961,0.1616935284358845,1.0,0.0,0.0,0.0,0.0,0.9760841062779199,1.0,-0.46410667241066167,4.698608632023215,0
C000962,-1.6821222769785324,0.0,1.0,0.0,1.0,0.0,-0.9793431517078963,0.0,-0.46410667241066167,-0.2128289624261387,0
C000963,0.2968582749387577,0.0,1.0,0.0,0.0,1.0,-0.9793431517078963,0.0,2.1546770590601567,-0.2128289624261387,0
C000964,1.4582912266913532,1.0,1.0,0.0,0.0,0.0,-0.0016295227149882177,0.0,-0.46410667241066167,-0.2128289624261387,1
C000965,-0.7821171538172839,0.0,0.0,1.0,0.0,1.0,-0.9793431517078963,0.0,-0.46410667241066167,-0.2128289624261387,0
C000966,-2.0091413170444103,0.0,0.0,0.0,1.0,0.0,-0.9793431517078963,1.0,-0.46410667241066167,-0.2128289624261387,0
C000967,1.2268479519169349,1.0,1.0,0.0,0.0,0.0,-0.9793431517078963,0.0,-0.46410667241066167,-0.2128289624261387,1
C000968,0.7798906965833426,1.0,1.0,0.0,0.0,0.0,-0.0016295227149882177,0.0,-0.46410667241066167,-0.2128289624261387,1
C000969,0.692279578399504,1.0,0.0,1.0,0.0,0.0,-0.9793431517078963,0.0,2.1546770590601567,-0.2128289624261387,0
C000970,0.3905600056166597,1.0,1.0,0.0,0.0,0.0,1.953797735270828,0.0,-0.46410667241066167,-0.2128289624261387,1
C000971,-1.7781665509233822,0.0,1.0,0.0,1.0,0.0,-0.9793431517078963,0.0,-0.46410667241066167,-0.2128289624261387,1
C000972,-1.5354790684676158,0.0,0.0,0.0,1.0,0.0,-0.9793431517078963,1.0,-0.46410667241066167,-0.2128289624261387,0
C000973,0.9523018810306819,1.0,0.0,1.0,0.0,0.0,-0.0016295227149882177,0.0,-0.46410667241066167,-0.2128289624261387,0
C000974,-0.24239518511256822,0.0,1.0,0.0,0.0,1.0,-0.0016295227149882177,0.0,-0.46410667241066167,-0.2128289624261387,1
C000975,0.7794221879299529,1.0,1.0,0.0,0.0,0.0,1.953797735270828,0.0,-0.46410667241066167,-0.2128289624261387,0
C000976,-0.22552887359054588,0.0,1.0,0.0,0.0,1.0,-0.9793431517078963,0.0,-0.46410667241066167,-0.2128289624261387,0
C000977,-1.4844116252481594,0.0,0.0,1.0,1.0,0.0,-0.9793431517078963,0.0,-0.46410667241066167,-0.2128289624261387,0
C000978,-0.6841988452588762,0.0,1.0,0.0,0.0,1.0,-0.0016295227149882177,0.0,-0.46410667241066167,-0.2128289624261387,0
C000979,0.39618210945733406,1.0,1.0,0.0,0.0,0.0,-0.0016295227149882177,0.0,-0.46410667241066167,-0.2128289624261387,1
C000980,0.5536010169962093,1.0,0.0,0.0,0.0,0.0,-0.9793431517078963,1.0,-0.46410667241066167,-0.2128289624261387,0
C000981,-1.877490385441958,0.0,0.0,1.0,1.0,0.0,-0.0016295227149882177,0.0,-0.46410667241066167,-0.2128289624261387,0
C000982,-2.0091413170444103,0.0,0.0,0.0,1.0,0.0,-0.0016295227149882177,1.0,-0.46410667241066167,-0.2128289624261387,0
C000983,0.05651333574993928,0.0,1.0,0.0,0.0,1.0,-0.0016295227149882177,0.0,-0.46410667241066167,-0.2128289624261387,0
C000984,-2.0091413170444103,0.0,1.0,0.0,1.0,0.0,-0.0016295227149882177,0.0,-0.46410667241066167,-0.2128289624261387,0
C000985,0.48473024494795147,1.0,1.0,0.0,0.0,0.0,-0.9793431517078963,0.0,-0.46410667241066167,-0.2128289624261387,1
C000986,0.5681247852512843,1.0,0.0,0.0,0.0,0.0,0.9760841062779199,1.0,-0.46410667241066167,-0.2128289624261387,1
C000987,-1.5968537020616418,0.0,1.0,0.0,1.0,0.0,-0.0016295227149882177,0.0,-0.46410667241066167,-0.2128289624261387,0
C000988,0.9026399637713944,1.0,0.0,1.0,0.0,0.0,-0.9793431517078963,0.0,-0.46410667241066167,-0.2128289624261387,0
C000989,0.3624494864132894,1.0,0.0,1.0,0.0,0.0,-0.0016295227149882177,0.0,-0.46410667241066167,-0.2128289624261387,0
C000990,2.1249790404646256,1.0,0.0,0.0,0.0,0.0,-0.0016295227149882177,1.0,-0.46410667241066167,-0.2128289624261387,0
C000991,1.225442425956767,1.0,1.0,0.0,0.0,0.0,-0.0016295227149882177,0.0,2.1546770590601567,-0.2128289624261387,1
C000992,0.94480574257645,1.0,0.0,1.0,0.0,0.0,-0.0016295227149882177,0.0,2.1546770590601567,-0.2128289624261387,0
C000993,0.09493104532787879,0.0,0.0,0.0,0.0,1.0,-0.0016295227149882177,1.0,-0.46410667241066167,-0.2128289624261387,0
C000994,-0.7062187519681831,0.0,0.0,0.0,0.0,1.0,-0.0016295227149882177,1.0,-0.46410667241066167,-0.2128289624261387,1
C000995,0.7836387658104587,1.0,1.0,0.0,0.0,0.0,0.9760841062779199,0.0,-0.46410667241066167,-0.2128289624261387,1
C000996,1.03101133480012,1.0,0.0,0.0,0.0,0.0,-0.0016295227149882177,1.0,-0.46410667241066167,-0.2128289624261387,1
C000997,0.1616935284358845,0.0,0.0,1.0,0.0,1.0,-0.0016295227149882177,0.0,-0.46410667241066167,4.698608632023215,1
C000998,-1.7280361250107046,0.0,1.0,0.0,1.0,0.0,-0.9793431517078963,0.0,-0.46410667241066167,-0.2128289624261387,0
C000999,1.1153428924102315,1.0,1.0,0.0,0.0,0.0,0.9760841062779199,0.0,-0.46410667241066167,-0.2128289624261387,1
C001000,-0.06904698335844972,0.0,1.0,0.0,0.0,1.0,1.953797735270828,0.0,-0.46410667241066167,-0.2128289624261387,1
C001001,0.1616935284358845,0.0,0.0,1.0,0.0,1.0,-0.9793431517078963,0.0,-0.46410667241066167,4.698608632023215,0
C001002,0.45755674305135996,1.0,1.0,0.0,0.0,0.0,0.9760841062779199,0.0,-0.46410667241066167,-0.2128289624261387,0
C001003,-0.9535913209578444,0.0,0.0,0.0,0.0,1.0,-0.0016295227149882177,1.0,-0.46410667241066167,-0.2128289624261387,0
C001004,1.492492358388787,1.0,0.0,0.0,0.0,0.0,-0.9793431517078963,1.0,-0.46410667241066167,-0.2128289624261387,1
C001005,0.8820255830222554,1.0,0.0,0.0,0.0,0.0,1.953797735270828,1.0,-0.46410667241066167,-0.2128289624261387,0
C001006,1.3744281777346308,1.0,1.0,0.0,0.0,0.0,-0.0016295227149882177,0.0,-0.46410667241066167,-0.2128289624261387,0
C001007,-0.5970562357284274,0.0,0.0,1.0,0.0,1.0,0.9760841062779199,0.0,-0.46410667241066167,-0.2128289624261387,0
C001008,-0.1355752121397599,0.0,1.0,0.0,0.0,1.0,-0.0016295227149882177,0.0,-0.46410667241066167,-0.2128289624261387,1
C001009,-1.946361157490216,0.0,0.0,1.0,1.0,0.0,-0.9793431517078963,0.0,-0.46410667241066167,-0.2128289624261387,0
C001010,-1.2426611600991722,0.0,1.0,0.0,1.0,0.0,-0.9793431517078963,0.0,-0.46410667241066167,-0.2128289624261387,0
C001011,1.0099284453975919,1.0,0.0,0.0,0.0,0.0,2.931511364263736,1.0,2.1546770590601567,-0.2128289624261387,1
C001012,-1.7097642875285135,0.0,1.0,0.0,1.0,0.0,-0.0016295227149882177,0.0,-0.46410667241066167,-0.2128289624261387,0
C001013,0.637932574606321,1.0,1.0,0.0,0.0,0.0,-0.0016295227149882177,0.0,-0.46410667241066167,-0.2128289624261387,0
C001014,0.4926948920555732,1.0,0.0,1.0,0.0,0.0,-0.9793431517078963,0.0,-0.46410667241066167,-0.2128289624261387,0
C001015,1.0731771136051762,1.0,1.0,0.0,0.0,0.0,-0.0016295227149882177,0.0,-0.46410667241066167,-0.2128289624261387,1
C001016,1.2343440903711675,1.0,1.0,0.0,0.0,0.0,0.9760841062779199,0.0,-0.46410667241066167,-0.2128289624261387,1
C001017,-2.0091413170444103,0.0,0.0,0.0,1.0,0.0,1.953797735270828,1.0,-0.46410667241066167,-0.2128289624261387,0
C001018,1.3200811739414477,1.0,1.0,0.0,0.0,0.0,3.909224993256644,0.0,2.1546770590601567,-0.2128289624261387,1
C001019,0.4659898988123708,1.0,0.0,0.0,0.0,0.0,0.9760841062779199,1.0,-0.46410667241066167,-0.2128289624261387,0
C001020,-0.0760746131592923,0.0,0.0,1.0,0.0,1.0,-0.9793431517078963,0.0,-0.46410667241066167,-0.2128289624261387,1
C001021,-1.3902413859168679,0.0,1.0,0.0,1.0,0.0,1.953797735270828,0.0,-0.46410667241066167,-0.2128289624261387,0
C001022,1.1710954221635832,1.0,0.0,1.0,0.0,0.0,1.953797735270828,0.0,-0.46410667241066167,-0.2128289624261387,0
C001023,-2.0091413170444103,0.0,1.0,0.0,1.0,0.0,0.9760841062779199,0.0,-0.46410667241066167,-0.2128289624261387,0
C001024,0.28748810187096735,0.0,1.0,0.0,0.0,1.0,-0.9793431517078963,0.0,-0.46410667241066167,-0.2128289624261387,0
C001025,-0.2794073687303395,0.0,1.0,0.0,0.0,1.0,-0.9793431517078963,0.0,2.1546770590601567,-0.2128289624261387,0
C001026,-0.010483401684760968,0.0,1.0,0.0,0.0,1.0,-0.9793431517078963,0.0,-0.46410667241066167,-0.2128289624261387,0
C001027,0.1616935284358845,0.0,0.0,0.0,0.0,1.0,-0.9793431517078963,1.0,2.1546770590601567,4.698608632023215,0
C001028,-0.23255650339138847,0.0,1.0,0.0,0.0,1.0,-0.0016295227149882177,0.0,-0.46410667241066167,-0.2128289624261387,0
C001029,0.8543835724722749,1.0,0.0,1.0,0.0,0.0,-0.0016295227149882177,0.0,-0.46410667241066167,-0.2128289624261387,0
C001030,-0.3820107638226424,0.0,0.0,0.0,0.0,1.0,-0.0016295227149882177,1.0,-0.46410667241066167,-0.2128289624261387,0
C001031,0.48894682282845653,1.0,1.0,0.0,0.0,0.0,-0.0016295227149882177,0.0,2.1546770590601567,-0.2128289624261387,0
C001032,0.9785383656204947,1.0,0.0,0.0,0.0,0.0,1.953797735270828,1.0,-0.46410667241066167,-0.2128289624261387,1
C001033,-1.4342811993354818,0.0,1.0,0.0,1.0,0.0,-0.9793431517078963,0.0,-0.46410667241066167,-0.2128289624261387,0
C001034,-0.16602827461007796,0.0,1.0,0.0,0.0,1.0,-0.9793431517078963,0.0,2.1546770590601567,-0.2128289624261387,0
C001035,-0.5192837992657688,0.0,0.0,1.0,0.0,1.0,-0.9793431517078963,0.0,2.1546770590601567,-0.2128289624261387,1
C001036,1.3303883643160168,1.0,0.0,1.0,0.0,0.0,0.9760841062779199,0.0,-0.46410667241066167,-0.2128289624261387,0
C001037,-0.5417722146284651,0.0,1.0,0.0,0.0,1.0,-0.9793431517078963,0.0,-0.46410667241066167,-0.2128289624261387,1
C001038,0.804253146559597,1.0,1.0,0.0,0.0,0.0,1.953797735270828,0.0,2.1546770590601567,-0.2128289624261387,1
C001039,-0.2817499119972872,1.0,0.0,0.0,0.0,0.0,-0.9793431517078963,1.0,-0.46410667241066167,-0.2128289624261387,0
C001040,-1.7078902529149556,0.0,1.0,0.0,1.0,0.0,-0.9793431517078963,0.0,2.1546770590601567,-0.2128289624261387,0
C001041,-0.4457279406836157,0.0,0.0,1.0,0.0,1.0,0.9760841062779199,0.0,-0.46410667241066167,-0.2128289624261387,0
C001042,0.4388163969157793,1.0,0.0,0.0,0.0,0.0,0.9760841062779199,1.0,-0.46410667241066167,-0.2128289624261387,1
C001043,-0.8547359950926579,0.0,0.0,0.0,0.0,1.0,-0.0016295227149882177,1.0,2.1546770590601567,-0.2128289624261387,0
C001044,1.0830157953263555,1.0,0.0,0.0,0.0,0.0,-0.9793431517078963,1.0,-0.46410667241066167,-0.2128289624261387,0
C001045,-0.1107442535101158,0.0,0.0,1.0,0.0,1.0,-0.9793431517078963,0.0,2.1546770590601567,-0.2128289624261387,0
C001046,0.5325181275936813,1.0,1.0,0.0,0.0,0.0,-0.0016295227149882177,0.0,-0.46410667241066167,-0.2128289624261387,1
C001047,-2.0091413170444103,0.0,0.0,0.0,1.0,0.0,-0.0016295227149882177,1.0,-0.46410667241066167,-0.2128289624261387,0
C001048,-2.0091413170444103,0.0,1.0,0.0,1.0,0.0,-0.0016295227149882177,0.0,-0.46410667241066167,-0.2128289624261387,0
C001049,-0.23958413319223107,0.0,0.0,1.0,0.0,1.0,-0.0016295227149882177,0.0,2.1546770590601567,-0.2128289624261387,1
C001050,0.5971723217614334,1.0,0.0,1.0,0.0,0.0,-0.9793431517078963,0.0,2.1546770590601567,-0.2128289624261387,0
C001051,1.5051420920303042,1.0,1.0,0.0,0.0,0.0,-0.9793431517078963,0.0,-0.46410667241066167,-0.2128289624261387,1
C001052,1.0347594040272359,1.0,1.0,0.0,0.0,0.0,-0.9793431517078963,0.0,2.1546770590601567,-0.2128289624261387,1
C001053,0.5451678612351979,1.0,0.0,1.0,0.0,0.0,-0.0016295227149882177,0.0,-0.46410667241066167,-0.2128289624261387,0
C001054,1.3772392296549678,1.0,0.0,0.0,0.0,0.0,-0.0016295227149882177,1.0,-0.46410667241066167,-0.2128289624261387,0
C001055,0.1722349731371482,0.0,1.0,0.0,0.0,1.0,-0.9793431517078963,0.0,-0.46410667241066167,-0.2128289624261387,1
C001056,0.7025867687740732,1.0,1.0,0.0,0.0,0.0,-0.9793431517078963,0.0,2.1546770590601567,-0.2128289624261387,0
C001057,0.1616935284358845,1.0,0.0,0.0,0.0,0.0,0.9760841062779199,1.0,-0.46410667241066167,4.698608632023215,1
C001058,-1.6760316644844688,0.0,0.0,0.0,1.0,0.0,-0.0016295227149882177,1.0,-0.46410667241066167,-0.2128289624261387,1
C001059,1.9328904925749268,1.0,1.0,0.0,0.0,0.0,1.953797735270828,0.0,-0.46410667241066167,-0.2128289624261387,1
C001060,-1.8137732085809848,1.0,1.0,0.0,0.0,0.0,0.9760841062779199,0.0,-0.46410667241066167,-0.2128289624261387,0
C001061,0.7330398312443916,1.0,0.0,1.0,0.0,0.0,1.953797735270828,0.0,-0.46410667241066167,-0.2128289624261387,0
C001062,0.08930894148720478,1.0,0.0,1.0,0.0,0.0,0.9760841062779199,0.0,-0.46410667241066167,-0.2128289624261387,0
C001063,-0.601272813608933,0.0,0.0,0.0,0.0,1.0,-0.9793431517078963,1.0,-0.46410667241066167,-0.2128289624261387,0
C001064,-0.7048132260080144,0.0,0.0,1.0,0.0,1.0,-0.0016295227149882177,0.0,-0.46410667241066167,-0.2128289624261387,0
C001065,-1.819395312421659,0.0,0.0,0.0,1.0,0.0,-0.0016295227149882177,1.0,2.1546770590601567,-0.2128289624261387,0
C001066,0.6913425610927252,1.0,0.0,1.0,0.0,0.0,0.9760841062779199,0.0,-0.46410667241066167,-0.2128289624261387,0
C001067,-0.0854447862270823,0.0,1.0,0.0,0.0,1.0,-0.0016295227149882177,0.0,2.1546770590601567,-0.2128289624261387,0
C001068,1.041318525174689,1.0,1.0,0.0,0.0,0.0,0.9760841062779199,0.0,-0.46410667241066167,-0.2128289624261387,0
C001069,0.7246066754833801,1.0,1.0,0.0,0.0,0.0,-0.0016295227149882177,0.0,-0.46410667241066167,-0.2128289624261387,0
C001070,0.8960808426239413,1.0,0.0,0.0,0.0,0.0,-0.0016295227149882177,1.0,-0.46410667241066167,-0.2128289624261387,0
C001071,0.23735767595829013,1.0,1.0,0.0,0.0,0.0,0.9760841062779199,0.0,-0.46410667241066167,-0.2128289624261387,1
C001072,0.00404036657031395,1.0,0.0,1.0,0.0,0.0,-0.0016295227149882177,0.0,-0.46410667241066167,-0.2128289624261387,1
C001073,1.2207573394228715,1.0,1.0,0.0,0.0,0.0,0.9760841062779199,0.0,-0.46410667241066167,-0.2128289624261387,1
C001074,-0.10090557178893639,0.0,0.0,1.0,0.0,1.0,-0.9793431517078963,0.0,-0.46410667241066167,-0.2128289624261387,0
C001075,0.7335083398977814,1.0,1.0,0.0,0.0,0.0,-0.9793431517078963,0.0,-0.46410667241066167,-0.2128289624261387,0
C001076,0.0035718579169245327,1.0,1.0,0.0,0.0,0.0,0.9760841062779199,0.0,-0.46410667241066167,-0.2128289624261387,0
C001077,0.1616935284358845,1.0,1.0,0.0,0.0,0.0,-0.9793431517078963,0.0,2.1546770590601567,4.698608632023215,1
C001078,-1.8704627556411155,0.0,1.0,0.0,1.0,0.0,-0.0016295227149882177,0.0,-0.46410667241066167,-0.2128289624261387,0
C001079,0.9209118012535854,1.0,1.0,0.0,0.0,0.0,1.953797735270828,0.0,-0.46410667241066167,-0.2128289624261387,1
C001080,0.25469249613370154,1.0,1.0,0.0,0.0,0.0,-0.9793431517078963,0.0,2.1546770590601567,-0.2128289624261387,0
C001081,-0.1088702188965578,1.0,0.0,1.0,0.0,0.0,-0.0016295227149882177,0.0,2.1546770590601567,-0.2128289624261387,0
C001082,-0.3988770753446647,0.0,1.0,0.0,0.0,1.0,-0.9793431517078963,0.0,2.1546770590601567,-0.2128289624261387,0
C001083,0.6037314429088866,1.0,1.0,0.0,0.0,0.0,1.953797735270828,0.0,-0.46410667241066167,-0.2128289624261387,1
C001084,0.34230361431754014,0.0,1.0,0.0,0.0,1.0,-0.0016295227149882177,0.0,-0.46410667241066167,-0.2128289624261387,0
C001085,-0.1524415236617822,0.0,1.0,0.0,0.0,1.0,-0.0016295227149882177,0.0,2.1546770590601567,-0.2128289624261387,1
C001086,0.6009203909885494,1.0,0.0,0.0,0.0,0.0,-0.0016295227149882177,1.0,-0.46410667241066167,-0.2128289624261387,0
C001087,-2.0091413170444103,0.0,1.0,0.0,1.0,0.0,-0.9793431517078963,0.0,-0.46410667241066167,-0.2128289624261387,0
C001088,-1.466608296419358,0.0,1.0,0.0,1.0,0.0,-0.0016295227149882177,0.0,-0.46410667241066167,-0.2128289624261387,1
C001089,1.2441827720923468,1.0,1.0,0.0,0.0,0.0,-0.0016295227149882177,0.0,-0.46410667241066167,-0.2128289624261387,1
C001090,0.5278330410597865,1.0,0.0,0.0,0.0,0.0,-0.9793431517078963,1.0,-0.46410667241066167,-0.2128289624261387,0
C001091,-0.8195978460884445,0.0,0.0,1.0,0.0,1.0,-0.9793431517078963,0.0,2.1546770590601567,-0.2128289624261387,0
C001092,1.0609958886170487,1.0,1.0,0.0,0.0,0.0,-0.0016295227149882177,0.0,-0.46410667241066167,-0.2128289624261387,1
C001093,-2.0091413170444103,0.0,1.0,0.0,1.0,0.0,-0.9793431517078963,0.0,2.1546770590601567,-0.2128289624261387,0
C001094,-2.0091413170444103,0.0,1.0,0.0,1.0,0.0,-0.0016295227149882177,0.0,-0.46410667241066167,-0.2128289624261387,1
C001095,-0.06295637086438596,0.0,1.0,0.0,0.0,1.0,-0.0016295227149882177,0.0,2.1546770590601567,-0.2128289624261387,0
C001096,0.1616935284358845,0.0,1.0,0.0,0.0,1.0,-0.0016295227149882177,0.0,-0.46410667241066167,4.698608632023215,0
C001097,1.0263262482662252,1.0,0.0,1.0,0.0,0.0,-0.0016295227149882177,0.0,-0.46410667241066167,-0.2128289624261387,0
C001098,0.26172012593454447,0.0,1.0,0.0,0.0,1.0,-0.9793431517078963,0.0,-0.46410667241066167,-0.2128289624261387,1
C001099,1.4953034103091243,1.0,0.0,1.0,0.0,0.0,-0.9793431517078963,0.0,-0.46410667241066167,-0.2128289624261387,0
C001100,0.8094067417468815,1.0,1.0,0.0,0.0,0.0,0.9760841062779199,0.0,-0.46410667241066167,-0.2128289624261387,1
C001101,-2.0091413170444103,0.0,1.0,0.0,1.0,0.0,-0.9793431517078963,0.0,-0.46410667241066167,-0.2128289624261387,0
C001102,0.15208910104139894,1.0,0.0,0.0,0.0,0.0,-0.9793431517078963,1.0,-0.46410667241066167,-0.2128289624261387,0
C001103,-0.8289680191562349,0.0,1.0,0.0,0.0,1.0,-0.0016295227149882177,0.0,-0.46410667241066167,-0.2128289624261387,0
C001104,1.5412172583412964,1.0,0.0,1.0,0.0,0.0,0.9760841062779199,0.0,-0.46410667241066167,-0.2128289624261387,0
C001105,-1.4328756733753132,0.0,0.0,0.0,1.0,0.0,-0.9793431517078963,1.0,-0.46410667241066167,-0.2128289624261387,0
C001106,1.2493363672796314,1.0,0.0,0.0,0.0,0.0,-0.9793431517078963,1.0,-0.46410667241066167,-0.2128289624261387,0
C001107,0.6782243187978189,1.0,1.0,0.0,0.0,0.0,-0.0016295227149882177,0.0,-0.46410667241066167,-0.2128289624261387,1
C001108,0.8281470878824623,1.0,1.0,0.0,0.0,0.0,1.953797735270828,0.0,-0.46410667241066167,-0.2128289624261387,1
C001109,-0.4775865291141024,0.0,0.0,0.0,0.0,1.0,-0.0016295227149882177,1.0,-0.46410667241066167,-0.2128289624261387,0
C001110,0.10804928762278512,1.0,1.0,0.0,0.0,0.0,-0.0016295227149882177,0.0,-0.46410667241066167,-0.2128289624261387,0
C001111,0.8318951571095782,1.0,0.0,1.0,0.0,0.0,-0.9793431517078963,0.0,-0.46410667241066167,-0.2128289624261387,0
C001112,0.1616935284358845,0.0,0.0,1.0,0.0,1.0,-0.9793431517078963,0.0,-0.46410667241066167,4.698608632023215,0
C001113,-0.5731622944055624,0.0,1.0,0.0,0.0,1.0,-0.9793431517078963,0.0,2.1546770590601567,-0.2128289624261387,0
C001114,1.1303351693186963,1.0,0.0,0.0,0.0,0.0,-0.0016295227149882177,1.0,-0.46410667241066167,-0.2128289624261387,1
C001115,0.03871000692113778,0.0,0.0,0.0,0.0,1.0,-0.0016295227149882177,1.0,-0.46410667241066167,-0.2128289624261387,0
C001116,0.22470794231677355,0.0,1.0,0.0,0.0,1.0,-0.9793431517078963,0.0,-0.46410667241066167,-0.2128289624261387,0
C001117,-2.0091413170444103,0.0,1.0,0.0,1.0,0.0,-0.9793431517078963,0.0,-0.46410667241066167,-0.2128289624261387,0
C001118,0.1616935284358845,0.0,1.0,0.0,1.0,0.0,-0.9793431517078963,0.0,-0.46410667241066167,4.698608632023215,0
C001119,1.2315330384508303,1.0,1.0,0.0,0.0,0.0,1.953797735270828,0.0,-0.46410667241066167,-0.2128289624261387,1
C001120,-0.6275092981987453,0.0,0.0,0.0,0.0,1.0,1.953797735270828,1.0,2.1546770590601567,-0.2128289624261387,0
C001121,0.10898630492956428,1.0,0.0,0.0,0.0,0.0,-0.9793431517078963,1.0,-0.46410667241066167,-0.2128289624261387,1
C001122,0.4608363036250862,1.0,1.0,0.0,0.0,0.0,0.9760841062779199,0.0,-0.46410667241066167,-0.2128289624261387,1
C001123,-0.3286007773362382,0.0,0.0,1.0,0.0,1.0,0.9760841062779199,0.0,-0.46410667241066167,-0.2128289624261387,0
C001124,-0.6579623606690634,0.0,1.0,0.0,0.0,1.0,-0.9793431517078963,0.0,-0.46410667241066167,-0.2128289624261387,0
C001125,1.4779685901337127,1.0,1.0,0.0,0.0,0.0,-0.0016295227149882177,0.0,-0.46410667241066167,-0.2128289624261387,1
C001126,-0.10043706313554664,0.0,1.0,0.0,0.0,1.0,2.931511364263736,0.0,-0.46410667241066167,-0.2128289624261387,1
C001127,-1.8039345268598053,0.0,1.0,0.0,1.0,0.0,-0.9793431517078963,0.0,-0.46410667241066167,-0.2128289624261387,0
C001128,-0.2925256110252458,1.0,0.0,1.0,0.0,0.0,-0.9793431517078963,0.0,-0.46410667241066167,-0.2128289624261387,0
C001129,1.1378313077729283,1.0,0.0,0.0,0.0,0.0,-0.9793431517078963,1.0,-0.46410667241066167,-0.2128289624261387,0
C001130,1.7890583359843468,1.0,1.0,0.0,0.0,0.0,-0.9793431517078963,0.0,-0.46410667241066167,-0.2128289624261387,1
C001131,0.31372458646078005,0.0,0.0,1.0,0.0,1.0,-0.0016295227149882177,0.0,-0.46410667241066167,-0.2128289624261387,0
C001132,0.17176646448375846,1.0,0.0,1.0,0.0,0.0,-0.9793431517078963,0.0,2.1546770590601567,-0.2128289624261387,0
C001133,-1.1897196822661573,0.0,0.0,0.0,1.0,0.0,-0.9793431517078963,1.0,2.1546770590601567,-0.2128289624261387,0
C001134,0.24344828845235353,1.0,0.0,0.0,0.0,0.0,-0.0016295227149882177,1.0,-0.46410667241066167,-0.2128289624261387,0
C001135,0.6205977544309089,1.0,0.0,1.0,0.0,0.0,-0.0016295227149882177,0.0,-0.46410667241066167,-0.2128289624261387,0
C001136,-1.2909175513982918,0.0,1.0,0.0,1.0,0.0,-0.9793431517078963,0.0,-0.46410667241066167,-0.2128289624261387,0
C001137,-1.4000800676380476,0.0,0.0,0.0,1.0,0.0,0.9760841062779199,1.0,-0.46410667241066167,-0.2128289624261387,0
C001138,1.2718247826423281,1.0,0.0,0.0,0.0,0.0,-0.0016295227149882177,1.0,-0.46410667241066167,-0.2128289624261387,1
C001139,0.886710669556151,1.0,1.0,0.0,0.0,0.0,2.931511364263736,0.0,2.1546770590601567,-0.2128289624261387,1
C001140,0.3811898325488694,0.0,1.0,0.0,0.0,1.0,0.9760841062779199,0.0,2.1546770590601567,-0.2128289624261387,0
C001141,-0.2976792062125304,0.0,1.0,0.0,0.0,1.0,-0.0016295227149882177,0.0,-0.46410667241066167,-0.2128289624261387,0
C001142,-2.0091413170444103,0.0,0.0,1.0,1.0,0.0,-0.9793431517078963,0.0,2.1546770590601567,-0.2128289624261387,0
C001143,-0.6785767414182021,0.0,0.0,1.0,0.0,1.0,-0.9793431517078963,0.0,2.1546770590601567,-0.2128289624261387,0
C001144,-0.16181169672957255,1.0,1.0,0.0,0.0,0.0,0.9760841062779199,0.0,-0.46410667241066167,-0.2128289624261387,0
C001145,0.20409356156763453,1.0,0.0,0.0,0.0,0.0,-0.9793431517078963,1.0,2.1546770590601567,-0.2128289624261387,0
C001146,0.7194530802960956,1.0,0.0,0.0,0.0,0.0,-0.0016295227149882177,1.0,-0.46410667241066167,-0.2128289624261387,1
C001147,1.2961872326185824,1.0,1.0,0.0,0.0,0.0,0.9760841062779199,0.0,-0.46410667241066167,-0.2128289624261387,1
C001148,1.1233075395178533,1.0,1.0,0.0,0.0,0.0,-0.9793431517078963,0.0,-0.46410667241066167,-0.2128289624261387,0
C001149,0.1616935284358845,0.0,1.0,0.0,0.0,1.0,-0.9793431517078963,0.0,-0.46410667241066167,4.698608632023215,0
C001150,-1.9383965103825942,0.0,0.0,0.0,1.0,0.0,-0.9793431517078963,1.0,2.1546770590601567,-0.2128289624261387,0
C001151,-1.0365173526077878,0.0,1.0,0.0,1.0,0.0,2.931511364263736,0.0,-0.46410667241066167,-0.2128289624261387,1
C001152,-0.18148906017193206,1.0,0.0,0.0,0.0,0.0,-0.9793431517078963,1.0,2.1546770590601567,-0.2128289624261387,0
C001153,0.3619809777598996,0.0,0.0,0.0,0.0,1.0,-0.9793431517078963,1.0,2.1546770590601567,-0.2128289624261387,0
C001154,0.07197412131179304,1.0,0.0,1.0,0.0,0.0,-0.0016295227149882177,0.0,-0.46410667241066167,-0.2128289624261387,0
C001155,-1.562184061710818,0.0,0.0,0.0,1.0,0.0,0.9760841062779199,1.0,-0.46410667241066167,-0.2128289624261387,0
C001156,0.9710422271662627,1.0,1.0,0.0,0.0,0.0,-0.9793431517078963,0.0,-0.46410667241066167,-0.2128289624261387,1
C001157,0.36666606429379445,0.0,1.0,0.0,0.0,1.0,-0.9793431517078963,0.0,-0.46410667241066167,-0.2128289624261387,0
C001158,0.6697911630368081,1.0,0.0,0.0,0.0,0.0,0.9760841062779199,1.0,-0.46410667241066167,-0.2128289624261387,0
C001159,0.15068357508123037,0.0,1.0,0.0,0.0,1.0,-0.0016295227149882177,0.0,-0.46410667241066167,-0.2128289624261387,1
C001160,-2.0091413170444103,0.0,1.0,0.0,1.0,0.0,-0.0016295227149882177,0.0,-0.46410667241066167,-0.2128289624261387,0
C001161,-1.4520845281642831,0.0,1.0,0.0,1.0,0.0,-0.0016295227149882177,0.0,-0.46410667241066167,-0.2128289624261387,0
C001162,1.463444821878638,1.0,1.0,0.0,0.0,0.0,-0.9793431517078963,0.0,-0.46410667241066167,-0.2128289624261387,0
C001163,1.4437674584362783,1.0,1.0,0.0,0.0,0.0,-0.9793431517078963,0.0,-0.46410667241066167,-0.2128289624261387,1
C001164,-0.2494228149134108,1.0,1.0,0.0,0.0,0.0,-0.9793431517078963,0.0,-0.46410667241066167,-0.2128289624261387,0
C001165,-0.5103821348513679,0.0,1.0,0.0,0.0,1.0,0.9760841062779199,0.0,-0.46410667241066167,-0.2128289624261387,0
C001166,-2.0091413170444103,0.0,0.0,1.0,1.0,0.0,-0.9793431517078963,0.0,-0.46410667241066167,-0.2128289624261387,0
C001167,0.30154336147265254,0.0,1.0,0.0,0.0,1.0,1.953797735270828,0.0,-0.46410667241066167,-0.2128289624261387,0
C001168,-1.677905699098027,0.0,0.0,1.0,1.0,0.0,0.9760841062779199,0.0,-0.46410667241066167,-0.2128289624261387,0
C001169,-0.7558806692274712,0.0,1.0,0.0,0.0,1.0,-0.9793431517078963,0.0,-0.46410667241066167,-0.2128289624261387,0
C001170,1.0431925597882474,1.0,0.0,0.0,0.0,0.0,-0.0016295227149882177,1.0,-0.46410667241066167,-0.2128289624261387,1
C001171,-2.0091413170444103,0.0,1.0,0.0,1.0,0.0,-0.9793431517078963,0.0,-0.46410667241066167,-0.2128289624261387,0
C001172,0.6205977544309089,1.0,0.0,0.0,0.0,0.0,-0.0016295227149882177,1.0,-0.46410667241066167,-0.2128289624261387,0
C001173,-0.5253744117598322,0.0,0.0,1.0,0.0,1.0,0.9760841062779199,0.0,2.1546770590601567,-0.2128289624261387,0
C001174,-0.1266735477253593,0.0,1.0,0.0,0.0,1.0,-0.9793431517078963,0.0,2.1546770590601567,-0.2128289624261387,1
C001175,-0.37685716863535745,0.0,0.0,0.0,0.0,1.0,-0.0016295227149882177,1.0,2.1546770590601567,-0.2128289624261387,0
C001176,0.17410900775070587,0.0,1.0,0.0,0.0,1.0,-0.9793431517078963,0.0,2.1546770590601567,-0.2128289624261387,0
C001177,-1.1255339967517946,0.0,0.0,0.0,0.0,1.0,-0.9793431517078963,1.0,-0.46410667241066167,-0.2128289624261387,0
C001178,1.4906183237752293,1.0,1.0,0.0,0.0,0.0,0.9760841062779199,0.0,-0.46410667241066167,-0.2128289624261387,0
C001179,-0.5436462492420231,0.0,1.0,0.0,0.0,1.0,-0.9793431517078963,0.0,-0.46410667241066167,-0.2128289624261387,0
C001180,-0.8092906557138754,0.0,1.0,0.0,0.0,1.0,-0.9793431517078963,0.0,-0.46410667241066167,-0.2128289624261387,0
C001181,1.55714655255654,1.0,1.0,0.0,0.0,0.0,0.9760841062779199,0.0,-0.46410667241066167,-0.2128289624261387,1
C001182,0.1616935284358845,0.0,0.0,0.0,0.0,1.0,-0.9793431517078963,1.0,-0.46410667241066167,4.698608632023215,0
C001183,1.1350202558525913,1.0,1.0,0.0,0.0,0.0,0.9760841062779199,0.0,-0.46410667241066167,-0.2128289624261387,1
C001184,0.24860188363963812,0.0,1.0,0.0,0.0,1.0,0.9760841062779199,0.0,-0.46410667241066167,-0.2128289624261387,1
C001185,1.456417192077795,1.0,0.0,0.0,0.0,0.0,-0.0016295227149882177,1.0,2.1546770590601567,-0.2128289624261387,0
C001186,1.309305474913489,1.0,1.0,0.0,0.0,0.0,-0.0016295227149882177,0.0,-0.46410667241066167,-0.2128289624261387,0
C001187,0.2303300461574472,1.0,0.0,1.0,0.0,0.0,0.9760841062779199,0.0,2.1546770590601567,-0.2128289624261387,0
C001188,0.825336035962125,1.0,0.0,0.0,0.0,0.0,-0.9793431517078963,1.0,-0.46410667241066167,-0.2128289624261387,0
C001189,-0.6410960491470411,0.0,0.0,0.0,0.0,1.0,-0.9793431517078963,1.0,-0.46410667241066167,-0.2128289624261387,0
C001190,0.9494908291103454,1.0,1.0,0.0,0.0,0.0,0.9760841062779199,0.0,-0.46410667241066167,-0.2128289624261387,1
C001191,1.095197020314483,1.0,1.0,0.0,0.0,0.0,1.953797735270828,0.0,-0.46410667241066167,-0.2128289624261387,0
C001192,0.5962353044546547,1.0,1.0,0.0,0.0,0.0,-0.9793431517078963,0.0,2.1546770590601567,-0.2128289624261387,1
C001193,-0.5291224809869483,0.0,0.0,0.0,0.0,1.0,0.9760841062779199,1.0,-0.46410667241066167,-0.2128289624261387,1
C001194,-1.7683278692022024,0.0,1.0,0.0,1.0,0.0,-0.9793431517078963,0.0,-0.46410667241066167,-0.2128289624261387,0
C001195,0.09118297610076279,0.0,1.0,0.0,0.0,1.0,-0.9793431517078963,0.0,-0.46410667241066167,-0.2128289624261387,1
C001196,-2.0091413170444103,0.0,0.0,0.0,1.0,0.0,0.9760841062779199,1.0,2.1546770590601567,-0.2128289624261387,0
C001197,-0.3286007773362382,0.0,1.0,0.0,0.0,1.0,-0.9793431517078963,0.0,-0.46410667241066167,-0.2128289624261387,0
C001198,-2.0091413170444103,0.0,1.0,0.0,1.0,0.0,0.9760841062779199,0.0,-0.46410667241066167,-0.2128289624261387,0
C001199,-1.0683759410382745,0.0,1.0,0.0,0.0,1.0,-0.0016295227149882177,0.0,-0.46410667241066167,-0.2128289624261387,0
C001200,-1.701799640420892,0.0,1.0,0.0,1.0,0.0,-0.0016295227149882177,0.0,-0.46410667241066167,-0.2128289624261387,0
C001201,1.0516257155492583,1.0,1.0,0.0,0.0,0.0,0.9760841062779199,0.0,-0.46410667241066167,-0.2128289624261387,0
C001202,0.37135115082768994,0.0,1.0,0.0,0.0,1.0,-0.9793431517078963,0.0,2.1546770590601567,-0.2128289624261387,0
C001203,0.20784163079475054,1.0,0.0,1.0,0.0,0.0,-0.9793431517078963,0.0,-0.46410667241066167,-0.2128289624261387,0
C001204,0.4388163969157793,1.0,0.0,0.0,0.0,0.0,0.9760841062779199,1.0,-0.46410667241066167,-0.2128289624261387,0
C001205,0.19050681061933913,0.0,1.0,0.0,0.0,1.0,-0.0016295227149882177,0.0,-0.46410667241066167,-0.2128289624261387,0
C001206,0.5451678612351979,1.0,0.0,0.0,0.0,0.0,-0.0016295227149882177,1.0,2.1546770590601567,-0.2128289624261387,0
C001207,0.1616935284358845,0.0,1.0,0.0,1.0,0.0,-0.9793431517078963,0.0,-0.46410667241066167,4.698608632023215,0
C001208,0.7588078071808145,1.0,0.0,0.0,0.0,0.0,-0.9793431517078963,1.0,-0.46410667241066167,-0.2128289624261387,0
C001209,0.22564495962355238,1.0,1.0,0.0,0.0,0.0,-0.0016295227149882177,0.0,-0.46410667241066167,-0.2128289624261387,0
C001210,0.19425487984645512,1.0,0.0,0.0,0.0,0.0,-0.0016295227149882177,1.0,-0.46410667241066167,-0.2128289624261387,1
C001211,0.1616935284358845,1.0,0.0,1.0,0.0,0.0,-0.0016295227149882177,0.0,-0.46410667241066167,4.698608632023215,0
C001212,0.5732783804385689,1.0,0.0,1.0,0.0,0.0,1.953797735270828,0.0,-0.46410667241066167,-0.2128289624261387,0
C001213,1.2315330384508303,1.0,1.0,0.0,0.0,0.0,0.9760841062779199,0.0,-0.46410667241066167,-0.2128289624261387,0
C001214,0.4702064766928765,1.0,1.0,0.0,0.0,0.0,-0.0016295227149882177,0.0,-0.46410667241066167,-0.2128289624261387,1
C001215,-0.01985357475255097,0.0,1.0,0.0,0.0,1.0,-0.0016295227149882177,0.0,-0.46410667241066167,-0.2128289624261387,0
C001216,-0.3103289398540473,1.0,1.0,0.0,0.0,0.0,0.9760841062779199,0.0,2.1546770590601567,-0.2128289624261387,0
C001217,0.014347556944883117,1.0,1.0,0.0,0.0,0.0,-0.9793431517078963,0.0,-0.46410667241066167,-0.2128289624261387,0
C001218,0.23970021922523754,0.0,1.0,0.0,0.0,1.0,-0.0016295227149882177,0.0,2.1546770590601567,-0.2128289624261387,1
C001219,0.2106526827150877,0.0,0.0,1.0,0.0,1.0,0.9760841062779199,0.0,-0.46410667241066167,-0.2128289624261387,0
C001220,0.1616935284358845,0.0,1.0,0.0,0.0,1.0,-0.0016295227149882177,0.0,-0.46410667241066167,4.698608632023215,0
C001221,0.31606712972772744,1.0,1.0,0.0,0.0,0.0,0.9760841062779199,0.0,2.1546770590601567,-0.2128289624261387,1
C001222,0.1342857722125978,1.0,0.0,1.0,0.0,0.0,0.9760841062779199,0.0,-0.46410667241066167,-0.2128289624261387,0
C001223,0.6594839726622382,1.0,0.0,0.0,0.0,0.0,-0.9793431517078963,1.0,2.1546770590601567,-0.2128289624261387,0
C001224,-1.552813888643028,0.0,1.0,0.0,1.0,0.0,-0.9793431517078963,0.0,-0.46410667241066167,-0.2128289624261387,0
C001225,0.9612035454450832,1.0,1.0,0.0,0.0,0.0,-0.9793431517078963,0.0,2.1546770590601567,-0.2128289624261387,1
C001226,0.09774209724821595,0.0,0.0,0.0,0.0,1.0,-0.9793431517078963,1.0,-0.46410667241066167,-0.2128289624261387,1
C001227,0.8351747176833044,1.0,0.0,0.0,0.0,0.0,-0.0016295227149882177,1.0,-0.46410667241066167,-0.2128289624261387,1
C001228,-1.4300646214549761,0.0,1.0,0.0,1.0,0.0,-0.0016295227149882177,0.0,-0.46410667241066167,-0.2128289624261387,1
C001229,-1.297476672545745,0.0,0.0,0.0,1.0,0.0,-0.9793431517078963,1.0,2.1546770590601567,-0.2128289624261387,0
C001230,-0.3970030407311067,0.0,1.0,0.0,0.0,1.0,-0.0016295227149882177,0.0,-0.46410667241066167,-0.2128289624261387,0
C001231,-1.4965928502362864,0.0,0.0,0.0,1.0,0.0,-0.0016295227149882177,1.0,-0.46410667241066167,-0.2128289624261387,0
C001232,-2.0091413170444103,0.0,0.0,1.0,1.0,0.0,0.9760841062779199,0.0,-0.46410667241066167,-0.2128289624261387,0
C001233,1.0670865011111121,1.0,1.0,0.0,0.0,0.0,-0.9793431517078963,0.0,-0.46410667241066167,-0.2128289624261387,0
C001234,0.28748810187096735,1.0,0.0,0.0,0.0,0.0,-0.0016295227149882177,1.0,2.1546770590601567,-0.2128289624261387,0
C001235,-1.7617687480547493,0.0,1.0,0.0,1.0,0.0,-0.0016295227149882177,0.0,-0.46410667241066167,-0.2128289624261387,0
C001236,-0.7891447836181265,0.0,1.0,0.0,0.0,1.0,-0.0016295227149882177,0.0,-0.46410667241066167,-0.2128289624261387,0
C001237,-2.0091413170444103,0.0,1.0,0.0,1.0,0.0,-0.0016295227149882177,0.0,2.1546770590601567,-0.2128289624261387,0
C001238,1.091448951087367,1.0,1.0,0.0,0.0,0.0,-0.9793431517078963,0.0,-0.46410667241066167,-0.2128289624261387,1
C001239,-0.4541610964446269,0.0,1.0,0.0,0.0,1.0,-0.9793431517078963,0.0,-0.46410667241066167,-0.2128289624261387,0
C001240,0.24532232306591187,0.0,0.0,0.0,0.0,1.0,-0.0016295227149882177,1.0,-0.46410667241066167,-0.2128289624261387,0
C001241,0.13803384143971378,0.0,0.0,0.0,0.0,1.0,0.9760841062779199,1.0,-0.46410667241066167,-0.2128289624261387,1
C001242,-2.0091413170444103,0.0,0.0,1.0,1.0,0.0,-0.9793431517078963,0.0,-0.46410667241066167,-0.2128289624261387,0
C001243,-2.0091413170444103,0.0,0.0,1.0,1.0,0.0,-0.9793431517078963,0.0,-0.46410667241066167,-0.2128289624261387,0
C001244,-1.6338658856794128,0.0,1.0,0.0,1.0,0.0,-0.9793431517078963,0.0,2.1546770590601567,-0.2128289624261387,0
C001245,0.6140386332834558,1.0,0.0,1.0,0.0,0.0,0.9760841062779199,0.0,-0.46410667241066167,-0.2128289624261387,0
C001246,0.45755674305135996,1.0,0.0,1.0,0.0,0.0,-0.9793431517078963,0.0,-0.46410667241066167,-0.2128289624261387,0
C001247,0.6622950245825754,1.0,1.0,0.0,0.0,0.0,-0.0016295227149882177,0.0,-0.46410667241066167,-0.2128289624261387,1
C001248,0.1616935284358845,1.0,1.0,0.0,0.0,0.0,-0.0016295227149882177,0.0,-0.46410667241066167,4.698608632023215,1
C001249,-0.34827814077859737,0.0,1.0,0.0,0.0,1.0,-0.9793431517078963,0.0,-0.46410667241066167,-0.2128289624261387,0
C001250,1.2048280452076279,1.0,0.0,0.0,0.0,0.0,-0.9793431517078963,1.0,-0.46410667241066167,-0.2128289624261387,1
C001251,1.2844745162838447,1.0,0.0,0.0,0.0,0.0,-0.9793431517078963,1.0,-0.46410667241066167,-0.2128289624261387,0
C001252,-1.7617687480547493,0.0,1.0,0.0,1.0,0.0,-0.0016295227149882177,0.0,-0.46410667241066167,-0.2128289624261387,1
C001253,0.8379857696036417,1.0,0.0,1.0,0.0,0.0,1.953797735270828,0.0,-0.46410667241066167,-0.2128289624261387,1
C001254,-2.0091413170444103,0.0,0.0,0.0,1.0,0.0,-0.9793431517078963,1.0,-0.46410667241066167,-0.2128289624261387,0
C001255,-0.7427624269325649,0.0,1.0,0.0,0.0,1.0,0.9760841062779199,0.0,-0.46410667241066167,-0.2128289624261387,0
C001256,0.37135115082768994,1.0,0.0,1.0,0.0,0.0,-0.0016295227149882177,0.0,2.1546770590601567,-0.2128289624261387,0
C001257,-0.2897145591049086,1.0,1.0,0.0,0.0,0.0,-0.0016295227149882177,0.0,-0.46410667241066167,-0.2128289624261387,0
C001258,-0.6921634923664979,0.0,1.0,0.0,0.0,1.0,-0.9793431517078963,0.0,2.1546770590601567,-0.2128289624261387,1
C001259,1.2671396961084334,1.0,1.0,0.0,0.0,0.0,-0.0016295227149882177,0.0,-0.46410667241066167,-0.2128289624261387,1
C001260,-0.9151736113799046,0.0,1.0,0.0,1.0,0.0,-0.9793431517078963,0.0,-0.46410667241066167,-0.2128289624261387,1
C001261,-2.0091413170444103,0.0,0.0,1.0,1.0,0.0,1.953797735270828,0.0,-0.46410667241066167,-0.2128289624261387,0
C001262,0.3535478219988888,0.0,0.0,0.0,0.0,1.0,-0.0016295227149882177,1.0,-0.46410667241066167,-0.2128289624261387,0
C001263,-0.1913277418931118,0.0,1.0,0.0,0.0,1.0,-0.9793431517078963,0.0,-0.46410667241066167,-0.2128289624261387,0
C001264,0.9508963550705141,1.0,1.0,0.0,0.0,0.0,-0.0016295227149882177,0.0,-0.46410667241066167,-0.2128289624261387,0
C001265,-0.763845316335093,0.0,1.0,0.0,0.0,1.0,-0.0016295227149882177,0.0,-0.46410667241066167,-0.2128289624261387,0
C001266,-0.5956507097682587,0.0,1.0,0.0,0.0,1.0,-0.9793431517078963,0.0,-0.46410667241066167,-0.2128289624261387,0
C001267,0.26218863458793423,1.0,0.0,1.0,0.0,0.0,-0.0016295227149882177,0.0,-0.46410667241066167,-0.2128289624261387,0
C001268,0.9865030127281164,1.0,1.0,0.0,0.0,0.0,-0.0016295227149882177,0.0,-0.46410667241066167,-0.2128289624261387,0
C001269,-1.3565087628728232,0.0,0.0,1.0,1.0,0.0,1.953797735270828,0.0,-0.46410667241066167,-0.2128289624261387,0
C001270,0.5920187265741489,1.0,1.0,0.0,0.0,0.0,0.9760841062779199,0.0,-0.46410667241066167,-0.2128289624261387,1
C001271,0.8145603369341662,1.0,0.0,0.0,0.0,0.0,-0.9793431517078963,1.0,-0.46410667241066167,-0.2128289624261387,0
C001272,1.2305960211440514,1.0,1.0,0.0,0.0,0.0,1.953797735270828,0.0,-0.46410667241066167,-0.2128289624261387,1
C001273,1.0075859021306446,1.0,1.0,0.0,0.0,0.0,-0.9793431517078963,0.0,-0.46410667241066167,-0.2128289624261387,0
C001274,1.2854115335906235,1.0,1.0,0.0,0.0,0.0,-0.0016295227149882177,0.0,-0.46410667241066167,-0.2128289624261387,1
C001275,-2.0091413170444103,0.0,0.0,1.0,1.0,0.0,-0.9793431517078963,0.0,-0.46410667241066167,-0.2128289624261387,0
C001276,0.33808703643703436,1.0,0.0,0.0,0.0,0.0,0.9760841062779199,1.0,-0.46410667241066167,-0.2128289624261387,1
C001277,0.6088850380961712,1.0,1.0,0.0,0.0,0.0,-0.0016295227149882177,0.0,2.1546770590601567,-0.2128289624261387,1
C001278,0.7592763158342043,1.0,1.0,0.0,0.0,0.0,-0.0016295227149882177,0.0,-0.46410667241066167,-0.2128289624261387,0
C001279,1.503268057416746,1.0,1.0,0.0,0.0,0.0,-0.9793431517078963,0.0,-0.46410667241066167,-0.2128289624261387,0
C001280,0.1616935284358845,1.0,0.0,0.0,0.0,0.0,0.9760841062779199,1.0,-0.46410667241066167,4.698608632023215,0
C001281,1.8480904263114253,1.0,0.0,1.0,0.0,0.0,-0.9793431517078963,0.0,-0.46410667241066167,-0.2128289624261387,0
C001282,0.0298083425067372,0.0,0.0,0.0,0.0,1.0,-0.0016295227149882177,1.0,-0.46410667241066167,-0.2128289624261387,0
C001283,-2.0091413170444103,0.0,0.0,0.0,1.0,0.0,-0.9793431517078963,1.0,-0.46410667241066167,-0.2128289624261387,0
C001284,0.5957667958012649,1.0,1.0,0.0,0.0,0.0,-0.9793431517078963,0.0,2.1546770590601567,-0.2128289624261387,0
C001285,-0.48414565026155554,0.0,0.0,0.0,0.0,1.0,-0.0016295227149882177,1.0,-0.46410667241066167,-0.2128289624261387,0
C001286,0.274369859576061,1.0,1.0,0.0,0.0,0.0,-0.0016295227149882177,0.0,-0.46410667241066167,-0.2128289624261387,1
C001287,-0.11496083139062155,0.0,0.0,0.0,0.0,1.0,-0.9793431517078963,1.0,-0.46410667241066167,-0.2128289624261387,0
C001288,-1.5411011723082904,0.0,1.0,0.0,1.0,0.0,-0.0016295227149882177,0.0,2.1546770590601567,-0.2128289624261387,0
C001289,0.7217956235630436,1.0,0.0,0.0,0.0,0.0,-0.9793431517078963,1.0,2.1546770590601567,-0.2128289624261387,0
C001290,0.3296538806760235,1.0,1.0,0.0,0.0,0.0,0.9760841062779199,0.0,2.1546770590601567,-0.2128289624261387,0
C001291,-2.0091413170444103,0.0,1.0,0.0,1.0,0.0,-0.0016295227149882177,0.0,-0.46410667241066167,-0.2128289624261387,0
C001292,0.1616935284358845,0.0,1.0,0.0,0.0,1.0,-0.9793431517078963,0.0,-0.46410667241066167,4.698608632023215,0
C001293,1.1500125327610558,1.0,1.0,0.0,0.0,0.0,-0.9793431517078963,0.0,2.1546770590601567,-0.2128289624261387,1
C001294,1.0638069405373858,1.0,1.0,0.0,0.0,0.0,-0.0016295227149882177,0.0,2.1546770590601567,-0.2128289624261387,1
C001295,0.33199642394297096,0.0,0.0,0.0,0.0,1.0,0.9760841062779199,1.0,-0.46410667241066167,-0.2128289624261387,1
C001296,0.41257991232596664,0.0,0.0,0.0,0.0,1.0,1.953797735270828,1.0,-0.46410667241066167,-0.2128289624261387,1
C001297,0.1616935284358845,1.0,1.0,0.0,0.0,0.0,-0.9793431517078963,0.0,-0.46410667241066167,4.698608632023215,0
C001298,0.7564652639138671,1.0,0.0,0.0,0.0,0.0,-0.9793431517078963,1.0,-0.46410667241066167,-0.2128289624261387,0
C001299,0.5339236535538499,1.0,0.0,0.0,0.0,0.0,-0.9793431517078963,1.0,-0.46410667241066167,-0.2128289624261387,0
C001300,0.23595214999812153,1.0,0.0,1.0,0.0,0.0,-0.9793431517078963,0.0,-0.46410667241066167,-0.2128289624261387,0
C001301,-0.5947136924614799,0.0,0.0,1.0,0.0,1.0,-0.0016295227149882177,0.0,-0.46410667241066167,-0.2128289624261387,0
C001302,-2.0091413170444103,0.0,0.0,1.0,1.0,0.0,-0.9793431517078963,0.0,-0.46410667241066167,-0.2128289624261387,0
C001303,-1.6821222769785324,0.0,0.0,1.0,1.0,0.0,-0.0016295227149882177,0.0,-0.46410667241066167,-0.2128289624261387,0
C001304,1.2029540105940701,1.0,0.0,1.0,0.0,0.0,-0.0016295227149882177,0.0,-0.46410667241066167,-0.2128289624261387,0
C001305,-2.0091413170444103,0.0,0.0,1.0,1.0,0.0,-0.0016295227149882177,0.0,-0.46410667241066167,-0.2128289624261387,0
C001306,0.9836919608077792,1.0,0.0,1.0,0.0,0.0,0.9760841062779199,0.0,-0.46410667241066167,-0.2128289624261387,0
C001307,0.8267415619222936,1.0,1.0,0.0,0.0,0.0,0.9760841062779199,0.0,-0.46410667241066167,-0.2128289624261387,1
C001308,0.11648244338379629,0.0,1.0,0.0,0.0,1.0,-0.0016295227149882177,0.0,-0.46410667241066167,-0.2128289624261387,0
C001309,0.3226262508751806,1.0,0.0,1.0,0.0,0.0,-0.0016295227149882177,0.0,-0.46410667241066167,-0.2128289624261387,0
C001310,0.9429317079628923,1.0,1.0,0.0,0.0,0.0,-0.9793431517078963,0.0,-0.46410667241066167,-0.2128289624261387,0
C001311,0.41585947289969355,0.0,0.0,1.0,0.0,1.0,0.9760841062779199,0.0,-0.46410667241066167,-0.2128289624261387,1
C001312,-0.7769635586299993,0.0,0.0,1.0,0.0,1.0,-0.9793431517078963,0.0,-0.46410667241066167,-0.2128289624261387,0
C001313,0.1616935284358845,0.0,0.0,0.0,1.0,0.0,-0.9793431517078963,1.0,-0.46410667241066167,4.698608632023215,0
C001314,-0.13276416021942306,0.0,1.0,0.0,0.0,1.0,-0.0016295227149882177,0.0,-0.46410667241066167,-0.2128289624261387,0
C001315,-2.0091413170444103,0.0,0.0,0.0,1.0,0.0,-0.0016295227149882177,1.0,-0.46410667241066167,-0.2128289624261387,0
C001316,0.1616935284358845,0.0,0.0,1.0,0.0,1.0,-0.0016295227149882177,0.0,2.1546770590601567,4.698608632023215,0
C001317,-0.03765690358135247,0.0,1.0,0.0,0.0,1.0,-0.0016295227149882177,0.0,-0.46410667241066167,-0.2128289624261387,1
C001318,-1.9323058978885308,0.0,0.0,1.0,1.0,0.0,-0.9793431517078963,0.0,-0.46410667241066167,-0.2128289624261387,0
C001319,-2.0091413170444103,0.0,0.0,0.0,1.0,0.0,-0.9793431517078963,1.0,-0.46410667241066167,-0.2128289624261387,0
C001320,0.6285624015385307,1.0,0.0,1.0,0.0,0.0,0.9760841062779199,0.0,-0.46410667241066167,-0.2128289624261387,0
C001321,1.5285675246997799,1.0,1.0,0.0,0.0,0.0,-0.0016295227149882177,0.0,-0.46410667241066167,-0.2128289624261387,1
C001322,-0.0076723497644238005,0.0,0.0,1.0,0.0,1.0,-0.9793431517078963,0.0,-0.46410667241066167,-0.2128289624261387,0
C001323,-0.25363939279391656,0.0,1.0,0.0,0.0,1.0,-0.9793431517078963,0.0,-0.46410667241066167,-0.2128289624261387,1
C001324,1.8279445542156767,1.0,0.0,0.0,0.0,0.0,-0.0016295227149882177,1.0,-0.46410667241066167,-0.2128289624261387,0
C001325,-2.0091413170444103,0.0,0.0,1.0,1.0,0.0,0.9760841062779199,0.0,-0.46410667241066167,-0.2128289624261387,0
C001326,-0.6396905231868729,0.0,1.0,0.0,0.0,1.0,-0.9793431517078963,0.0,-0.46410667241066167,-0.2128289624261387,1
C001327,0.41117438636579806,1.0,1.0,0.0,0.0,0.0,0.9760841062779199,0.0,-0.46410667241066167,-0.2128289624261387,1
C001328,-0.754943651920692,0.0,0.0,1.0,0.0,1.0,-0.0016295227149882177,0.0,-0.46410667241066167,-0.2128289624261387,0
C001329,0.1616935284358845,0.0,0.0,0.0,0.0,1.0,-0.0016295227149882177,1.0,-0.46410667241066167,4.698608632023215,0
C001330,1.4887442891616711,1.0,1.0,0.0,0.0,0.0,-0.0016295227149882177,0.0,-0.46410667241066167,-0.2128289624261387,1
C001331,-0.866917220080785,0.0,0.0,1.0,0.0,1.0,-0.0016295227149882177,0.0,-0.46410667241066167,-0.2128289624261387,0
C001332,0.8065956898265444,1.0,0.0,1.0,0.0,0.0,-0.0016295227149882177,0.0,-0.46410667241066167,-0.2128289624261387,0
C001333,-0.15618959288889855,0.0,0.0,1.0,0.0,1.0,0.9760841062779199,0.0,-0.46410667241066167,-0.2128289624261387,0
C001334,-0.796172413418969,0.0,0.0,0.0,0.0,1.0,-0.0016295227149882177,1.0,-0.46410667241066167,-0.2128289624261387,0
C001335,0.32356326818196013,1.0,1.0,0.0,0.0,0.0,0.9760841062779199,0.0,-0.46410667241066167,-0.2128289624261387,0
C001336,0.7152365024155904,1.0,0.0,0.0,0.0,0.0,-0.0016295227149882177,1.0,-0.46410667241066167,-0.2128289624261387,0
C001337,0.8154973542409456,1.0,1.0,0.0,0.0,0.0,0.9760841062779199,0.0,-0.46410667241066167,-0.2128289624261387,1
C001338,1.2441827720923468,1.0,1.0,0.0,0.0,0.0,1.953797735270828,0.0,2.1546770590601567,-0.2128289624261387,1
C001339,0.7217956235630436,1.0,1.0,0.0,0.0,0.0,-0.0016295227149882177,0.0,2.1546770590601567,-0.2128289624261387,1
C001340,0.07150561265840329,0.0,1.0,0.0,0.0,1.0,-0.9793431517078963,0.0,-0.46410667241066167,-0.2128289624261387,0
C001341,-0.8261569672358977,0.0,1.0,0.0,0.0,1.0,-0.0016295227149882177,0.0,-0.46410667241066167,-0.2128289624261387,1
C001342,0.7827017485036798,1.0,1.0,0.0,0.0,0.0,0.9760841062779199,0.0,-0.46410667241066167,-0.2128289624261387,1
C001343,-0.031097782433899303,1.0,1.0,0.0,0.0,0.0,-0.0016295227149882177,0.0,2.1546770590601567,-0.2128289624261387,1
C001344,-0.7671248769088196,0.0,1.0,0.0,0.0,1.0,-0.0016295227149882177,0.0,-0.46410667241066167,-0.2128289624261387,0
C001345,-1.2576534370076364,0.0,0.0,0.0,0.0,1.0,-0.9793431517078963,1.0,-0.46410667241066167,-0.2128289624261387,0
C001346,-0.6457811356809363,0.0,1.0,0.0,0.0,1.0,-0.9793431517078963,0.0,-0.46410667241066167,-0.2128289624261387,0
C001347,0.9593295108315248,1.0,1.0,0.0,0.0,0.0,-0.9793431517078963,0.0,-0.46410667241066167,-0.2128289624261387,1
C001348,-0.09622048525504122,0.0,1.0,0.0,0.0,1.0,-0.0016295227149882177,0.0,-0.46410667241066167,-0.2128289624261387,0
C001349,0.8431393647909262,1.0,1.0,0.0,0.0,0.0,-0.9793431517078963,0.0,-0.46410667241066167,-0.2128289624261387,1
C001350,-1.165357232289903,0.0,1.0,0.0,1.0,0.0,-0.9793431517078963,0.0,-0.46410667241066167,-0.2128289624261387,0
C001351,-1.1611406544093974,0.0,1.0,0.0,1.0,0.0,-0.9793431517078963,0.0,-0.46410667241066167,-0.2128289624261387,0
C001352,0.8698443580341286,1.0,1.0,0.0,0.0,0.0,-0.0016295227149882177,0.0,-0.46410667241066167,-0.2128289624261387,0
C001353,-0.23911562453884164,0.0,1.0,0.0,0.0,1.0,-0.9793431517078963,0.0,-0.46410667241066167,-0.2128289624261387,0
C001354,-0.023133135326277553,1.0,1.0,0.0,0.0,0.0,1.953797735270828,0.0,2.1546770590601567,-0.2128289624261387,0
C001355,-0.2995532408260884,0.0,1.0,0.0,0.0,1.0,-0.9793431517078963,0.0,2.1546770590601567,-0.2128289624261387,0
C001356,-1.7303786682776519,0.0,0.0,0.0,1.0,0.0,-0.0016295227149882177,1.0,-0.46410667241066167,-0.2128289624261387,0
C001357,0.2045620702210243,0.0,1.0,0.0,0.0,1.0,-0.9793431517078963,0.0,-0.46410667241066167,-0.2128289624261387,0
C001358,0.1616935284358845,0.0,1.0,0.0,0.0,1.0,0.9760841062779199,0.0,2.1546770590601567,4.698608632023215,0
C001359,1.5885366323336372,1.0,0.0,0.0,0.0,0.0,1.953797735270828,1.0,-0.46410667241066167,-0.2128289624261387,0
C001360,-1.2407871254856142,0.0,0.0,0.0,1.0,0.0,0.9760841062779199,1.0,2.1546770590601567,-0.2128289624261387,0
C001361,0.9691681925527043,1.0,0.0,0.0,0.0,0.0,-0.0016295227149882177,1.0,-0.46410667241066167,-0.2128289624261387,0
C001362,0.7986310427189233,1.0,0.0,0.0,0.0,0.0,-0.0016295227149882177,1.0,-0.46410667241066167,-0.2128289624261387,0
C001363,-0.4218339993607505,0.0,1.0,0.0,0.0,1.0,-0.0016295227149882177,0.0,-0.46410667241066167,-0.2128289624261387,0
C001364,0.008725453104209116,0.0,0.0,1.0,0.0,1.0,-0.9793431517078963,0.0,-0.46410667241066167,-0.2128289624261387,0
C001365,1.1523550760280032,1.0,0.0,0.0,0.0,0.0,0.9760841062779199,1.0,-0.46410667241066167,-0.2128289624261387,1
C001366,0.6435546784469954,1.0,0.0,1.0,0.0,0.0,-0.0016295227149882177,0.0,-0.46410667241066167,-0.2128289624261387,0
C001367,-0.46446828681919605,0.0,1.0,0.0,0.0,1.0,-0.0016295227149882177,0.0,-0.46410667241066167,-0.2128289624261387,1
C001368,0.7485006168062454,1.0,1.0,0.0,0.0,0.0,0.9760841062779199,0.0,-0.46410667241066167,-0.2128289624261387,1
C001369,0.15208910104139894,0.0,0.0,1.0,0.0,1.0,-0.9793431517078963,0.0,-0.46410667241066167,-0.2128289624261387,0
C001370,0.15817971353546303,0.0,1.0,0.0,0.0,1.0,-0.0016295227149882177,0.0,-0.46410667241066167,-0.2128289624261387,1
C001371,0.9537074069908505,1.0,0.0,1.0,0.0,0.0,-0.0016295227149882177,0.0,-0.46410667241066167,-0.2128289624261387,0
C001372,0.6041999515622763,1.0,0.0,0.0,0.0,0.0,-0.0016295227149882177,1.0,2.1546770590601567,-0.2128289624261387,0
C001373,-0.3735776080616312,0.0,1.0,0.0,0.0,1.0,-0.0016295227149882177,0.0,-0.46410667241066167,-0.2128289624261387,0
C001374,1.0000897636764126,1.0,0.0,0.0,0.0,0.0,-0.0016295227149882177,1.0,-0.46410667241066167,-0.2128289624261387,0
C001375,0.7695835062087735,1.0,1.0,0.0,0.0,0.0,-0.9793431517078963,0.0,-0.46410667241066167,-0.2128289624261387,0
C001376,-2.0091413170444103,0.0,0.0,1.0,1.0,0.0,-0.0016295227149882177,0.0,2.1546770590601567,-0.2128289624261387,0
C001377,-0.9451581651968333,0.0,0.0,0.0,0.0,1.0,-0.9793431517078963,1.0,-0.46410667241066167,-0.2128289624261387,0
C001378,0.12678963375836577,1.0,0.0,0.0,0.0,0.0,0.9760841062779199,1.0,-0.46410667241066167,-0.2128289624261387,1
C001379,1.2751043432160545,1.0,1.0,0.0,0.0,0.0,-0.9793431517078963,0.0,2.1546770590601567,-0.2128289624261387,1
C001380,-0.07654312181268172,0.0,1.0,0.0,0.0,1.0,-0.9793431517078963,0.0,-0.46410667241066167,-0.2128289624261387,1
C001381,0.5320496189402916,0.0,1.0,0.0,0.0,1.0,-0.9793431517078963,0.0,-0.46410667241066167,-0.2128289624261387,0
C001382,0.4495920959437382,1.0,1.0,0.0,0.0,0.0,-0.9793431517078963,0.0,-0.46410667241066167,-0.2128289624261387,0
C001383,0.20034549234051854,1.0,0.0,1.0,0.0,0.0,-0.9793431517078963,0.0,-0.46410667241066167,-0.2128289624261387,1
C001384,0.6646375678495228,1.0,1.0,0.0,0.0,0.0,-0.9793431517078963,0.0,-0.46410667241066167,-0.2128289624261387,0
C001385,-1.9074749392588868,0.0,1.0,0.0,1.0,0.0,-0.9793431517078963,0.0,-0.46410667241066167,-0.2128289624261387,0
C001386,-0.2653521091286543,0.0,0.0,1.0,0.0,1.0,-0.9793431517078963,0.0,-0.46410667241066167,-0.2128289624261387,0
C001387,-1.7416228759590002,0.0,1.0,0.0,1.0,0.0,-0.9793431517078963,0.0,2.1546770590601567,-0.2128289624261387,0
C001388,-1.073529536225559,0.0,0.0,0.0,0.0,1.0,-0.0016295227149882177,1.0,-0.46410667241066167,-0.2128289624261387,0
C001389,-0.3693610301811255,0.0,0.0,1.0,0.0,1.0,-0.0016295227149882177,0.0,-0.46410667241066167,-0.2128289624261387,0
C001390,-1.561247044404039,0.0,0.0,0.0,1.0,0.0,-0.9793431517078963,1.0,-0.46410667241066167,-0.2128289624261387,0
C001391,-0.19085923323972206,0.0,1.0,0.0,0.0,1.0,1.953797735270828,0.0,-0.46410667241066167,-0.2128289624261387,0
C001392,0.9883770473416748,1.0,0.0,0.0,0.0,0.0,-0.0016295227149882177,1.0,-0.46410667241066167,-0.2128289624261387,0
C001393,1.1842136644584895,1.0,1.0,0.0,0.0,0.0,1.953797735270828,0.0,-0.46410667241066167,-0.2128289624261387,0
C001394,-0.351557701352324,0.0,1.0,0.0,0.0,1.0,-0.9793431517078963,0.0,-0.46410667241066167,-0.2128289624261387,0
C001395,-1.83766714990385,0.0,0.0,1.0,1.0,0.0,-0.0016295227149882177,0.0,-0.46410667241066167,-0.2128289624261387,0
C001396,0.7990995513723124,1.0,0.0,0.0,0.0,0.0,0.9760841062779199,1.0,-0.46410667241066167,-0.2128289624261387,0
C001397,-0.2222493130168193,0.0,1.0,0.0,0.0,1.0,-0.9793431517078963,0.0,-0.46410667241066167,-0.2128289624261387,1
C001398,1.5824460198395731,1.0,0.0,0.0,0.0,0.0,-0.9793431517078963,1.0,-0.46410667241066167,-0.2128289624261387,1
C001399,-0.24239518511256822,0.0,0.0,0.0,0.0,1.0,-0.0016295227149882177,1.0,-0.46410667241066167,-0.2128289624261387,0
C001400,0.16145927410918928,1.0,0.0,1.0,0.0,0.0,-0.0016295227149882177,0.0,2.1546770590601567,-0.2128289624261387,0
C001401,0.41960754212680956,1.0,0.0,0.0,0.0,0.0,-0.9793431517078963,1.0,-0.46410667241066167,-0.2128289624261387,0
C001402,-2.0091413170444103,0.0,0.0,1.0,1.0,0.0,-0.0016295227149882177,0.0,-0.46410667241066167,-0.2128289624261387,0
C001403,-0.2494228149134108,0.0,0.0,0.0,0.0,1.0,-0.9793431517078963,1.0,-0.46410667241066167,-0.2128289624261387,0
C001404,-0.3684240128743463,0.0,1.0,0.0,0.0,1.0,-0.9793431517078963,0.0,-0.46410667241066167,-0.2128289624261387,0
C001405,1.3317938902761854,1.0,1.0,0.0,0.0,0.0,-0.9793431517078963,0.0,-0.46410667241066167,-0.2128289624261387,0
C001406,-1.099297512161982,0.0,1.0,0.0,1.0,0.0,-0.9793431517078963,0.0,-0.46410667241066167,-0.2128289624261387,0
C001407,1.6564703870751156,1.0,1.0,0.0,0.0,0.0,0.9760841062779199,0.0,2.1546770590601567,-0.2128289624261387,1
C001408,0.5418883006614716,1.0,1.0,0.0,0.0,0.0,-0.9793431517078963,0.0,-0.46410667241066167,-0.2128289624261387,1
C001409,0.9893140646484535,1.0,1.0,0.0,0.0,0.0,0.9760841062779199,0.0,-0.46410667241066167,-0.2128289624261387,1
C001410,1.4475155276633944,1.0,1.0,0.0,0.0,0.0,-0.0016295227149882177,0.0,-0.46410667241066167,-0.2128289624261387,1
C001411,0.1235100731846392,0.0,1.0,0.0,0.0,1.0,1.953797735270828,0.0,-0.46410667241066167,-0.2128289624261387,0
C001412,-1.9168451123266772,0.0,0.0,1.0,1.0,0.0,-0.9793431517078963,0.0,-0.46410667241066167,-0.2128289624261387,0
C001413,-1.223452305310202,0.0,1.0,0.0,0.0,1.0,1.953797735270828,0.0,-0.46410667241066167,-0.2128289624261387,0
C001414,0.1616935284358845,1.0,1.0,0.0,0.0,0.0,-0.0016295227149882177,0.0,2.1546770590601567,4.698608632023215,1
C001415,1.7562627302470817,1.0,0.0,0.0,0.0,0.0,-0.0016295227149882177,1.0,2.1546770590601567,-0.2128289624261387,0
C001416,0.12023051261091262,0.0,1.0,0.0,0.0,1.0,-0.0016295227149882177,0.0,-0.46410667241066167,-0.2128289624261387,0
C001417,0.97338477043321,1.0,1.0,0.0,0.0,0.0,1.953797735270828,0.0,-0.46410667241066167,-0.2128289624261387,1
C001418,-0.4705588993132595,0.0,1.0,0.0,0.0,1.0,-0.9793431517078963,0.0,-0.46410667241066167,-0.2128289624261387,0
C001419,0.6374640659529313,1.0,0.0,1.0,0.0,0.0,-0.0016295227149882177,0.0,-0.46410667241066167,-0.2128289624261387,0
C001420,-0.45884618297852175,0.0,1.0,0.0,0.0,1.0,-0.9793431517078963,0.0,-0.46410667241066167,-0.2128289624261387,0
C001421,0.6191922284707404,0.0,1.0,0.0,0.0,1.0,-0.0016295227149882177,0.0,2.1546770590601567,-0.2128289624261387,0
C001422,0.7175790456825378,1.0,1.0,0.0,0.0,0.0,2.931511364263736,0.0,-0.46410667241066167,-0.2128289624261387,0
C001423,-0.07841715642623973,1.0,0.0,0.0,0.0,0.0,-0.0016295227149882177,1.0,-0.46410667241066167,-0.2128289624261387,0
C001424,-1.0252731449264394,0.0,0.0,1.0,0.0,1.0,-0.9793431517078963,0.0,-0.46410667241066167,-0.2128289624261387,0
C001425,-1.1503649553814388,0.0,1.0,0.0,0.0,1.0,-0.0016295227149882177,0.0,-0.46410667241066167,-0.2128289624261387,0
C001426,-0.33609691579047024,1.0,0.0,1.0,0.0,0.0,-0.9793431517078963,0.0,-0.46410667241066167,-0.2128289624261387,0
C001427,0.1616935284358845,1.0,0.0,0.0,0.0,0.0,2.931511364263736,1.0,2.1546770590601567,4.698608632023215,1
C001428,-0.7240220807969846,0.0,0.0,1.0,0.0,1.0,0.9760841062779199,0.0,2.1546770590601567,-0.2128289624261387,0
C001429,0.5048761170437001,1.0,0.0,1.0,0.0,0.0,0.9760841062779199,0.0,2.1546770590601567,-0.2128289624261387,0
C001430,-0.5642606299911614,0.0,0.0,1.0,0.0,1.0,-0.9793431517078963,0.0,-0.46410667241066167,-0.2128289624261387,0
C001431,0.9021714551180047,1.0,1.0,0.0,0.0,0.0,1.953797735270828,0.0,-0.46410667241066167,-0.2128289624261387,0
C001432,0.01996966078555745,0.0,0.0,1.0,0.0,1.0,-0.9793431517078963,0.0,-0.46410667241066167,-0.2128289624261387,0
C001433,-1.3818082301558565,0.0,0.0,0.0,1.0,0.0,-0.0016295227149882177,1.0,-0.46410667241066167,-0.2128289624261387,0
C001434,1.0652124664975544,1.0,1.0,0.0,0.0,0.0,-0.0016295227149882177,0.0,-0.46410667241066167,-0.2128289624261387,0
C001435,-1.9163766036732874,0.0,1.0,0.0,1.0,0.0,-0.0016295227149882177,0.0,-0.46410667241066167,-0.2128289624261387,0
C001436,-1.22579484857715,0.0,1.0,0.0,1.0,0.0,1.953797735270828,0.0,-0.46410667241066167,-0.2128289624261387,0
C001437,-0.3881013763167058,0.0,1.0,0.0,0.0,1.0,-0.9793431517078963,0.0,-0.46410667241066167,-0.2128289624261387,0
C001438,1.7211245812428684,1.0,1.0,0.0,0.0,0.0,-0.9793431517078963,0.0,-0.46410667241066167,-0.2128289624261387,0
C001439,0.23595214999812153,0.0,1.0,0.0,0.0,1.0,0.9760841062779199,0.0,-0.46410667241066167,-0.2128289624261387,1
C001440,0.03777298961435862,0.0,1.0,0.0,0.0,1.0,-0.0016295227149882177,0.0,-0.46410667241066167,-0.2128289624261387,0
C001441,0.09867911455499512,1.0,1.0,0.0,0.0,0.0,-0.0016295227149882177,0.0,-0.46410667241066167,-0.2128289624261387,0
C001442,0.6084165294427821,1.0,1.0,0.0,0.0,0.0,-0.0016295227149882177,0.0,-0.46410667241066167,-0.2128289624261387,1
C001443,0.4875412968682886,1.0,1.0,0.0,0.0,0.0,-0.9793431517078963,0.0,-0.46410667241066167,-0.2128289624261387,0
C001444,0.03449342904063203,1.0,0.0,1.0,0.0,0.0,1.953797735270828,0.0,-0.46410667241066167,-0.2128289624261387,0
C001445,0.5503214564224824,1.0,0.0,0.0,0.0,0.0,-0.9793431517078963,1.0,-0.46410667241066167,-0.2128289624261387,0
C001446,0.8047216552129867,1.0,0.0,0.0,0.0,0.0,-0.9793431517078963,1.0,-0.46410667241066167,-0.2128289624261387,0
C001447,-0.42839312050820366,0.0,0.0,1.0,0.0,1.0,-0.0016295227149882177,0.0,-0.46410667241066167,-0.2128289624261387,0
C001448,0.013410539638104282,0.0,1.0,0.0,0.0,1.0,-0.9793431517078963,0.0,-0.46410667241066167,-0.2128289624261387,0
C001449,0.5967038131080444,1.0,0.0,1.0,0.0,0.0,-0.0016295227149882177,0.0,-0.46410667241066167,-0.2128289624261387,0
C001450,-0.6748286721910861,0.0,0.0,0.0,0.0,1.0,-0.0016295227149882177,1.0,2.1546770590601567,-0.2128289624261387,1
C001451,1.060527379963659,1.0,1.0,0.0,0.0,0.0,-0.9793431517078963,0.0,2.1546770590601567,-0.2128289624261387,0
C001452,0.5133092728047115,1.0,0.0,0.0,0.0,0.0,-0.0016295227149882177,1.0,-0.46410667241066167,-0.2128289624261387,0
C001453,0.9443372339230609,1.0,1.0,0.0,0.0,0.0,-0.0016295227149882177,0.0,2.1546770590601567,-0.2128289624261387,0
C001454,0.2799919634167354,1.0,1.0,0.0,0.0,0.0,-0.9793431517078963,0.0,-0.46410667241066167,-0.2128289624261387,1
C001455,0.3071654653133269,0.0,1.0,0.0,0.0,1.0,-0.0016295227149882177,0.0,-0.46410667241066167,-0.2128289624261387,0
C001456,-0.04843260260931105,0.0,1.0,0.0,0.0,1.0,-0.0016295227149882177,0.0,-0.46410667241066167,-0.2128289624261387,0
C001457,-0.5211578338793268,0.0,1.0,0.0,0.0,1.0,-0.9793431517078963,0.0,-0.46410667241066167,-0.2128289624261387,1
C001458,-0.6621789385495692,0.0,0.0,1.0,0.0,1.0,-0.0016295227149882177,0.0,-0.46410667241066167,-0.2128289624261387,0
C001459,-1.499872410810013,0.0,1.0,0.0,1.0,0.0,-0.0016295227149882177,0.0,2.1546770590601567,-0.2128289624261387,0
C001460,-1.4581751406583467,0.0,1.0,0.0,1.0,0.0,-0.9793431517078963,0.0,-0.46410667241066167,-0.2128289624261387,0
C001461,0.4969114699360783,1.0,1.0,0.0,0.0,0.0,-0.0016295227149882177,0.0,-0.46410667241066167,-0.2128289624261387,0
C001462,-0.24895430626002138,0.0,1.0,0.0,0.0,1.0,-0.9793431517078963,0.0,-0.46410667241066167,-0.2128289624261387,0
C001463,1.545433836221802,1.0,0.0,0.0,0.0,0.0,-0.0016295227149882177,1.0,-0.46410667241066167,-0.2128289624261387,1
C001464,-0.2836239466108452,0.0,1.0,0.0,0.0,1.0,-0.9793431517078963,0.0,-0.46410667241066167,-0.2128289624261387,1
C001465,0.5053446256970898,1.0,0.0,0.0,0.0,0.0,-0.0016295227149882177,1.0,-0.46410667241066167,-0.2128289624261387,0
C001466,0.6693226543834183,1.0,1.0,0.0,0.0,0.0,-0.9793431517078963,0.0,-0.46410667241066167,-0.2128289624261387,1
C001467,-1.5387586290413424,0.0,1.0,0.0,1.0,0.0,-0.9793431517078963,0.0,-0.46410667241066167,-0.2128289624261387,0
C001468,0.8862421609027612,1.0,1.0,0.0,0.0,0.0,0.9760841062779199,0.0,-0.46410667241066167,-0.2128289624261387,0
C001469,0.1616935284358845,0.0,0.0,1.0,0.0,1.0,-0.0016295227149882177,0.0,-0.46410667241066167,4.698608632023215,0
C001470,0.3095080085802743,0.0,1.0,0.0,0.0,1.0,-0.9793431517078963,0.0,-0.46410667241066167,-0.2128289624261387,1
C001471,-0.2203752784032613,0.0,0.0,0.0,0.0,1.0,-0.9793431517078963,1.0,-0.46410667241066167,-0.2128289624261387,0
C001472,-2.0091413170444103,0.0,1.0,0.0,1.0,0.0,-0.9793431517078963,0.0,-0.46410667241066167,-0.2128289624261387,0
C001473,0.39009149696326995,1.0,1.0,0.0,0.0,0.0,-0.9793431517078963,0.0,-0.46410667241066167,-0.2128289624261387,0
C001474,0.34792571815821444,1.0,1.0,0.0,0.0,0.0,-0.0016295227149882177,0.0,-0.46410667241066167,-0.2128289624261387,0
C001475,1.4329917594083195,1.0,0.0,0.0,0.0,0.0,-0.9793431517078963,1.0,-0.46410667241066167,-0.2128289624261387,0
C001476,-0.6200131597445134,0.0,1.0,0.0,0.0,1.0,-0.0016295227149882177,0.0,-0.46410667241066167,-0.2128289624261387,0
C001477,0.018564134825388868,0.0,0.0,1.0,0.0,1.0,0.9760841062779199,0.0,-0.46410667241066167,-0.2128289624261387,0
C001478,0.8993604031976675,1.0,0.0,1.0,0.0,0.0,-0.0016295227149882177,0.0,-0.46410667241066167,-0.2128289624261387,0
C001479,0.5990463563749918,1.0,0.0,1.0,0.0,0.0,2.931511364263736,0.0,2.1546770590601567,-0.2128289624261387,0
C001480,-0.3791997119023052,0.0,1.0,0.0,0.0,1.0,-0.9793431517078963,0.0,-0.46410667241066167,-0.2128289624261387,0
C001481,-1.6638504394963414,0.0,1.0,0.0,1.0,0.0,-0.9793431517078963,0.0,-0.46410667241066167,-0.2128289624261387,0
C001482,0.8988918945442778,1.0,1.0,0.0,0.0,0.0,-0.0016295227149882177,0.0,-0.46410667241066167,-0.2128289624261387,1
C001483,0.23923171057184778,1.0,0.0,1.0,0.0,0.0,-0.0016295227149882177,0.0,2.1546770590601567,-0.2128289624261387,1
C001484,-2.0091413170444103,0.0,1.0,0.0,1.0,0.0,-0.9793431517078963,0.0,-0.46410667241066167,-0.2128289624261387,0
C001485,0.09024595879398395,0.0,1.0,0.0,0.0,1.0,-0.9793431517078963,0.0,-0.46410667241066167,-0.2128289624261387,0
C001486,-0.7090298038885202,0.0,1.0,0.0,0.0,1.0,-0.9793431517078963,0.0,-0.46410667241066167,-0.2128289624261387,0
C001487,0.2350151326913427,0.0,1.0,0.0,0.0,1.0,-0.0016295227149882177,0.0,-0.46410667241066167,-0.2128289624261387,1
C001488,0.3868119363895437,1.0,0.0,1.0,0.0,0.0,1.953797735270828,0.0,-0.46410667241066167,-0.2128289624261387,0
C001489,-0.37685716863535745,0.0,0.0,0.0,0.0,1.0,-0.9793431517078963,1.0,-0.46410667241066167,-0.2128289624261387,0
C001490,1.1279926260517483,1.0,1.0,0.0,0.0,0.0,1.953797735270828,0.0,-0.46410667241066167,-0.2128289624261387,0
C001491,1.3702115998541249,1.0,0.0,0.0,0.0,0.0,-0.9793431517078963,1.0,-0.46410667241066167,-0.2128289624261387,0
C001492,0.16145927410918928,0.0,1.0,0.0,0.0,1.0,-0.0016295227149882177,0.0,-0.46410667241066167,-0.2128289624261387,0
C001493,-0.7727469807494936,0.0,0.0,1.0,0.0,1.0,-0.0016295227149882177,0.0,-0.46410667241066167,-0.2128289624261387,0
C001494,-1.654948775081941,0.0,1.0,0.0,1.0,0.0,-0.9793431517078963,0.0,-0.46410667241066167,-0.2128289624261387,0
C001495,-0.1032481150558838,0.0,1.0,0.0,0.0,1.0,-0.9793431517078963,0.0,2.1546770590601567,-0.2128289624261387,0
C001496,-0.531465024253896,0.0,1.0,0.0,0.0,1.0,-0.0016295227149882177,0.0,-0.46410667241066167,-0.2128289624261387,0
C001497,-1.1086676852297723,0.0,1.0,0.0,1.0,0.0,-0.0016295227149882177,0.0,-0.46410667241066167,-0.2128289624261387,0
C001498,-1.6118459789701058,0.0,1.0,0.0,1.0,0.0,-0.0016295227149882177,0.0,-0.46410667241066167,-0.2128289624261387,0
C001499,0.3052914306997692,0.0,1.0,0.0,0.0,1.0,0.9760841062779199,0.0,-0.46410667241066167,-0.2128289624261387,0
C001500,0.7855128004240169,1.0,0.0,0.0,0.0,0.0,-0.0016295227149882177,1.0,-0.46410667241066167,-0.2128289624261387,1
C001501,0.7241381668299911,1.0,1.0,0.0,0.0,0.0,-0.0016295227149882177,0.0,-0.46410667241066167,-0.2128289624261387,1
C001502,0.2828030153370725,1.0,0.0,0.0,0.0,0.0,-0.9793431517078963,1.0,-0.46410667241066167,-0.2128289624261387,0
C001503,0.9729162617798209,1.0,1.0,0.0,0.0,0.0,-0.0016295227149882177,0.0,-0.46410667241066167,-0.2128289624261387,1
C001504,-0.04843260260931105,1.0,0.0,1.0,0.0,0.0,1.953797735270828,0.0,-0.46410667241066167,-0.2128289624261387,0
C001505,-0.38669585035653725,0.0,0.0,1.0,0.0,1.0,0.9760841062779199,0.0,-0.46410667241066167,-0.2128289624261387,0
C001506,0.4556827084378016,1.0,1.0,0.0,0.0,0.0,0.9760841062779199,0.0,-0.46410667241066167,-0.2128289624261387,0
C001507,0.9597980194849146,1.0,0.0,0.0,0.0,0.0,0.9760841062779199,1.0,-0.46410667241066167,-0.2128289624261387,0
C001508,-0.1777409909448157,0.0,1.0,0.0,0.0,1.0,-0.9793431517078963,0.0,-0.46410667241066167,-0.2128289624261387,0
C001509,0.10992332223634312,1.0,0.0,0.0,0.0,0.0,-0.9793431517078963,1.0,-0.46410667241066167,-0.2128289624261387,0
C001510,-2.0091413170444103,0.0,1.0,0.0,1.0,0.0,0.9760841062779199,0.0,-0.46410667241066167,-0.2128289624261387,0
C001511,1.0160190578916553,1.0,1.0,0.0,0.0,0.0,-0.9793431517078963,0.0,-0.46410667241066167,-0.2128289624261387,0
C001512,0.731634305284223,1.0,0.0,1.0,0.0,0.0,0.9760841062779199,0.0,-0.46410667241066167,-0.2128289624261387,0
C001513,-1.643236058747203,0.0,0.0,1.0,1.0,0.0,-0.0016295227149882177,0.0,-0.46410667241066167,-0.2128289624261387,0
C001514,0.8956123339705515,1.0,1.0,0.0,0.0,0.0,0.9760841062779199,0.0,-0.46410667241066167,-0.2128289624261387,1
C001515,0.7063348380011892,1.0,1.0,0.0,0.0,0.0,-0.9793431517078963,0.0,2.1546770590601567,-0.2128289624261387,0
C001516,-1.4708248742998635,0.0,1.0,0.0,1.0,0.0,0.9760841062779199,0.0,-0.46410667241066167,-0.2128289624261387,1
C001517,-1.535010559814226,0.0,1.0,0.0,1.0,0.0,0.9760841062779199,0.0,-0.46410667241066167,-0.2128289624261387,1
C001518,1.5013940228031883,1.0,1.0,0.0,0.0,0.0,2.931511364263736,0.0,-0.46410667241066167,-0.2128289624261387,1
C001519,-1.7275676163573148,0.0,1.0,0.0,1.0,0.0,-0.0016295227149882177,0.0,-0.46410667241066167,-0.2128289624261387,0
C001520,0.8014420946392598,1.0,1.0,0.0,0.0,0.0,-0.0016295227149882177,0.0,-0.46410667241066167,-0.2128289624261387,0
C001521,-1.9234042334741304,0.0,1.0,0.0,1.0,0.0,-0.0016295227149882177,0.0,2.1546770590601567,-0.2128289624261387,0
C001522,-2.0091413170444103,0.0,1.0,0.0,1.0,0.0,0.9760841062779199,0.0,-0.46410667241066167,-0.2128289624261387,0
C001523,1.2118556750084708,1.0,0.0,1.0,0.0,0.0,1.953797735270828,0.0,2.1546770590601567,-0.2128289624261387,0
C001524,-0.6321943847326406,0.0,0.0,0.0,0.0,1.0,-0.9793431517078963,1.0,-0.46410667241066167,-0.2128289624261387,0
C001525,1.934764527188485,1.0,0.0,0.0,0.0,0.0,-0.0016295227149882177,1.0,2.1546770590601567,-0.2128289624261387,1
C001526,-0.4888307367954504,0.0,0.0,0.0,0.0,1.0,-0.9793431517078963,1.0,-0.46410667241066167,-0.2128289624261387,0
C001527,0.8764034791815818,1.0,1.0,0.0,0.0,0.0,-0.0016295227149882177,0.0,-0.46410667241066167,-0.2128289624261387,1
C001528,1.3481916931448181,1.0,0.0,0.0,0.0,0.0,-0.0016295227149882177,1.0,-0.46410667241066167,-0.2128289624261387,0
C001529,1.559957604476877,1.0,1.0,0.0,0.0,0.0,-0.9793431517078963,0.0,2.1546770590601567,-0.2128289624261387,0
C001530,0.872186901301076,1.0,0.0,1.0,0.0,0.0,-0.0016295227149882177,0.0,-0.46410667241066167,-0.2128289624261387,1
C001531,-0.016574014178824384,0.0,1.0,0.0,0.0,1.0,-0.0016295227149882177,0.0,-0.46410667241066167,-0.2128289624261387,0
C001532,0.7803592052367324,1.0,0.0,1.0,0.0,0.0,-0.0016295227149882177,0.0,-0.46410667241066167,-0.2128289624261387,0
C001533,1.0984765808882093,1.0,0.0,0.0,0.0,0.0,-0.9793431517078963,1.0,-0.46410667241066167,-0.2128289624261387,0
C001534,0.6023259169487181,1.0,1.0,0.0,0.0,0.0,0.9760841062779199,0.0,-0.46410667241066167,-0.2128289624261387,0
C001535,-0.857547047012995,0.0,0.0,0.0,0.0,1.0,-0.0016295227149882177,1.0,-0.46410667241066167,-0.2128289624261387,0
C001536,-0.41527487821329734,0.0,1.0,0.0,0.0,1.0,-0.9793431517078963,0.0,-0.46410667241066167,-0.2128289624261387,0
C001537,1.0577163280433217,1.0,1.0,0.0,0.0,0.0,-0.0016295227149882177,0.0,-0.46410667241066167,-0.2128289624261387,1
C001538,0.48379322764117194,1.0,1.0,0.0,0.0,0.0,-0.9793431517078963,0.0,-0.46410667241066167,-0.2128289624261387,0
C001539,-0.43682627626921483,0.0,0.0,0.0,0.0,1.0,-0.9793431517078963,1.0,-0.46410667241066167,-0.2128289624261387,0
C001540,0.25937758266759703,0.0,1.0,0.0,0.0,1.0,-0.0016295227149882177,0.0,-0.46410667241066167,-0.2128289624261387,1
C001541,0.746158073539298,1.0,1.0,0.0,0.0,0.0,-0.0016295227149882177,0.0,-0.46410667241066167,-0.2128289624261387,0
C001542,0.7719260494757209,1.0,1.0,0.0,0.0,0.0,0.9760841062779199,0.0,-0.46410667241066167,-0.2128289624261387,0
C001543,-0.3651444523006197,0.0,1.0,0.0,0.0,1.0,-0.9793431517078963,0.0,-0.46410667241066167,-0.2128289624261387,0
C001544,0.8426708561375371,1.0,0.0,0.0,0.0,0.0,-0.0016295227149882177,1.0,-0.46410667241066167,-0.2128289624261387,0
C001545,-0.8406807354909727,0.0,1.0,0.0,0.0,1.0,-0.0016295227149882177,0.0,-0.46410667241066167,-0.2128289624261387,0
C001546,-0.4026251445717807,0.0,0.0,0.0,0.0,1.0,-0.9793431517078963,1.0,-0.46410667241066167,-0.2128289624261387,0
C001547,-0.8341216143435195,0.0,0.0,1.0,0.0,1.0,-0.9793431517078963,0.0,-0.46410667241066167,-0.2128289624261387,0
C001548,-0.8481768739452047,0.0,0.0,1.0,0.0,1.0,-0.9793431517078963,0.0,-0.46410667241066167,-0.2128289624261387,0
C001549,-2.0091413170444103,0.0,1.0,0.0,1.0,0.0,0.9760841062779199,0.0,-0.46410667241066167,-0.2128289624261387,0
C001550,1.1008191241551568,1.0,1.0,0.0,0.0,0.0,-0.0016295227149882177,0.0,-0.46410667241066167,-0.2128289624261387,1
C001551,-2.0091413170444103,0.0,1.0,0.0,1.0,0.0,3.909224993256644,0.0,-0.46410667241066167,-0.2128289624261387,0
C001552,0.7681779802486048,1.0,1.0,0.0,0.0,0.0,0.9760841062779199,0.0,2.1546770590601567,-0.2128289624261387,1
C001553,1.557615061209929,1.0,1.0,0.0,0.0,0.0,-0.0016295227149882177,0.0,2.1546770590601567,-0.2128289624261387,1
C001554,-0.3154825350413319,0.0,0.0,0.0,0.0,1.0,-0.0016295227149882177,1.0,-0.46410667241066167,-0.2128289624261387,0
C001555,-1.37852866958213,0.0,1.0,0.0,1.0,0.0,-0.0016295227149882177,0.0,-0.46410667241066167,-0.2128289624261387,0
C001556,-0.48601968487511354,0.0,1.0,0.0,0.0,1.0,-0.9793431517078963,0.0,-0.46410667241066167,-0.2128289624261387,0
C001557,-1.812836191274206,0.0,1.0,0.0,1.0,0.0,-0.0016295227149882177,0.0,-0.46410667241066167,-0.2128289624261387,1
C001558,1.0047748502103073,1.0,1.0,0.0,0.0,0.0,-0.9793431517078963,0.0,2.1546770590601567,-0.2128289624261387,1
C001559,0.9569869675645775,1.0,0.0,0.0,0.0,0.0,-0.0016295227149882177,1.0,-0.46410667241066167,-0.2128289624261387,1
C001560,-0.17165037845075232,0.0,1.0,0.0,0.0,1.0,-0.0016295227149882177,0.0,-0.46410667241066167,-0.2128289624261387,0
C001561,0.8464189253646531,1.0,1.0,0.0,0.0,0.0,2.931511364263736,0.0,-0.46410667241066167,-0.2128289624261387,1
C001562,0.5793689929326323,1.0,0.0,0.0,0.0,0.0,-0.9793431517078963,1.0,-0.46410667241066167,-0.2128289624261387,0
C001563,0.1616935284358845,0.0,1.0,0.0,1.0,0.0,1.953797735270828,0.0,-0.46410667241066167,4.698608632023215,0
C001564,-1.9355854584622574,0.0,0.0,0.0,1.0,0.0,-0.0016295227149882177,1.0,-0.46410667241066167,-0.2128289624261387,0
C001565,0.14599848854733555,0.0,1.0,0.0,0.0,1.0,-0.0016295227149882177,0.0,-0.46410667241066167,-0.2128289624261387,1
C001566,0.1670813779498636,1.0,0.0,0.0,0.0,0.0,-0.0016295227149882177,1.0,-0.46410667241066167,-0.2128289624261387,0
C001567,-0.08075969969318747,1.0,1.0,0.0,0.0,0.0,-0.0016295227149882177,0.0,-0.46410667241066167,-0.2128289624261387,0
C001568,-2.0091413170444103,0.0,1.0,0.0,1.0,0.0,-0.9793431517078963,0.0,-0.46410667241066167,-0.2128289624261387,0
C001569,-2.0091413170444103,0.0,0.0,0.0,1.0,0.0,0.9760841062779199,1.0,2.1546770590601567,-0.2128289624261387,0
C001570,-0.254107901447306,0.0,1.0,0.0,0.0,1.0,-0.0016295227149882177,0.0,2.1546770590601567,-0.2128289624261387,0
C001571,1.217477778849145,1.0,0.0,0.0,0.0,0.0,-0.9793431517078963,1.0,-0.46410667241066167,-0.2128289624261387,0
C001572,0.35167378738533045,1.0,0.0,1.0,0.0,0.0,1.953797735270828,0.0,-0.46410667241066167,-0.2128289624261387,0
C001573,1.1884302423389954,1.0,1.0,0.0,0.0,0.0,-0.9793431517078963,0.0,-0.46410667241066167,-0.2128289624261387,1
C001574,0.7269492187503283,1.0,1.0,0.0,0.0,0.0,-0.0016295227149882177,0.0,-0.46410667241066167,-0.2128289624261387,0
C001575,-2.0091413170444103,0.0,0.0,0.0,1.0,0.0,-0.9793431517078963,1.0,-0.46410667241066167,-0.2128289624261387,0
C001576,1.0043063415569176,1.0,1.0,0.0,0.0,0.0,-0.9793431517078963,0.0,2.1546770590601567,-0.2128289624261387,0
C001577,0.796757008105365,1.0,0.0,0.0,0.0,0.0,-0.0016295227149882177,1.0,-0.46410667241066167,-0.2128289624261387,0
C001578,0.836580243643473,1.0,1.0,0.0,0.0,0.0,0.9760841062779199,0.0,-0.46410667241066167,-0.2128289624261387,1
C001579,-0.5769103636326784,0.0,1.0,0.0,0.0,1.0,0.9760841062779199,0.0,-0.46410667241066167,-0.2128289624261387,0
C001580,0.3277798460624652,0.0,1.0,0.0,0.0,1.0,-0.0016295227149882177,0.0,-0.46410667241066167,-0.2128289624261387,1
C001581,1.0319483521068988,1.0,0.0,0.0,0.0,0.0,-0.9793431517078963,1.0,-0.46410667241066167,-0.2128289624261387,1
C001582,1.3950425584837691,1.0,0.0,0.0,0.0,0.0,1.953797735270828,1.0,2.1546770590601567,-0.2128289624261387,1
C001583,0.5606286467970516,1.0,0.0,0.0,0.0,0.0,1.953797735270828,1.0,2.1546770590601567,-0.2128289624261387,0
C001584,0.2645311778548816,0.0,0.0,1.0,0.0,1.0,-0.0016295227149882177,0.0,-0.46410667241066167,-0.2128289624261387,0
C001585,0.6220032803910776,1.0,0.0,1.0,0.0,0.0,-0.0016295227149882177,0.0,2.1546770590601567,-0.2128289624261387,1
C001586,-1.6708780692971843,0.0,1.0,0.0,1.0,0.0,-0.0016295227149882177,0.0,-0.46410667241066167,-0.2128289624261387,0
C001587,-2.0091413170444103,0.0,0.0,0.0,1.0,0.0,-0.9793431517078963,1.0,-0.46410667241066167,-0.2128289624261387,0
C001588,1.4142514132727388,1.0,1.0,0.0,0.0,0.0,-0.0016295227149882177,0.0,2.1546770590601567,-0.2128289624261387,1
C001589,-0.37404611671502064,0.0,1.0,0.0,0.0,1.0,-0.0016295227149882177,0.0,-0.46410667241066167,-0.2128289624261387,1
C001590,0.9743217877399896,1.0,0.0,1.0,0.0,0.0,-0.0016295227149882177,0.0,-0.46410667241066167,-0.2128289624261387,0
C001591,-0.03999944684829988,1.0,1.0,0.0,0.0,0.0,-0.9793431517078963,0.0,-0.46410667241066167,-0.2128289624261387,1
C001592,0.7756741187028369,1.0,1.0,0.0,0.0,0.0,-0.0016295227149882177,0.0,2.1546770590601567,-0.2128289624261387,0
C001593,-0.35671129653960854,0.0,1.0,0.0,0.0,1.0,-0.9793431517078963,0.0,2.1546770590601567,-0.2128289624261387,0
C001594,0.1616935284358845,1.0,0.0,0.0,0.0,0.0,-0.9793431517078963,1.0,-0.46410667241066167,4.698608632023215,0
C001595,-1.542038189615069,0.0,0.0,1.0,1.0,0.0,-0.9793431517078963,0.0,-0.46410667241066167,-0.2128289624261387,0
C001596,0.1616935284358845,0.0,0.0,0.0,0.0,1.0,-0.0016295227149882177,1.0,-0.46410667241066167,4.698608632023215,0
C001597,-1.5635895876709862,0.0,0.0,0.0,1.0,0.0,-0.9793431517078963,1.0,-0.46410667241066167,-0.2128289624261387,0
C001598,-1.439903303176156,0.0,1.0,0.0,1.0,0.0,-0.9793431517078963,0.0,-0.46410667241066167,-0.2128289624261387,0
C001599,1.3074314402999312,1.0,1.0,0.0,0.0,0.0,-0.0016295227149882177,0.0,-0.46410667241066167,-0.2128289624261387,1
C001600,0.6060739861758341,0.0,1.0,0.0,0.0,1.0,-0.0016295227149882177,0.0,-0.46410667241066167,-0.2128289624261387,0
C001601,0.3474572095048247,1.0,0.0,0.0,0.0,0.0,-0.0016295227149882177,1.0,2.1546770590601567,-0.2128289624261387,0
C001602,0.7620873677545414,1.0,1.0,0.0,0.0,0.0,-0.0016295227149882177,0.0,-0.46410667241066167,-0.2128289624261387,1
C001603,0.03964702422791662,0.0,1.0,0.0,0.0,1.0,1.953797735270828,0.0,-0.46410667241066167,-0.2128289624261387,1
C001604,0.2626571432413233,1.0,0.0,1.0,0.0,0.0,0.9760841062779199,0.0,-0.46410667241066167,-0.2128289624261387,0
C001605,0.2884251191777469,1.0,1.0,0.0,0.0,0.0,0.9760841062779199,0.0,-0.46410667241066167,-0.2128289624261387,1
C001606,-0.11121276216350555,0.0,0.0,0.0,0.0,1.0,-0.9793431517078963,1.0,-0.46410667241066167,-0.2128289624261387,0
C001607,0.37509922005480595,0.0,1.0,0.0,0.0,1.0,-0.0016295227149882177,0.0,2.1546770590601567,-0.2128289624261387,1
C001608,0.8970178599307201,1.0,0.0,1.0,0.0,0.0,-0.9793431517078963,0.0,-0.46410667241066167,-0.2128289624261387,0
C001609,-0.7155889250359734,0.0,1.0,0.0,0.0,1.0,-0.0016295227149882177,0.0,2.1546770590601567,-0.2128289624261387,0
C001610,0.8838996176358138,1.0,0.0,0.0,0.0,0.0,-0.0016295227149882177,1.0,-0.46410667241066167,-0.2128289624261387,0
C001611,-0.7502585653867972,0.0,0.0,1.0,0.0,1.0,-0.0016295227149882177,0.0,2.1546770590601567,-0.2128289624261387,0
C001612,0.2982638008989263,1.0,0.0,0.0,0.0,0.0,-0.0016295227149882177,1.0,-0.46410667241066167,-0.2128289624261387,0
C001613,0.5320496189402916,1.0,1.0,0.0,0.0,0.0,2.931511364263736,0.0,-0.46410667241066167,-0.2128289624261387,1
C001614,-1.6924294673531015,0.0,0.0,1.0,1.0,0.0,0.9760841062779199,0.0,-0.46410667241066167,-0.2128289624261387,0
C001615,-2.0091413170444103,0.0,0.0,1.0,1.0,0.0,-0.9793431517078963,0.0,-0.46410667241066167,-0.2128289624261387,0
C001616,0.4509976219039068,1.0,0.0,0.0,0.0,0.0,-0.0016295227149882177,1.0,-0.46410667241066167,-0.2128289624261387,0
C001617,1.8059246475063697,1.0,1.0,0.0,0.0,0.0,2.931511364263736,0.0,-0.46410667241066167,-0.2128289624261387,0
C001618,0.508155677617427,1.0,0.0,0.0,0.0,0.0,0.9760841062779199,1.0,-0.46410667241066167,-0.2128289624261387,0
C001619,-0.11542934004401097,0.0,0.0,1.0,0.0,1.0,-0.0016295227149882177,0.0,2.1546770590601567,-0.2128289624261387,0
C001620,0.04480061941520153,0.0,0.0,0.0,0.0,1.0,0.9760841062779199,1.0,-0.46410667241066167,-0.2128289624261387,1
C001621,0.5760894323589061,1.0,1.0,0.0,0.0,0.0,2.931511364263736,0.0,-0.46410667241066167,-0.2128289624261387,0
C001622,0.1616935284358845,0.0,0.0,1.0,1.0,0.0,1.953797735270828,0.0,-0.46410667241066167,4.698608632023215,0
C001623,0.1616935284358845,1.0,1.0,0.0,0.0,0.0,-0.9793431517078963,0.0,-0.46410667241066167,4.698608632023215,1
C001624,-1.6554172837353307,0.0,1.0,0.0,1.0,0.0,0.9760841062779199,0.0,-0.46410667241066167,-0.2128289624261387,0
C001625,-2.0091413170444103,0.0,0.0,1.0,1.0,0.0,1.953797735270828,0.0,2.1546770590601567,-0.2128289624261387,0
C001626,-0.11917740927112697,0.0,1.0,0.0,0.0,1.0,-0.9793431517078963,0.0,-0.46410667241066167,-0.2128289624261387,0
C001627,1.0942600030077037,1.0,1.0,0.0,0.0,0.0,-0.0016295227149882177,0.0,2.1546770590601567,-0.2128289624261387,0
C001628,0.5334551449004601,0.0,0.0,0.0,0.0,1.0,1.953797735270828,1.0,2.1546770590601567,-0.2128289624261387,0
C001629,0.4744230545733823,1.0,0.0,1.0,0.0,0.0,1.953797735270828,0.0,2.1546770590601567,-0.2128289624261387,0
C001630,-0.6054893914894385,0.0,0.0,1.0,0.0,1.0,-0.0016295227149882177,0.0,-0.46410667241066167,-0.2128289624261387,0
C001631,0.1616935284358845,1.0,1.0,0.0,0.0,0.0,0.9760841062779199,0.0,-0.46410667241066167,4.698608632023215,1
C001632,0.7897293783045221,1.0,1.0,0.0,0.0,0.0,-0.9793431517078963,0.0,-0.46410667241066167,-0.2128289624261387,1
C001633,0.4805136670674457,1.0,1.0,0.0,0.0,0.0,1.953797735270828,0.0,-0.46410667241066167,-0.2128289624261387,1
C001634,0.9551129329510192,1.0,1.0,0.0,0.0,0.0,1.953797735270828,0.0,-0.46410667241066167,-0.2128289624261387,0
C001635,-2.0091413170444103,0.0,1.0,0.0,1.0,0.0,-0.9793431517078963,0.0,-0.46410667241066167,-0.2128289624261387,0
C001636,0.9002974205044464,1.0,1.0,0.0,0.0,0.0,0.9760841062779199,0.0,-0.46410667241066167,-0.2128289624261387,0
C001637,0.9204432926001956,1.0,0.0,0.0,0.0,0.0,1.953797735270828,1.0,-0.46410667241066167,-0.2128289624261387,0
C001638,0.8370487522968628,1.0,1.0,0.0,0.0,0.0,-0.9793431517078963,0.0,-0.46410667241066167,-0.2128289624261387,1
C001639,-0.2419266764591788,0.0,1.0,0.0,0.0,1.0,1.953797735270828,0.0,-0.46410667241066167,-0.2128289624261387,1
C001640,-2.0091413170444103,0.0,0.0,1.0,1.0,0.0,-0.9793431517078963,0.0,-0.46410667241066167,-0.2128289624261387,0
C001641,0.7517801773799723,1.0,1.0,0.0,0.0,0.0,-0.9793431517078963,0.0,-0.46410667241066167,-0.2128289624261387,1
C001642,0.9686996838993153,1.0,1.0,0.0,0.0,0.0,1.953797735270828,0.0,-0.46410667241066167,-0.2128289624261387,1
C001643,1.2216943567296503,1.0,0.0,0.0,0.0,0.0,-0.0016295227149882177,1.0,-0.46410667241066167,-0.2128289624261387,1
C001644,-1.6938349933132701,0.0,1.0,0.0,1.0,0.0,-0.0016295227149882177,0.0,-0.46410667241066167,-0.2128289624261387,1
C001645,0.8885847041697086,1.0,1.0,0.0,0.0,0.0,-0.9793431517078963,0.0,-0.46410667241066167,-0.2128289624261387,1
C001646,0.41585947289969355,1.0,0.0,0.0,0.0,0.0,-0.9793431517078963,1.0,-0.46410667241066167,-0.2128289624261387,0
C001647,0.1616935284358845,1.0,1.0,0.0,0.0,0.0,-0.0016295227149882177,0.0,-0.46410667241066167,4.698608632023215,1
C001648,-0.5872175540072475,0.0,0.0,0.0,0.0,1.0,-0.0016295227149882177,1.0,-0.46410667241066167,-0.2128289624261387,0
C001649,0.49503743532252065,1.0,1.0,0.0,0.0,0.0,-0.9793431517078963,0.0,-0.46410667241066167,-0.2128289624261387,1
C001650,-2.0091413170444103,0.0,0.0,1.0,1.0,0.0,-0.0016295227149882177,0.0,-0.46410667241066167,-0.2128289624261387,0
C001651,-0.567540190564888,0.0,1.0,0.0,0.0,1.0,-0.0016295227149882177,0.0,-0.46410667241066167,-0.2128289624261387,0
C001652,-0.8448973133714781,0.0,0.0,1.0,0.0,1.0,-0.9793431517078963,0.0,2.1546770590601567,-0.2128289624261387,0
C001653,0.941057673349334,1.0,0.0,0.0,0.0,0.0,-0.0016295227149882177,1.0,-0.46410667241066167,-0.2128289624261387,0
C001654,-0.5469258098157498,0.0,0.0,1.0,0.0,1.0,-0.0016295227149882177,0.0,-0.46410667241066167,-0.2128289624261387,0
C001655,-1.564058096324376,0.0,1.0,0.0,1.0,0.0,-0.9793431517078963,0.0,-0.46410667241066167,-0.2128289624261387,0
C001656,-1.4726989089134215,0.0,1.0,0.0,1.0,0.0,-0.0016295227149882177,0.0,-0.46410667241066167,-0.2128289624261387,1
C001657,0.6060739861758341,1.0,1.0,0.0,0.0,0.0,-0.9793431517078963,0.0,-0.46410667241066167,-0.2128289624261387,1
C001658,1.2207573394228715,1.0,0.0,1.0,0.0,0.0,-0.0016295227149882177,0.0,2.1546770590601567,-0.2128289624261387,0
C001659,-0.21006808802869215,0.0,1.0,0.0,0.0,1.0,-0.0016295227149882177,0.0,-0.46410667241066167,-0.2128289624261387,0
C001660,1.2929076720448562,1.0,1.0,0.0,0.0,0.0,-0.0016295227149882177,0.0,-0.46410667241066167,-0.2128289624261387,0
C001661,1.1148743837568427,1.0,1.0,0.0,0.0,0.0,-0.0016295227149882177,0.0,-0.46410667241066167,-0.2128289624261387,1
C001662,0.6979016822401783,1.0,0.0,1.0,0.0,0.0,-0.9793431517078963,0.0,-0.46410667241066167,-0.2128289624261387,0
C001663,0.9246598704807014,1.0,1.0,0.0,0.0,0.0,-0.0016295227149882177,0.0,-0.46410667241066167,-0.2128289624261387,0
C001664,0.24719635767946954,0.0,1.0,0.0,0.0,1.0,-0.9793431517078963,0.0,-0.46410667241066167,-0.2128289624261387,0
C001665,1.5815090025327943,1.0,1.0,0.0,0.0,0.0,-0.9793431517078963,0.0,-0.46410667241066167,-0.2128289624261387,1
C001666,0.6997757168537361,1.0,0.0,0.0,0.0,0.0,2.931511364263736,1.0,-0.46410667241066167,-0.2128289624261387,1
C001667,0.6290309101919205,1.0,1.0,0.0,0.0,0.0,-0.0016295227149882177,0.0,-0.46410667241066167,-0.2128289624261387,1
C001668,0.1616935284358845,0.0,1.0,0.0,0.0,1.0,-0.9793431517078963,0.0,-0.46410667241066167,4.698608632023215,0
C001669,0.2045620702210243,1.0,1.0,0.0,0.0,0.0,-0.0016295227149882177,0.0,-0.46410667241066167,-0.2128289624261387,0
C001670,0.7714575408223311,1.0,1.0,0.0,0.0,0.0,0.9760841062779199,0.0,-0.46410667241066167,-0.2128289624261387,1
C001671,-1.1536445159551654,0.0,1.0,0.0,1.0,0.0,-0.0016295227149882177,0.0,-0.46410667241066167,-0.2128289624261387,0
C001672,-0.18757967266599548,0.0,0.0,0.0,0.0,1.0,0.9760841062779199,1.0,-0.46410667241066167,-0.2128289624261387,0
C001673,0.5376717227809659,1.0,0.0,1.0,0.0,0.0,-0.9793431517078963,0.0,-0.46410667241066167,-0.2128289624261387,1
C001674,0.8206509494282302,1.0,1.0,0.0,0.0,0.0,-0.9793431517078963,0.0,-0.46410667241066167,-0.2128289624261387,1
C001675,-2.0091413170444103,0.0,0.0,0.0,1.0,0.0,-0.0016295227149882177,1.0,-0.46410667241066167,-0.2128289624261387,0
C001676,0.8946753166637728,1.0,1.0,0.0,0.0,0.0,-0.0016295227149882177,0.0,-0.46410667241066167,-0.2128289624261387,1
C001677,0.3671345729471842,0.0,1.0,0.0,0.0,1.0,-0.0016295227149882177,0.0,-0.46410667241066167,-0.2128289624261387,0
C001678,-0.1983553716939544,0.0,0.0,0.0,0.0,1.0,-0.0016295227149882177,1.0,-0.46410667241066167,-0.2128289624261387,0
C001679,0.1616935284358845,0.0,1.0,0.0,0.0,1.0,0.9760841062779199,0.0,2.1546770590601567,4.698608632023215,0
C001680,0.37978430658870077,1.0,1.0,0.0,0.0,0.0,-0.0016295227149882177,0.0,-0.46410667241066167,-0.2128289624261387,1
C001681,0.11601393473040687,1.0,0.0,1.0,0.0,0.0,1.953797735270828,0.0,2.1546770590601567,-0.2128289624261387,0
C001682,0.6964961562800098,1.0,1.0,0.0,0.0,0.0,-0.0016295227149882177,0.0,-0.46410667241066167,-0.2128289624261387,1
C001683,-0.0638933881711648,0.0,0.0,1.0,0.0,1.0,2.931511364263736,0.0,-0.46410667241066167,-0.2128289624261387,0
C001684,-1.7561466442140752,0.0,1.0,0.0,1.0,0.0,-0.9793431517078963,0.0,-0.46410667241066167,-0.2128289624261387,0
C001685,0.1616935284358845,1.0,1.0,0.0,0.0,0.0,-0.9793431517078963,0.0,-0.46410667241066167,4.698608632023215,1
C001686,0.778485170623174,1.0,1.0,0.0,0.0,0.0,-0.0016295227149882177,0.0,-0.46410667241066167,-0.2128289624261387,1
C001687,-0.10980723620333697,0.0,0.0,1.0,0.0,1.0,-0.9793431517078963,0.0,-0.46410667241066167,-0.2128289624261387,0
C001688,-0.17820949959820548,0.0,0.0,0.0,0.0,1.0,-0.0016295227149882177,1.0,2.1546770590601567,-0.2128289624261387,1
C001689,0.5671877679445048,0.0,1.0,0.0,0.0,1.0,-0.0016295227149882177,0.0,-0.46410667241066167,-0.2128289624261387,0
C001690,1.3069629316465414,1.0,1.0,0.0,0.0,0.0,-0.9793431517078963,0.0,-0.46410667241066167,-0.2128289624261387,1
C001691,-1.9135655517529506,0.0,1.0,0.0,1.0,0.0,-0.9793431517078963,0.0,2.1546770590601567,-0.2128289624261387,0
C001692,-1.7570836615208543,0.0,1.0,0.0,1.0,0.0,-0.9793431517078963,0.0,-0.46410667241066167,-0.2128289624261387,1
C001693,0.13803384143971378,0.0,1.0,0.0,0.0,1.0,-0.0016295227149882177,0.0,-0.46410667241066167,-0.2128289624261387,1
C001694,1.2423087374787893,1.0,1.0,0.0,0.0,0.0,-0.9793431517078963,0.0,-0.46410667241066167,-0.2128289624261387,0
C001695,-0.43401522434887796,0.0,0.0,0.0,0.0,1.0,-0.0016295227149882177,1.0,-0.46410667241066167,-0.2128289624261387,0
C001696,0.025123255972842033,0.0,1.0,0.0,0.0,1.0,-0.9793431517078963,0.0,-0.46410667241066167,-0.2128289624261387,0
C001697,-1.6038813318624845,0.0,0.0,1.0,1.0,0.0,-0.0016295227149882177,0.0,-0.46410667241066167,-0.2128289624261387,0
C001698,0.07619069919229846,0.0,1.0,0.0,0.0,1.0,-0.9793431517078963,0.0,2.1546770590601567,-0.2128289624261387,1
C001699,-0.5623865953776035,0.0,1.0,0.0,0.0,1.0,0.9760841062779199,0.0,-0.46410667241066167,-0.2128289624261387,0
C001700,-0.6851358625656553,0.0,0.0,0.0,0.0,1.0,-0.0016295227149882177,1.0,-0.46410667241066167,-0.2128289624261387,0
C001701,0.8656277801536229,1.0,1.0,0.0,0.0,0.0,0.9760841062779199,0.0,2.1546770590601567,-0.2128289624261387,1
C001702,-2.0091413170444103,0.0,1.0,0.0,1.0,0.0,-0.0016295227149882177,0.0,-0.46410667241066167,-0.2128289624261387,1
C001703,0.1502150664278413,0.0,1.0,0.0,0.0,1.0,-0.9793431517078963,0.0,-0.46410667241066167,-0.2128289624261387,1
C001704,0.0176271175186097,0.0,1.0,0.0,0.0,1.0,-0.9793431517078963,0.0,-0.46410667241066167,-0.2128289624261387,0
C001705,0.3938395661903866,0.0,0.0,1.0,0.0,1.0,-0.9793431517078963,0.0,-0.46410667241066167,-0.2128289624261387,0
C001706,0.5559435602631568,1.0,1.0,0.0,0.0,0.0,1.953797735270828,0.0,-0.46410667241066167,-0.2128289624261387,1
C001707,-0.3623334003802829,0.0,0.0,0.0,0.0,1.0,-0.0016295227149882177,1.0,-0.46410667241066167,-0.2128289624261387,0
C001708,0.1616935284358845,1.0,1.0,0.0,0.0,0.0,-0.9793431517078963,0.0,-0.46410667241066167,4.698608632023215,1
C001709,-0.37264059075485206,1.0,0.0,0.0,0.0,0.0,-0.0016295227149882177,1.0,2.1546770590601567,-0.2128289624261387,0
C001710,0.4139854382861352,1.0,0.0,1.0,0.0,0.0,-0.0016295227149882177,0.0,-0.46410667241066167,-0.2128289624261387,1
C001711,-0.5666031732581093,0.0,1.0,0.0,0.0,1.0,-0.9793431517078963,0.0,-0.46410667241066167,-0.2128289624261387,0
C001712,0.461304812278476,0.0,1.0,0.0,0.0,1.0,-0.0016295227149882177,0.0,-0.46410667241066167,-0.2128289624261387,0
C001713,-1.7767610249632135,0.0,1.0,0.0,1.0,0.0,-0.9793431517078963,0.0,2.1546770590601567,-0.2128289624261387,0
C001714,0.7114884331884738,1.0,1.0,0.0,0.0,0.0,-0.0016295227149882177,0.0,-0.46410667241066167,-0.2128289624261387,0
C001715,-0.8833150229494179,0.0,1.0,0.0,0.0,1.0,-0.0016295227149882177,0.0,-0.46410667241066167,-0.2128289624261387,0
C001716,1.369743091200736,1.0,0.0,1.0,0.0,0.0,0.9760841062779199,0.0,-0.46410667241066167,-0.2128289624261387,0
C001717,-1.0355803353010087,0.0,0.0,1.0,0.0,1.0,0.9760841062779199,0.0,-0.46410667241066167,-0.2128289624261387,0
C001718,-0.563792121337772,0.0,1.0,0.0,0.0,1.0,-0.9793431517078963,0.0,-0.46410667241066167,-0.2128289624261387,0
C001719,0.8988918945442778,1.0,1.0,0.0,0.0,0.0,-0.9793431517078963,0.0,-0.46410667241066167,-0.2128289624261387,0
C001720,0.7363193918181179,1.0,1.0,0.0,0.0,0.0,-0.9793431517078963,0.0,2.1546770590601567,-0.2128289624261387,1
C001721,0.7817647311969003,1.0,0.0,1.0,0.0,0.0,0.9760841062779199,0.0,2.1546770590601567,-0.2128289624261387,0
C001722,-0.28737201583796124,0.0,0.0,0.0,0.0,1.0,-0.9793431517078963,1.0,-0.46410667241066167,-0.2128289624261387,0
C001723,-1.750524540373401,1.0,0.0,0.0,0.0,0.0,-0.0016295227149882177,1.0,2.1546770590601567,-0.2128289624261387,0
C001724,1.2451197893991257,1.0,1.0,0.0,0.0,0.0,-0.0016295227149882177,0.0,2.1546770590601567,-0.2128289624261387,1
C001725,1.5341896285404535,1.0,1.0,0.0,0.0,0.0,0.9760841062779199,0.0,2.1546770590601567,-0.2128289624261387,0
C001726,-0.4312041724285408,0.0,0.0,0.0,0.0,1.0,-0.0016295227149882177,1.0,-0.46410667241066167,-0.2128289624261387,0
C001727,-0.07045250931861798,1.0,1.0,0.0,0.0,0.0,0.9760841062779199,0.0,2.1546770590601567,-0.2128289624261387,1
C001728,-0.45697214836496375,0.0,1.0,0.0,0.0,1.0,-0.9793431517078963,0.0,-0.46410667241066167,-0.2128289624261387,0
C001729,-1.3668159532473922,0.0,1.0,0.0,1.0,0.0,-0.0016295227149882177,0.0,-0.46410667241066167,-0.2128289624261387,1
C001730,-0.45369258779123717,0.0,0.0,0.0,0.0,1.0,-0.0016295227149882177,1.0,-0.46410667241066167,-0.2128289624261387,0
C001731,-1.867183195067389,0.0,1.0,0.0,1.0,0.0,0.9760841062779199,0.0,-0.46410667241066167,-0.2128289624261387,0
C001732,1.0549052761229851,1.0,1.0,0.0,0.0,0.0,-0.0016295227149882177,0.0,-0.46410667241066167,-0.2128289624261387,1
C001733,0.34324063162431895,0.0,1.0,0.0,0.0,1.0,-0.9793431517078963,0.0,-0.46410667241066167,-0.2128289624261387,0
C001734,-0.3937234801573801,0.0,0.0,0.0,0.0,1.0,0.9760841062779199,1.0,-0.46410667241066167,-0.2128289624261387,1
C001735,-0.2095995793753027,0.0,1.0,0.0,0.0,1.0,-0.0016295227149882177,0.0,-0.46410667241066167,-0.2128289624261387,0
C001736,0.8300211224960199,1.0,0.0,0.0,0.0,0.0,-0.0016295227149882177,1.0,-0.46410667241066167,-0.2128289624261387,1
C001737,1.1898357682991638,1.0,1.0,0.0,0.0,0.0,-0.9793431517078963,0.0,-0.46410667241066167,-0.2128289624261387,1
C001738,0.32496879414212804,0.0,1.0,0.0,0.0,1.0,-0.9793431517078963,0.0,-0.46410667241066167,-0.2128289624261387,0
C001739,1.7899953532911264,1.0,1.0,0.0,0.0,0.0,-0.9793431517078963,0.0,2.1546770590601567,-0.2128289624261387,1
C001740,-0.07420057854573431,0.0,1.0,0.0,0.0,1.0,2.931511364263736,0.0,-0.46410667241066167,-0.2128289624261387,0
C001741,-0.791487326885074,0.0,0.0,1.0,0.0,1.0,-0.0016295227149882177,0.0,-0.46410667241066167,-0.2128289624261387,0
C001742,-1.7092957788751242,0.0,0.0,0.0,1.0,0.0,-0.0016295227149882177,1.0,-0.46410667241066167,-0.2128289624261387,0
C001743,-2.0091413170444103,0.0,0.0,0.0,1.0,0.0,-0.9793431517078963,1.0,-0.46410667241066167,-0.2128289624261387,0
C001744,-1.5579674838303126,0.0,0.0,1.0,0.0,1.0,-0.9793431517078963,0.0,-0.46410667241066167,-0.2128289624261387,0
C001745,-2.0091413170444103,0.0,1.0,0.0,1.0,0.0,-0.9793431517078963,0.0,2.1546770590601567,-0.2128289624261387,0
C001746,-0.3061123619735416,0.0,0.0,0.0,0.0,1.0,-0.0016295227149882177,1.0,2.1546770590601567,-0.2128289624261387,0
C001747,-0.6668640250834644,0.0,0.0,0.0,0.0,1.0,-0.0016295227149882177,1.0,-0.46410667241066167,-0.2128289624261387,0
C001748,1.3669320392803987,1.0,0.0,0.0,0.0,0.0,-0.0016295227149882177,1.0,-0.46410667241066167,-0.2128289624261387,0
C001749,0.26172012593454447,0.0,0.0,1.0,0.0,1.0,3.909224993256644,0.0,2.1546770590601567,-0.2128289624261387,1
C001750,1.2474623326660739,1.0,1.0,0.0,0.0,0.0,-0.0016295227149882177,0.0,-0.46410667241066167,-0.2128289624261387,0
C001751,0.8028476205994284,1.0,1.0,0.0,0.0,0.0,-0.0016295227149882177,0.0,2.1546770590601567,-0.2128289624261387,1
C001752,-0.6696750770038012,0.0,0.0,1.0,0.0,1.0,-0.9793431517078963,0.0,-0.46410667241066167,-0.2128289624261387,0
C001753,-0.14869345443466622,0.0,1.0,0.0,0.0,1.0,0.9760841062779199,0.0,-0.46410667241066167,-0.2128289624261387,1
C001754,1.4254956209540874,1.0,0.0,1.0,0.0,0.0,-0.9793431517078963,0.0,-0.46410667241066167,-0.2128289624261387,0
C001755,-2.0091413170444103,0.0,1.0,0.0,1.0,0.0,2.931511364263736,0.0,-0.46410667241066167,-0.2128289624261387,0
C001756,-0.4307356637751514,0.0,1.0,0.0,0.0,1.0,-0.0016295227149882177,0.0,-0.46410667241066167,-0.2128289624261387,0
C001757,0.8112807763604399,1.0,0.0,1.0,0.0,0.0,-0.9793431517078963,0.0,2.1546770590601567,-0.2128289624261387,1
C001758,-0.06295637086438596,0.0,1.0,0.0,0.0,1.0,0.9760841062779199,0.0,-0.46410667241066167,-0.2128289624261387,0
C001759,0.5573490862233254,1.0,1.0,0.0,0.0,0.0,0.9760841062779199,0.0,-0.46410667241066167,-0.2128289624261387,0
C001760,-0.26300956586170654,0.0,1.0,0.0,0.0,1.0,-0.9793431517078963,0.0,-0.46410667241066167,-0.2128289624261387,1
C001761,0.9836919608077792,1.0,1.0,0.0,0.0,0.0,-0.9793431517078963,0.0,-0.46410667241066167,-0.2128289624261387,0
C001762,0.39852465272428145,1.0,0.0,1.0,0.0,0.0,0.9760841062779199,0.0,-0.46410667241066167,-0.2128289624261387,0
C001763,0.1616935284358845,1.0,0.0,1.0,0.0,0.0,-0.0016295227149882177,0.0,-0.46410667241066167,4.698608632023215,0
C001764,-0.24380071107273682,0.0,1.0,0.0,0.0,1.0,-0.0016295227149882177,0.0,-0.46410667241066167,-0.2128289624261387,0
C001765,0.36666606429379445,0.0,1.0,0.0,0.0,1.0,-0.0016295227149882177,0.0,-0.46410667241066167,-0.2128289624261387,0
C001766,0.7058663293478001,1.0,0.0,1.0,0.0,0.0,-0.0016295227149882177,0.0,-0.46410667241066167,-0.2128289624261387,0
C001767,0.28139748937690395,0.0,1.0,0.0,0.0,1.0,-0.0016295227149882177,0.0,-0.46410667241066167,-0.2128289624261387,0
C001768,-0.3838847984362004,0.0,1.0,0.0,0.0,1.0,-0.9793431517078963,0.0,-0.46410667241066167,-0.2128289624261387,0
C001769,1.154229110641561,1.0,1.0,0.0,0.0,0.0,0.9760841062779199,0.0,-0.46410667241066167,-0.2128289624261387,0
C001770,-1.3860248080363622,0.0,0.0,1.0,0.0,1.0,-0.9793431517078963,0.0,2.1546770590601567,-0.2128289624261387,0
C001771,-0.3843533070895898,0.0,1.0,0.0,0.0,1.0,-0.9793431517078963,0.0,-0.46410667241066167,-0.2128289624261387,0
C001772,0.1616935284358845,0.0,1.0,0.0,1.0,0.0,-0.9793431517078963,0.0,2.1546770590601567,4.698608632023215,0
C001773,1.4292436901812036,1.0,1.0,0.0,0.0,0.0,-0.0016295227149882177,0.0,-0.46410667241066167,-0.2128289624261387,1
C001774,-1.556561957870144,0.0,1.0,0.0,1.0,0.0,2.931511364263736,0.0,-0.46410667241066167,-0.2128289624261387,0
C001775,0.9827549435010003,1.0,0.0,0.0,0.0,0.0,-0.0016295227149882177,1.0,-0.46410667241066167,-0.2128289624261387,0
C001776,0.29592125763197885,1.0,1.0,0.0,0.0,0.0,0.9760841062779199,0.0,2.1546770590601567,-0.2128289624261387,1
C001777,-0.15103599770161397,0.0,0.0,0.0,0.0,1.0,-0.9793431517078963,1.0,-0.46410667241066167,-0.2128289624261387,0
C001778,0.7082088726147475,1.0,1.0,0.0,0.0,0.0,-0.9793431517078963,0.0,-0.46410667241066167,-0.2128289624261387,0
C001779,-0.7942983788054111,0.0,0.0,0.0,0.0,1.0,0.9760841062779199,1.0,-0.46410667241066167,-0.2128289624261387,0
C001780,1.0764566741789023,1.0,1.0,0.0,0.0,0.0,-0.0016295227149882177,0.0,-0.46410667241066167,-0.2128289624261387,1
C001781,-1.2857639562110073,0.0,1.0,0.0,1.0,0.0,-0.9793431517078963,0.0,-0.46410667241066167,-0.2128289624261387,0
C001782,-0.32485270810912187,0.0,1.0,0.0,0.0,1.0,-0.0016295227149882177,0.0,-0.46410667241066167,-0.2128289624261387,0
C001783,1.3421010806507547,1.0,1.0,0.0,0.0,0.0,-0.9793431517078963,0.0,-0.46410667241066167,-0.2128289624261387,0
C001784,-0.05405470644998538,0.0,1.0,0.0,0.0,1.0,0.9760841062779199,0.0,-0.46410667241066167,-0.2128289624261387,0
C001785,0.9907195906086221,1.0,1.0,0.0,0.0,0.0,2.931511364263736,0.0,-0.46410667241066167,-0.2128289624261387,0
C001786,-0.5459887925089709,0.0,0.0,0.0,0.0,1.0,0.9760841062779199,1.0,-0.46410667241066167,-0.2128289624261387,0
C001787,0.10711227031600629,0.0,0.0,0.0,0.0,1.0,0.9760841062779199,1.0,-0.46410667241066167,-0.2128289624261387,0
C001788,-0.8819094969892494,0.0,0.0,0.0,0.0,1.0,-0.0016295227149882177,1.0,-0.46410667241066167,-0.2128289624261387,0
C001789,0.1616935284358845,1.0,1.0,0.0,0.0,0.0,-0.9793431517078963,0.0,-0.46410667241066167,4.698608632023215,1
C001790,0.742410004312182,1.0,1.0,0.0,0.0,0.0,-0.9793431517078963,0.0,-0.46410667241066167,-0.2128289624261387,0
C001791,-0.5061655569708625,0.0,0.0,0.0,0.0,1.0,-0.9793431517078963,1.0,-0.46410667241066167,-0.2128289624261387,0
C001792,-0.2405211504990102,0.0,1.0,0.0,0.0,1.0,0.9760841062779199,0.0,-0.46410667241066167,-0.2128289624261387,1
C001793,-0.5792529068996258,0.0,1.0,0.0,0.0,1.0,-0.0016295227149882177,0.0,-0.46410667241066167,-0.2128289624261387,0
C001794,1.3973851017507164,1.0,0.0,1.0,0.0,0.0,-0.0016295227149882177,0.0,2.1546770590601567,-0.2128289624261387,0
C001795,0.3811898325488694,1.0,0.0,1.0,0.0,0.0,0.9760841062779199,0.0,-0.46410667241066167,-0.2128289624261387,0
C001796,1.8059246475063697,1.0,0.0,0.0,0.0,0.0,1.953797735270828,1.0,-0.46410667241066167,-0.2128289624261387,0
C001797,0.6899370351325567,1.0,0.0,1.0,0.0,0.0,0.9760841062779199,0.0,2.1546770590601567,-0.2128289624261387,0
C001798,-2.0091413170444103,0.0,0.0,0.0,1.0,0.0,0.9760841062779199,1.0,-0.46410667241066167,-0.2128289624261387,0
C001799,-0.5183467819589896,0.0,1.0,0.0,0.0,1.0,-0.9793431517078963,0.0,-0.46410667241066167,-0.2128289624261387,0
C001800,0.5090926949242058,1.0,0.0,1.0,0.0,0.0,-0.0016295227149882177,0.0,-0.46410667241066167,-0.2128289624261387,0
